	0	1	2	3	4	5	6	7	8	9	10	11	12	13	14	15	16	17	18	19	20	21	22	23	24	25	26	27	28	29	30	31	32	33	34	35	36	37	38	39	40	41	42	43	44	45	46	47	48	49	50	51	52	53	54	55	56	57	58	59	60	61	62	63	64	65	66	67	68	69	70	71	72	73	74	75	76	77	78	79	80	81	82	83	84	85	86	87	88	89	90	91	92	93	94	95	96	97	98	99	100	101	102	103	104	105	106	107	108	109	110	111	112	113	114	115	116	117	118	119	120	121	122	123	124	125	126	127	128	129	130	131	132	133	134	135	136	137	138	139	140	141	142	143	144	145	146	147	148	149	150	151	152	153	154	155	156	157	158	159	160	161	162	163	164	165	166	167	168	169	170	171	172	173	174	175	176	177	178	179	180	181	182	183	184	185	186	187	188	189	190	191	192	193	194	195	196	197	198	199	200	201	202	203	204	205	206	207	208	209	210	211	212	213	214	215	216	217	218	219	220	221	222	223	224	225	226	227	228	229	230	231	232	233	234	235	236	237	238	239	240	241	242	243	244	245	246	247	248	249	250	251	252	253	254	255	256	257	258	259	260	261	262	263	264	265	266	267	268	269	270	271	272	273	274	275	276	277	278	279	280	281	282	283	284	285	286	287	288	289	290	291	292	293	294	295	296	297	298	299	300	301	302	303	304	305	306	307	308	309	310	311	312	313	314	315	316	317	318	319	320	321	322	323	324	325	326	327	328	329	330	331	332	333	334	335	336	337	338	339	340	341	342	343	344	345	346	347	348	349	350	351	352	353	354	355	356	357	358	359	
-52.0	2.1670756	2.144684	2.1222463	2.0997702	2.0772633	2.0547335	2.0321883	2.0096355	1.9870829	1.964538	1.9420085	1.9195022	1.8970265	1.8745892	1.8521977	1.8298596	1.8075824	1.7853734	1.7632401	1.7411897	1.7192295	1.6973666	1.6756082	1.6539613	1.6324329	1.6110297	1.5897585	1.568626	1.5476387	1.5268031	1.5061256	1.4856123	1.4652694	1.4451029	1.4251186	1.4053223	1.3857195	1.3663158	1.3471164	1.3281266	1.3093515	1.2907958	1.2724644	1.2543619	1.2364927	1.2188611	1.2014713	1.1843273	1.167433	1.1507919	1.1344077	1.1182837	1.1024232	1.0868291	1.0715045	1.0564521	1.0416745	1.0271742	1.0129534	0.9990144	0.98535918	0.97198964	0.95890755	0.94611451	0.93361202	0.92140146	0.90948406	0.89786096	0.88653317	0.87550159	0.86476702	0.85433018	0.84419166	0.83435198	0.82481158	0.81557081	0.80662995	0.79798921	0.78964876	0.78160868	0.77386901	0.76642977	0.7592909	0.75245233	0.74591396	0.73967567	0.73373731	0.72809873	0.72275977	0.71772027	0.71298007	0.70853904	0.70439702	0.70055391	0.69700961	0.69376405	0.6908172	0.68816906	0.68581966	0.68376908	0.68201742	0.68056487	0.67941162	0.67855794	0.67800414	0.67775058	0.67779767	0.6781459	0.67879578	0.67974788	0.68100283	0.68256131	0.68442404	0.68659181	0.68906543	0.69184577	0.69493372	0.69833024	0.70203628	0.70605286	0.710381	0.71502175	0.71997616	0.72524532	0.7308303	0.73673217	0.742952	0.74949084	0.75634973	0.76352968	0.77103165	0.77885658	0.78700535	0.79547879	0.80427767	0.81340268	0.82285444	0.83263347	0.84274023	0.85317505	0.86393815	0.87502966	0.88644957	0.89819773	0.91027388	0.92267759	0.9354083	0.94846527	0.96184761	0.97555426	0.98958398	1.0039354	1.0186068	1.0335964	1.0489023	1.0645222	1.0804538	1.0966943	1.1132411	1.130091	1.1472407	1.1646869	1.1824257	1.2004533	1.2187655	1.2373579	1.2562259	1.2753647	1.2947691	1.314434	1.3343539	1.3545229	1.3749352	1.3955846	1.4164647	1.4375689	1.4588905	1.4804225	1.5021577	1.5240887	1.546208	1.5685078	1.5909802	1.6136172	1.6364104	1.6593515	1.682432	1.7056431	1.7289761	1.752422	1.7759717	1.799616	1.8233457	1.8471514	1.8710237	1.8949529	1.9189295	1.9429439	1.9669862	1.9910468	2.0151159	2.0391835	2.0632399	2.0872752	2.1112795	2.135243	2.1591559	2.1830083	2.2067905	2.2304926	2.254105	2.2776181	2.3010222	2.3243079	2.3474656	2.370486	2.3933598	2.4160779	2.4386311	2.4610105	2.4832072	2.5052124	2.5270176	2.5486142	2.5699938	2.5911482	2.6120694	2.6327493	2.6531802	2.6733544	2.6932644	2.7129029	2.7322628	2.7513369	2.7701186	2.788601	2.8067777	2.8246424	2.8421888	2.8594111	2.8763033	2.8928599	2.9090754	2.9249445	2.9404622	2.9556234	2.9704234	2.9848577	2.9989218	3.0126116	3.025923	3.0388521	3.0513952	3.0635488	3.0753095	3.0866742	3.0976398	3.1082034	3.1183625	3.1281144	3.1374569	3.1463876	3.1549046	3.163006	3.17069	3.177955	3.1847997	3.1912228	3.1972231	3.2027996	3.2079514	3.212678	3.2169786	3.220853	3.2243007	3.2273216	3.2299157	3.2320831	3.2338241	3.2351388	3.2360279	3.236492	3.2365317	3.2361478	3.2353414	3.2341136	3.2324654	3.2303982	3.2279134	3.2250126	3.2216973	3.2179693	3.2138305	3.2092827	3.2043282	3.1989689	3.1932073	3.1870457	3.1804865	3.1735323	3.1661859	3.1584499	3.1503273	3.1418211	3.1329344	3.1236703	3.1140321	3.1040231	3.093647	3.0829072	3.0718075	3.0603515	3.0485433	3.0363866	3.0238858	3.0110448	2.9978679	2.9843596	2.9705243	2.9563665	2.9418909	2.9271023	2.9120054	2.8966053	2.880907	2.8649156	2.8486363	2.8320745	2.8152356	2.7981252	2.7807487	2.763112	2.7452208	2.7270809	2.7086985	2.6900794	2.6712299	2.6521563	2.6328647	2.6133617	2.5936537	2.5737473	2.5536492	2.5333659	2.5129044	2.4922715	2.4714742	2.4505194	2.4294143	2.4081659	2.3867815	2.3652682	2.3436336	2.3218848	2.3000293	2.2780745	2.256028	2.2338973	2.2116899	2.1894135
-51.0	2.3342824	2.3110218	2.2877078	2.2643483	2.2409512	2.2175242	2.1940754	2.1706127	2.1471439	2.1236769	2.1002196	2.07678	2.0533658	2.029985	2.0066452	1.9833544	1.9601201	1.9369502	1.9138523	1.890834	1.8679027	1.8450661	1.8223314	1.799706	1.7771973	1.7548123	1.7325581	1.7104418	1.6884703	1.6666503	1.6449885	1.6234916	1.6021659	1.5810179	1.5600538	1.5392798	1.5187017	1.4983254	1.4781567	1.4582011	1.438464	1.4189508	1.3996667	1.3806165	1.3618051	1.3432374	1.3249177	1.3068505	1.28904	1.2714903	1.2542054	1.237189	1.2204448	1.2039761	1.1877863	1.1718785	1.1562558	1.140921	1.1258768	1.1111257	1.0966702	1.0825125	1.0686548	1.055099	1.041847	1.0289005	1.0162611	1.0039303	0.99190945	0.9801998	0.96880247	0.95771851	0.94694883	0.93649429	0.92635561	0.91653346	0.90702843	0.89784101	0.88897166	0.88042074	0.87218858	0.86427544	0.85668154	0.84940706	0.84245215	0.83581692	0.82950147	0.82350586	0.81783015	0.8124744	0.80743865	0.80272294	0.79832734	0.79425191	0.79049671	0.78706186	0.78394746	0.78115367	0.77868066	0.77652862	0.77469782	0.77318851	0.77200101	0.77113569	0.77059294	0.7703732	0.77047696	0.77090474	0.77165712	0.77273471	0.77413818	0.77586821	0.77792556	0.78031099	0.78302532	0.7860694	0.78944409	0.7931503	0.79718894	0.80156097	0.80626734	0.811309	0.81668694	0.8224021	0.82845546	0.83484796	0.84158052	0.84865406	0.85606943	0.86382747	0.87192896	0.88037464	0.88916518	0.89830118	0.90778317	0.9176116	0.92778682	0.93830909	0.94917857	0.96039529	0.97195918	0.98387003	0.9961275	1.0087311	1.0216802	1.034974	1.0486116	1.0625918	1.0769133	1.0915747	1.1065742	1.1219101	1.1375803	1.1535825	1.1699142	1.1865728	1.2035554	1.2208588	1.2384797	1.2564146	1.2746597	1.293211	1.3120641	1.3312147	1.3506581	1.3703893	1.3904031	1.4106941	1.4312568	1.4520852	1.4731733	1.4945148	1.5161031	1.5379316	1.5599933	1.5822809	1.6047872	1.6275046	1.6504253	1.6735414	1.6968448	1.7203271	1.7439798	1.7677944	1.7917619	1.8158736	1.8401202	1.8644926	1.8889813	1.913577	1.9382701	1.9630508	1.9879094	2.012836	2.0378206	2.0628534	2.0879242	2.1130228	2.1381392	2.1632631	2.1883844	2.2134927	2.238578	2.2636298	2.2886381	2.3135926	2.3384831	2.3632995	2.3880317	2.4126696	2.4372034	2.4616229	2.4859185	2.5100804	2.5340988	2.5579642	2.5816671	2.6051982	2.6285482	2.651708	2.6746685	2.6974209	2.7199564	2.7422665	2.7643426	2.7861765	2.8077601	2.8290853	2.8501442	2.8709293	2.8914329	2.9116479	2.931567	2.9511832	2.9704897	2.9894798	3.0081472	3.0264856	3.0444888	3.062151	3.0794664	3.0964294	3.1130348	3.1292774	3.1451521	3.1606542	3.1757789	3.190522	3.2048792	3.2188462	3.2324194	3.2455949	3.2583691	3.2707388	3.2827007	3.2942519	3.3053894	3.3161105	3.3264128	3.3362939	3.3457517	3.354784	3.363389	3.371565	3.3793104	3.3866239	3.3935041	3.39995	3.4059606	3.411535	3.4166726	3.4213728	3.4256353	3.4294596	3.4328458	3.4357937	3.4383035	3.4403755	3.4420099	3.4432073	3.4439682	3.4442935	3.4441839	3.4436403	3.4426639	3.4412558	3.4394174	3.4371499	3.4344549	3.4313341	3.4277891	3.4238217	3.4194339	3.4146277	3.4094052	3.4037686	3.3977203	3.3912627	3.3843983	3.3771297	3.3694596	3.361391	3.3529266	3.3440694	3.3348227	3.3251895	3.3151732	3.3047772	3.2940049	3.28286	3.271346	3.2594669	3.2472264	3.2346285	3.2216773	3.2083769	3.1947317	3.1807459	3.1664239	3.1517704	3.1367899	3.1214873	3.1058673	3.0899348	3.0736949	3.0571527	3.0403134	3.0231824	3.005765	2.9880667	2.9700932	2.9518501	2.9333432	2.9145784	2.8955617	2.8762991	2.8567968	2.837061	2.817098	2.7969144	2.7765165	2.755911	2.7351045	2.7141039	2.6929159	2.6715475	2.6500056	2.6282973	2.6064298	2.5844103	2.562246	2.5399442	2.5175124	2.494958	2.4722886	2.4495117	2.4266348	2.4036658	2.3806122	2.3574818
-50.0	2.5083456	2.4842488	2.4600911	2.4358806	2.4116252	2.387333	2.3630121	2.3386706	2.3143166	2.2899581	2.2656032	2.2412601	2.2169369	2.1926415	2.1683821	2.1441666	2.1200032	2.0958996	2.0718639	2.0479038	2.0240274	2.0002422	1.976556	1.9529765	1.9295111	1.9061675	1.8829531	1.8598751	1.8369407	1.8141573	1.7915317	1.7690709	1.7467818	1.7246711	1.7027454	1.6810111	1.6594747	1.6381423	1.6170202	1.5961141	1.57543	1.5549735	1.5347503	1.5147656	1.4950248	1.4755329	1.4562949	1.4373156	1.4185997	1.4001516	1.3819757	1.3640761	1.3464569	1.329122	1.3120749	1.2953194	1.2788589	1.2626964	1.2468353	1.2312783	1.2160283	1.2010881	1.18646	1.1721464	1.1581496	1.1444717	1.1311147	1.1180804	1.1053705	1.0929866	1.0809303	1.0692029	1.0578056	1.0467397	1.0360062	1.0256061	1.0155403	1.0058097	0.99641496	0.98735676	0.97863573	0.97025243	0.96220735	0.95450094	0.94713363	0.94010577	0.93341771	0.92706977	0.92106223	0.91539538	0.91006948	0.90508479	0.90044155	0.89614003	0.89218049	0.8885632	0.88528845	0.88235654	0.87976779	0.87752255	0.87562118	0.87406408	0.87285168	0.87198444	0.87146285	0.87128742	0.87145872	0.87197733	0.87284387	0.87405901	0.87562342	0.87753783	0.87980299	0.88241965	0.88538863	0.88871074	0.89238681	0.89641771	0.90080428	0.9055474	0.91064794	0.91610676	0.92192472	0.92810268	0.93464144	0.94154183	0.94880459	0.95643047	0.96442015	0.97277426	0.98149338	0.99057801	1.0000286	1.0098455	1.020029	1.0305792	1.0414962	1.0527801	1.0644305	1.0764473	1.08883	1.101578	1.1146907	1.1281672	1.1420064	1.1562072	1.1707682	1.1856879	1.2009645	1.2165961	1.2325806	1.2489157	1.2655988	1.2826271	1.2999977	1.3177074	1.3357529	1.3541304	1.3728361	1.3918659	1.4112154	1.4308802	1.4508553	1.4711358	1.4917163	1.5125914	1.5337553	1.555202	1.5769254	1.5989189	1.6211759	1.6436895	1.6664526	1.6894578	1.7126976	1.7361643	1.7598498	1.7837461	1.8078447	1.8321373	1.8566149	1.8812688	1.90609	1.9310691	1.9561968	1.9814637	2.0068601	2.0323762	2.0580021	2.083728	2.1095435	2.1354387	2.1614032	2.1874266	2.2134986	2.2396086	2.2657463	2.2919009	2.318062	2.344219	2.3703612	2.396478	2.4225588	2.4485931	2.4745702	2.5004797	2.526311	2.5520537	2.5776975	2.603232	2.628647	2.6539323	2.6790779	2.7040737	2.72891	2.753577	2.778065	2.8023645	2.8264661	2.8503606	2.8740388	2.8974918	2.9207108	2.9436871	2.9664121	2.9888776	3.0110753	3.0329973	3.0546357	3.0759829	3.0970313	3.1177737	3.138203	3.1583121	3.1780945	3.1975434	3.2166526	3.2354158	3.2538272	3.2718808	3.2895711	3.3068926	3.3238402	3.3404088	3.3565935	3.3723898	3.3877931	3.4027992	3.417404	3.4316035	3.4453941	3.4587722	3.4717345	3.4842777	3.4963989	3.5080953	3.5193641	3.5302029	3.5406093	3.5505813	3.5601167	3.5692138	3.5778709	3.5860865	3.5938592	3.6011877	3.608071	3.6145082	3.6204985	3.6260412	3.6311359	3.6357821	3.6399796	3.6437283	3.6470282	3.6498795	3.6522824	3.6542373	3.6557448	3.6568053	3.6574198	3.6575889	3.6573138	3.6565954	3.655435	3.6538337	3.6517931	3.6493146	3.6463998	3.6430503	3.6392681	3.6350549	3.6304129	3.6253439	3.6198503	3.6139344	3.6075984	3.6008449	3.5936764	3.5860956	3.5781052	3.5697081	3.5609071	3.5517054	3.5421059	3.532112	3.5217269	3.510954	3.4997968	3.4882588	3.4763437	3.4640554	3.4513975	3.4383741	3.4249892	3.4112469	3.3971515	3.3827073	3.3679186	3.35279	3.3373261	3.3215316	3.3054113	3.28897	3.2722128	3.2551447	3.237771	3.2200968	3.2021276	3.1838688	3.165326	3.1465049	3.1274112	3.1080507	3.0884295	3.0685535	3.0484289	3.0280619	3.0074588	2.9866262	2.9655703	2.944298	2.9228157	2.9011304	2.8792488	2.8571779	2.8349248	2.8124964	2.7899	2.7671429	2.7442323	2.7211757	2.6979805	2.6746542	2.6512045	2.6276389	2.6039653	2.5801913	2.5563248	2.5323736
-49.0	2.6891169	2.6642215	2.6392577	2.6142334	2.5891569	2.5640364	2.5388801	2.5136961	2.4884929	2.4632787	2.4380617	2.4128502	2.3876526	2.3624771	2.3373319	2.3122254	2.2871658	2.2621612	2.2372199	2.2123499	2.1875594	2.1628565	2.1382491	2.1137451	2.0893524	2.0650789	2.0409323	2.0169202	1.9930501	1.9693297	1.9457662	1.922367	1.8991392	1.8760899	1.8532262	1.8305548	1.8080825	1.785816	1.7637616	1.7419258	1.7203148	1.6989347	1.6777914	1.6568907	1.6362383	1.6158397	1.5957003	1.5758253	1.5562197	1.5368884	1.5178363	1.4990678	1.4805875	1.4623996	1.4445083	1.4269175	1.409631	1.3926526	1.3759857	1.3596337	1.3435997	1.327887	1.3124983	1.2974364	1.2827041	1.2683037	1.2542376	1.2405082	1.2271174	1.2140673	1.2013597	1.1889964	1.176979	1.165309	1.1539879	1.1430169	1.1323975	1.1221306	1.1122173	1.1026588	1.0934558	1.0846093	1.07612	1.0679887	1.060216	1.0528027	1.0457494	1.0390565	1.0327247	1.0267544	1.0211462	1.0159005	1.0110179	1.0064987	1.0023435	0.99855262	0.99512661	0.99206593	0.98937104	0.98704244	0.98508064	0.98348616	0.98225954	0.98140135	0.98091216	0.98079259	0.98104326	0.98166482	0.98265794	0.98402332	0.98576166	0.98787371	0.99036021	0.99322193	0.99645963	1.0000741	1.0040661	1.0084365	1.0131861	1.0183155	1.0238257	1.0297173	1.0359911	1.0426478	1.0496881	1.0571126	1.0649219	1.0731165	1.0816969	1.0906636	1.1000169	1.109757	1.1198841	1.1303983	1.1412997	1.1525879	1.1642629	1.1763243	1.1887714	1.2016038	1.2148206	1.2284209	1.2424036	1.2567673	1.2715108	1.2866323	1.3021301	1.3180021	1.3342462	1.3508599	1.3678406	1.3851856	1.4028917	1.4209557	1.4393741	1.4581433	1.4772591	1.4967175	1.516514	1.5366439	1.5571024	1.5778842	1.598984	1.6203962	1.6421149	1.664134	1.6864471	1.7090476	1.7319288	1.7550835	1.7785044	1.8021842	1.826115	1.8502889	1.8746977	1.8993331	1.9241865	1.9492493	1.9745123	1.9999665	2.0256026	2.0514112	2.0773825	2.1035069	2.1297744	2.156175	2.1826984	2.2093345	2.2360726	2.2629025	2.2898134	2.3167947	2.3438356	2.3709254	2.3980531	2.4252078	2.4523786	2.4795546	2.5067247	2.533878	2.5610034	2.58809	2.6151268	2.642103	2.6690076	2.6958298	2.7225589	2.749184	2.7756947	2.8020803	2.8283304	2.8544345	2.8803826	2.9061643	2.9317697	2.9571889	2.9824121	3.0074296	3.032232	3.05681	3.0811542	3.1052558	3.1291059	3.1526956	3.1760166	3.1990605	3.2218191	3.2442844	3.2664487	3.2883042	3.3098436	3.3310597	3.3519453	3.3724938	3.3926984	3.4125526	3.4320503	3.4511854	3.469952	3.4883445	3.5063574	3.5239855	3.5412237	3.5580672	3.5745113	3.5905515	3.6061836	3.6214035	3.6362072	3.6505912	3.6645518	3.6780858	3.69119	3.7038613	3.7160972	3.7278948	3.7392518	3.7501659	3.760635	3.7706571	3.7802305	3.7893536	3.7980248	3.8062429	3.8140067	3.8213152	3.8281676	3.834563	3.8405009	3.8459809	3.8510026	3.8555659	3.8596707	3.863317	3.8665051	3.8692352	3.8715078	3.8733234	3.8746828	3.8755865	3.8760356	3.8760311	3.8755739	3.8746653	3.8733066	3.8714992	3.8692447	3.8665444	3.8634003	3.859814	3.8557874	3.8513225	3.8464213	3.8410861	3.8353189	3.8291223	3.8224985	3.81545	3.8079796	3.8000898	3.7917834	3.7830632	3.7739323	3.7643935	3.7544501	3.7441052	3.7333622	3.7222243	3.710695	3.6987779	3.6864767	3.673795	3.6607366	3.6473055	3.6335057	3.6193412	3.6048162	3.5899349	3.5747018	3.5591213	3.543198	3.5269364	3.5103413	3.4934176	3.4761701	3.4586039	3.4407241	3.422536	3.4040447	3.3852559	3.3661749	3.3468073	3.327159	3.3072355	3.287043	3.2665874	3.2458747	3.2249111	3.203703	3.1822567	3.1605787	3.1386756	3.116554	3.0942207	3.0716825	3.0489464	3.0260194	3.0029085	2.9796211	2.9561642	2.9325454	2.9087721	2.8848516	2.8607917	2.8365999	2.812284	2.7878518	2.763311	2.7386696	2.7139356
-48.0	2.8764181	2.8507668	2.8250392	2.7992436	2.7733881	2.7474811	2.721531	2.6955462	2.669535	2.6435059	2.6174674	2.5914279	2.5653959	2.5393799	2.5133883	2.4874296	2.4615123	2.4356448	2.4098355	2.3840928	2.358425	2.3328405	2.3073476	2.2819544	2.2566692	2.2314999	2.2064548	2.1815417	2.1567685	2.1321431	2.1076732	2.0833664	2.0592302	2.0352722	2.0114996	1.9879197	1.9645395	1.9413662	1.9184064	1.8956671	1.8731549	1.8508761	1.8288372	1.8070444	1.7855037	1.7642212	1.7432025	1.7224533	1.701979	1.6817851	1.6618767	1.6422589	1.6229364	1.603914	1.5851962	1.5667876	1.5486922	1.5309143	1.5134577	1.4963262	1.4795235	1.463053	1.4469182	1.4311221	1.4156678	1.4005583	1.3857963	1.3713844	1.3573251	1.3436209	1.3302739	1.3172864	1.3046602	1.2923974	1.2804997	1.2689689	1.2578064	1.2470139	1.2365926	1.2265441	1.2168695	1.2075699	1.1986466	1.1901006	1.1819328	1.1741442	1.1667357	1.1597081	1.1530622	1.1467988	1.1409187	1.1354225	1.130311	1.1255849	1.1212447	1.1172912	1.113725	1.1105468	1.1077571	1.1053567	1.1033461	1.1017261	1.1004973	1.0996604	1.0992161	1.0991649	1.0995078	1.1002452	1.1013781	1.102907	1.1048328	1.1071562	1.1098779	1.1129987	1.1165193	1.1204404	1.1247629	1.1294873	1.1346145	1.1401451	1.1460798	1.1524191	1.1591638	1.1663143	1.1738711	1.1818348	1.1902057	1.1989841	1.2081703	1.2177644	1.2277667	1.2381769	1.2489951	1.2602211	1.2718544	1.2838947	1.2963414	1.3091937	1.3224507	1.3361115	1.3501749	1.3646396	1.3795039	1.3947662	1.4104247	1.4264772	1.4429215	1.459755	1.4769751	1.494579	1.5125634	1.5309249	1.5496602	1.5687652	1.588236	1.6080682	1.6282575	1.6487989	1.6696875	1.690918	1.7124849	1.7343824	1.7566046	1.7791452	1.8019978	1.8251555	1.8486114	1.8723584	1.8963889	1.9206953	1.9452696	1.9701038	1.9951895	2.0205181	2.0460808	2.0718687	2.0978726	2.1240832	2.1504908	2.1770858	2.2038583	2.2307982	2.2578954	2.2851395	2.3125199	2.3400262	2.3676476	2.3953732	2.4231922	2.4510936	2.4790661	2.5070987	2.5351802	2.5632993	2.5914446	2.6196049	2.6477687	2.6759248	2.7040617	2.7321681	2.7602326	2.788244	2.8161908	2.8440621	2.8718464	2.8995329	2.9271103	2.9545678	2.9818945	3.0090796	3.0361126	3.0629827	3.0896797	3.1161933	3.1425132	3.1686294	3.1945321	3.2202116	3.2456584	3.2708629	3.295816	3.3205087	3.344932	3.3690773	3.3929361	3.4165001	3.4397611	3.4627112	3.4853428	3.5076481	3.52962	3.5512513	3.5725351	3.5934646	3.6140335	3.6342353	3.6540639	3.6735136	3.6925786	3.7112534	3.7295328	3.7474117	3.7648853	3.781949	3.7985982	3.8148287	3.8306365	3.8460177	3.8609686	3.8754859	3.8895661	3.9032063	3.9164035	3.9291549	3.9414581	3.9533105	3.9647102	3.9756549	3.9861429	3.9961724	4.005742	4.0148501	4.0234956	4.0316775	4.0393946	4.0466464	4.0534321	4.0597512	4.0656033	4.0709883	4.0759059	4.0803563	4.0843394	4.0878557	4.0909054	4.093489	4.0956073	4.0972607	4.0984503	4.0991768	4.0994414	4.0992451	4.0985892	4.0974749	4.0959038	4.0938773	4.091397	4.0884646	4.0850819	4.0812507	4.076973	4.0722509	4.0670865	4.0614819	4.0554394	4.0489615	4.0420505	4.0347091	4.0269397	4.0187452	4.0101283	4.0010918	3.9916387	3.9817719	3.9714947	3.9608101	3.9497215	3.9382321	3.9263454	3.9140649	3.9013942	3.888337	3.8748969	3.861078	3.846884	3.8323191	3.8173874	3.8020929	3.7864401	3.7704332	3.7540769	3.7373755	3.7203339	3.7029567	3.6852488	3.6672151	3.6488607	3.6301907	3.6112103	3.5919248	3.5723398	3.5524607	3.5322931	3.5118428	3.4911156	3.4701175	3.4488544	3.4273325	3.4055579	3.3835372	3.3612766	3.3387826	3.316062	3.2931214	3.2699676	3.2466075	3.2230482	3.1992966	3.1753601	3.1512458	3.1269612	3.1025136	3.0779105	3.0531597	3.0282686	3.0032452	2.9780972	2.9528325	2.9274591	2.9019849
-47.0	3.0700418	3.0436819	3.0172378	2.9907179	2.9641305	2.937484	2.9107868	2.8840476	2.8572748	2.830477	2.8036627	2.7768407	2.7500196	2.7232079	2.6964144	2.6696477	2.6429166	2.6162295	2.5895952	2.5630224	2.5365195	2.5100952	2.483758	2.4575163	2.4313787	2.4053535	2.3794491	2.3536737	2.3280355	2.3025427	2.2772034	2.2520255	2.2270168	2.2021853	2.1775386	2.1530842	2.1288297	2.1047825	2.0809498	2.0573387	2.0339563	2.0108094	1.9879049	1.9652493	1.9428491	1.9207107	1.8988402	1.8772438	1.8559273	1.8348966	1.8141572	1.7937145	1.7735739	1.7537406	1.7342195	1.7150155	1.6961332	1.6775773	1.659352	1.6414616	1.6239101	1.6067016	1.5898397	1.5733281	1.5571702	1.5413694	1.5259289	1.5108517	1.4961408	1.4817989	1.4678287	1.4542328	1.4410134	1.428173	1.4157137	1.4036377	1.3919467	1.3806428	1.3697278	1.3592032	1.3490707	1.3393318	1.329988	1.3210406	1.3124909	1.3043402	1.2965896	1.2892404	1.2822935	1.27575	1.2696109	1.2638772	1.2585498	1.2536296	1.2491175	1.2450144	1.2413211	1.2380384	1.2351671	1.232708	1.2306621	1.2290299	1.2278124	1.2270102	1.2266242	1.2266552	1.2271039	1.2279711	1.2292575	1.230964	1.2330913	1.23564	1.2386111	1.2420051	1.2458228	1.2500648	1.2547319	1.2598248	1.2653439	1.2712898	1.2776632	1.2844645	1.2916941	1.2993525	1.3074399	1.3159566	1.3249027	1.3342785	1.3440838	1.3543186	1.3649828	1.3760759	1.3875977	1.3995475	1.4119248	1.4247286	1.4379581	1.4516121	1.4656895	1.4801887	1.4951081	1.510446	1.5262005	1.5423692	1.55895	1.5759402	1.593337	1.6111376	1.6293385	1.6479364	1.6669277	1.6863084	1.7060744	1.7262213	1.7467445	1.7676391	1.7889	1.8105218	1.8324988	1.8548253	1.8774951	1.9005018	1.9238387	1.9474991	1.9714758	1.9957613	2.0203482	2.0452285	2.0703942	2.095837	2.1215482	2.1475192	2.173741	2.2002042	2.2268997	2.2538177	2.2809485	2.3082821	2.3358083	2.3635169	2.3913973	2.419439	2.4476311	2.4759627	2.5044229	2.5330005	2.5616842	2.5904627	2.6193245	2.6482582	2.6772522	2.7062948	2.7353743	2.7644792	2.7935976	2.8227177	2.8518279	2.8809164	2.9099714	2.9389813	2.9679344	2.996819	3.0256237	3.0543367	3.0829469	3.1114427	3.139813	3.1680466	3.1961323	3.2240594	3.2518169	3.2793942	3.3067807	3.3339661	3.3609401	3.3876925	3.4142135	3.4404933	3.4665223	3.4922911	3.5177905	3.5430115	3.5679451	3.5925828	3.6169162	3.6409369	3.664637	3.6880085	3.711044	3.733736	3.7560772	3.7780608	3.79968	3.8209281	3.8417989	3.8622863	3.8823843	3.9020874	3.9213899	3.9402867	3.9587727	3.9768432	3.9944933	4.0117189	4.0285156	4.0448795	4.0608067	4.0762938	4.0913371	4.1059336	4.1200803	4.1337743	4.1470129	4.1597937	4.1721145	4.1839731	4.1953675	4.206296	4.2167571	4.2267492	4.2362711	4.2453216	4.2538998	4.2620049	4.2696361	4.2767929	4.2834749	4.2896818	4.2954135	4.3006699	4.3054512	4.3097576	4.3135894	4.316947	4.3198311	4.3222424	4.3241815	4.3256494	4.3266471	4.3271756	4.3272361	4.3268299	4.3259584	4.3246229	4.3228251	4.3205666	4.317849	4.3146742	4.311044	4.3069604	4.3024254	4.297441	4.2920096	4.2861333	4.2798145	4.2730556	4.265859	4.2582273	4.2501632	4.2416693	4.2327485	4.2234035	4.2136373	4.2034529	4.1928534	4.1818419	4.1704216	4.1585958	4.146368	4.1337415	4.1207198	4.1073067	4.0935058	4.0793209	4.0647557	4.0498144	4.0345008	4.0188191	4.0027736	3.9863684	3.9696079	3.9524967	3.9350393	3.9172403	3.8991044	3.8806366	3.8618418	3.8427249	3.8232911	3.8035456	3.7834938	3.7631411	3.742493	3.7215551	3.7003332	3.6788331	3.6570608	3.6350222	3.6127235	3.590171	3.567371	3.5443299	3.5210544	3.497551	3.4738265	3.4498877	3.4257416	3.4013953	3.3768558	3.3521305	3.3272266	3.3021516	3.2769129	3.2515182	3.2259752	3.2002916	3.1744752	3.148534	3.122476	3.0963092
-46.0	3.2697508	3.2427344	3.2156259	3.1884337	3.1611662	3.1338319	3.1064394	3.0789972	3.0515141	3.0239986	2.9964596	2.9689057	2.9413457	2.9137885	2.8862429	2.8587177	2.8312218	2.803764	2.7763531	2.748998	2.7217076	2.6944905	2.6673557	2.6403117	2.6133675	2.5865315	2.5598125	2.533219	2.5067595	2.4804425	2.4542763	2.4282693	2.4024296	2.3767655	2.3512849	2.3259958	2.3009061	2.2760235	2.2513556	2.22691	2.2026941	2.1787152	2.1549804	2.1314968	2.1082713	2.0853106	2.0626214	2.0402101	2.0180832	1.9962467	1.9747068	1.9534694	1.9325401	1.9119246	1.8916283	1.8716566	1.8520145	1.8327071	1.8137391	1.7951152	1.77684	1.7589178	1.7413528	1.7241491	1.7073107	1.6908412	1.6747443	1.6590234	1.6436821	1.6287233	1.6141503	1.599966	1.5861732	1.5727745	1.5597727	1.5471701	1.5349691	1.523172	1.5117809	1.5007978	1.4902248	1.4800636	1.4703161	1.4609841	1.452069	1.4435725	1.435496	1.4278411	1.420609	1.4138011	1.4074187	1.401463	1.3959351	1.3908362	1.3861674	1.3819298	1.3781244	1.3747523	1.3718143	1.3693116	1.3672451	1.3656156	1.3644241	1.3636715	1.3633586	1.3634864	1.3640556	1.3650672	1.3665218	1.3684203	1.3707635	1.3735521	1.3767868	1.3804683	1.3845973	1.3891744	1.3942003	1.3996753	1.4056001	1.4119751	1.4188007	1.4260773	1.433805	1.4419842	1.4506148	1.459697	1.4692307	1.4792158	1.4896519	1.5005388	1.5118758	1.5236625	1.5358981	1.5485817	1.5617123	1.5752886	1.5893094	1.6037732	1.6186782	1.6340227	1.6498044	1.6660214	1.6826709	1.6997505	1.7172573	1.7351882	1.7535398	1.7723087	1.7914911	1.811083	1.8310802	1.8514781	1.8722721	1.8934572	1.9150281	1.9369794	1.9593052	1.9819997	2.0050566	2.0284693	2.0522312	2.0763351	2.1007738	2.1255398	2.1506252	2.1760222	2.2017224	2.2277173	2.2539982	2.280556	2.3073817	2.3344659	2.3617988	2.3893706	2.4171714	2.4451909	2.4734186	2.5018441	2.5304566	2.5592451	2.5881986	2.6173058	2.6465556	2.6759363	2.7054364	2.7350443	2.7647481	2.7945361	2.8243963	2.8543167	2.8842852	2.9142899	2.9443186	2.9743591	3.0043994	3.0344273	3.0644307	3.0943974	3.1243155	3.1541729	3.1839576	3.2136577	3.2432614	3.2727569	3.3021326	3.3313769	3.3604783	3.3894255	3.4182074	3.4468127	3.4752306	3.5034504	3.5314612	3.5592527	3.5868146	3.6141368	3.6412092	3.6680221	3.694566	3.7208315	3.7468093	3.7724906	3.7978665	3.8229284	3.8476681	3.8720774	3.8961484	3.9198734	3.9432449	3.9662558	3.9888989	4.0111674	4.0330549	4.0545549	4.0756614	4.0963685	4.1166704	4.1365617	4.1560373	4.1750921	4.1937214	4.2119205	4.2296851	4.2470111	4.2638946	4.2803318	4.2963193	4.3118536	4.3269318	4.3415508	4.355708	4.3694009	4.382627	4.3953842	4.4076706	4.4194842	4.4308235	4.441687	4.4520733	4.4619813	4.4714101	4.4803586	4.4888263	4.4968126	4.504317	4.5113393	4.5178793	4.5239369	4.5295124	4.5346058	4.5392176	4.5433481	4.5469979	4.5501678	4.5528584	4.5550707	4.5568055	4.558064	4.5588473	4.5591567	4.5589935	4.5583592	4.5572551	4.5556829	4.5536443	4.551141	4.5481748	4.5447476	4.5408613	4.5365181	4.5317199	4.5264689	4.5207675	4.5146178	4.5080223	4.5009835	4.4935037	4.4855856	4.4772318	4.468445	4.459228	4.4495836	4.4395147	4.4290243	4.4181154	4.4067911	4.3950546	4.3829092	4.370358	4.3574046	4.3440524	4.3303049	4.3161658	4.3016386	4.2867272	4.2714354	4.2557672	4.2397265	4.2233174	4.2065441	4.1894109	4.1719221	4.1540821	4.1358955	4.1173669	4.098501	4.0793026	4.0597766	4.039928	4.019762	3.9992837	3.9784984	3.9574115	3.9360285	3.9143551	3.8923969	3.8701597	3.8476496	3.8248725	3.8018345	3.7785419	3.755001	3.7312183	3.7072004	3.6829539	3.6584855	3.6338022	3.6089109	3.5838187	3.5585328	3.5330605	3.507409	3.481586	3.4555989	3.4294555	3.4031634	3.3767305	3.3501648	3.3234742	3.2966668
-45.0	3.4752791	3.4476628	3.4199466	3.3921387	3.3642478	3.3362823	3.3082509	3.2801621	3.2520248	3.2238478	3.1956397	3.1674096	3.1391663	3.1109188	3.0826759	3.0544468	3.0262405	2.9980658	2.969932	2.9418479	2.9138227	2.8858654	2.857985	2.8301903	2.8024905	2.7748945	2.7474111	2.7200491	2.6928175	2.6657248	2.6387799	2.6119913	2.5853675	2.5589172	2.5326485	2.5065699	2.4806896	2.4550156	2.429556	2.4043187	2.3793115	2.3545421	2.330018	2.3057467	2.2817355	2.2579916	2.234522	2.2113337	2.1884334	2.1658277	2.1435232	2.1215262	2.0998429	2.0784793	2.0574413	2.0367346	2.0163649	1.9963376	1.976658	1.9573311	1.938362	1.9197555	1.9015162	1.8836487	1.8661574	1.8490463	1.8323197	1.8159815	1.8000354	1.7844851	1.7693341	1.7545858	1.7402434	1.72631	1.7127887	1.6996823	1.6869935	1.6747251	1.6628795	1.6514593	1.6404666	1.6299038	1.619773	1.6100762	1.6008155	1.5919927	1.5836095	1.5756679	1.5681693	1.5611155	1.554508	1.5483483	1.5426377	1.5373778	1.5325698	1.528215	1.5243147	1.5208701	1.5178824	1.5153526	1.513282	1.5116715	1.5105222	1.5098352	1.5096113	1.5098516	1.510557	1.5117282	1.5133663	1.515472	1.518046	1.5210891	1.5246021	1.5285855	1.5330399	1.537966	1.5433643	1.549235	1.5555788	1.5623958	1.5696863	1.5774505	1.5856885	1.5944001	1.6035855	1.6132443	1.6233762	1.6339808	1.6450576	1.6566059	1.6686248	1.6811135	1.6940709	1.7074956	1.7213863	1.7357415	1.7505593	1.7658378	1.7815749	1.7977683	1.8144154	1.8315136	1.8490598	1.867051	1.8854837	1.9043543	1.923659	1.9433936	1.9635539	1.9841353	2.0051329	2.0265416	2.0483562	2.070571	2.0931801	2.1161775	2.1395567	2.1633112	2.187434	2.2119179	2.2367556	2.2619394	2.2874613	2.3133131	2.3394864	2.3659726	2.3927626	2.4198473	2.4472174	2.4748632	2.5027748	2.5309423	2.5593552	2.5880033	2.6168757	2.6459617	2.6752502	2.7047301	2.73439	2.7642183	2.7942035	2.8243338	2.8545973	2.884982	2.9154758	2.9460664	2.9767417	3.0074892	3.0382967	3.0691516	3.1000414	3.1309537	3.1618759	3.1927956	3.2237002	3.2545772	3.2854141	3.3161986	3.3469182	3.3775607	3.4081138	3.4385653	3.4689032	3.4991155	3.5291904	3.5591161	3.588881	3.6184736	3.6478825	3.6770967	3.7061051	3.7348967	3.763461	3.7917874	3.8198656	3.8476855	3.8752372	3.9025108	3.9294969	3.9561862	3.9825696	4.0086382	4.0343833	4.0597965	4.0848696	4.1095947	4.1339639	4.1579698	4.181605	4.2048626	4.2277358	4.2502179	4.2723027	4.2939839	4.3152559	4.3361129	4.3565495	4.3765605	4.3961411	4.4152865	4.4339922	4.452254	4.4700678	4.4874297	4.5043362	4.5207839	4.5367695	4.55229	4.5673428	4.5819251	4.5960346	4.609669	4.6228264	4.6355048	4.6477026	4.6594184	4.6706507	4.6813983	4.6916604	4.701436	4.7107245	4.7195252	4.7278377	4.7356619	4.7429975	4.7498445	4.756203	4.7620733	4.7674558	4.7723508	4.776759	4.780681	4.7841177	4.7870699	4.7895386	4.7915248	4.7930298	4.7940548	4.7946011	4.7946701	4.7942634	4.7933824	4.7920289	4.7902046	4.7879112	4.7851505	4.7819246	4.7782354	4.7740849	4.7694753	4.7644087	4.7588873	4.7529134	4.7464895	4.7396178	4.7323009	4.7245412	4.7163413	4.707704	4.6986318	4.6891275	4.6791939	4.668834	4.6580505	4.6468465	4.6352251	4.6231893	4.6107424	4.5978875	4.584628	4.5709672	4.5569086	4.5424556	4.5276119	4.5123811	4.4967669	4.4807732	4.4644037	4.4476626	4.4305537	4.4130813	4.3952495	4.3770626	4.3585251	4.3396414	4.320416	4.3008536	4.2809591	4.2607371	4.2401927	4.219331	4.198157	4.1766761	4.1548935	4.1328148	4.1104455	4.0877913	4.0648579	4.0416514	4.0181775	3.9944426	3.9704528	3.9462143	3.9217337	3.8970176	3.8720725	3.8469052	3.8215227	3.7959318	3.7701398	3.7441537	3.7179809	3.6916289	3.665105	3.638417	3.6115725	3.5845793	3.5574453	3.5301786	3.5027871
-44.0	3.6863323	3.6581772	3.6299143	3.601552	3.5730988	3.5445633	3.515954	3.4872798	3.4585493	3.4297715	3.4009552	3.3721094	3.3432431	3.3143654	3.2854852	3.2566119	3.2277544	3.1989221	3.170124	3.1413694	3.1126676	3.0840276	3.0554589	3.0269704	2.9985715	2.9702714	2.9420791	2.9140037	2.8860544	2.8582402	2.83057	2.8030528	2.7756974	2.7485126	2.7215072	2.6946898	2.668069	2.6416531	2.6154507	2.58947	2.5637192	2.5382063	2.5129393	2.4879261	2.4631743	2.4386916	2.4144855	2.3905632	2.3669321	2.3435991	2.3205712	2.2978551	2.2754576	2.2533852	2.231644	2.2102405	2.1891805	2.1684701	2.1481149	2.1281205	2.1084923	2.0892358	2.0703559	2.0518576	2.0337458	2.0160252	1.9987003	1.9817754	1.9652549	1.9491427	1.9334429	1.9181592	1.9032954	1.888855	1.8748414	1.861258	1.8481077	1.8353939	1.8231193	1.8112867	1.799899	1.7889587	1.7784683	1.7684302	1.7588468	1.7497202	1.7410527	1.7328462	1.7251028	1.7178244	1.7110128	1.7046697	1.6987968	1.6933959	1.6884684	1.6840159	1.6800399	1.6765417	1.6735227	1.6709843	1.6689276	1.667354	1.6662645	1.6656603	1.6655425	1.665912	1.6667699	1.6681171	1.6699545	1.6722829	1.675103	1.6784157	1.6822216	1.6865212	1.6913152	1.696604	1.7023879	1.7086674	1.7154427	1.7227139	1.7304812	1.7387444	1.7475035	1.7567582	1.7665083	1.7767531	1.7874923	1.798725	1.8104503	1.8226674	1.835375	1.8485718	1.8622565	1.8764272	1.8910823	1.9062197	1.9218372	1.9379325	1.9545029	1.9715456	1.9890577	2.0070358	2.0254766	2.0443762	2.0637309	2.0835363	2.1037881	2.1244817	2.1456119	2.1671738	2.1891619	2.2115703	2.2343933	2.2576245	2.2812574	2.3052853	2.3297011	2.3544975	2.3796671	2.4052018	2.4310937	2.4573344	2.4839153	2.5108275	2.5380619	2.5656091	2.5934596	2.6216035	2.6500308	2.6787312	2.7076941	2.7369089	2.7663646	2.7960501	2.8259543	2.8560655	2.8863721	2.9168625	2.9475245	2.9783462	3.0093153	3.0404195	3.0716464	3.1029834	3.134418	3.1659374	3.1975288	3.2291795	3.2608766	3.2926073	3.3243586	3.3561176	3.3878714	3.4196072	3.451312	3.4829731	3.5145776	3.546113	3.5775664	3.6089254	3.6401774	3.6713102	3.7023113	3.7331688	3.7638705	3.7944045	3.8247593	3.854923	3.8848845	3.9146323	3.9441555	3.9734431	4.0024844	4.031269	4.0597866	4.088027	4.1159805	4.1436372	4.1709879	4.1980233	4.2247345	4.2511126	4.2771492	4.3028361	4.3281651	4.3531286	4.377719	4.4019289	4.4257514	4.4491797	4.4722071	4.4948274	4.5170346	4.5388227	4.5601863	4.5811199	4.6016186	4.6216773	4.6412916	4.660457	4.6791693	4.6974247	4.7152194	4.7325499	4.7494129	4.7658054	4.7817246	4.7971678	4.8121325	4.8266165	4.8406177	4.8541343	4.8671646	4.8797071	4.8917604	4.9033234	4.9143951	4.9249746	4.9350614	4.9446547	4.9537544	4.96236	4.9704715	4.978089	4.9852126	4.9918425	4.9979792	5.0036232	5.0087751	5.0134356	5.0176055	5.0212858	5.0244775	5.0271817	5.0293997	5.0311326	5.0323819	5.033149	5.0334354	5.0332427	5.0325726	5.0314268	5.029807	5.0277152	5.0251532	5.022123	5.0186267	5.0146662	5.0102438	5.0053616	5.0000218	4.9942268	4.9879788	4.9812803	4.9741337	4.9665415	4.9585061	4.9500302	4.9411164	4.9317674	4.9219858	4.9117745	4.9011363	4.890074	4.8785906	4.866689	4.8543723	4.8416436	4.828506	4.8149627	4.801017	4.7866722	4.7719317	4.7567989	4.7412775	4.7253708	4.7090827	4.6924169	4.6753771	4.6579673	4.6401915	4.6220536	4.6035578	4.5847084	4.5655096	4.5459659	4.5260816	4.5058615	4.4853102	4.4644324	4.4432331	4.4217172	4.3998898	4.377756	4.3553213	4.3325909	4.3095704	4.2862653	4.2626815	4.2388248	4.214701	4.1903164	4.165677	4.1407891	4.1156592	4.0902938	4.0646995	4.0388831	4.0128514	3.9866114	3.9601703	3.9335352	3.9067134	3.8797123	3.8525396	3.8252028	3.7977097	3.7700681	3.7422859	3.7143713
-43.0	3.9025879	3.8739593	3.8452152	3.816364	3.7874141	3.7583741	3.7292527	3.7000586	3.6708005	3.6414874	3.6121283	3.5827321	3.553308	3.523865	3.4944123	3.4649593	3.4355151	3.4060891	3.3766906	3.3473289	3.3180135	3.2887538	3.2595591	3.2304389	3.2014026	3.1724595	3.1436191	3.1148907	3.0862836	3.0578071	3.0294705	3.001283	2.9732537	2.9453918	2.9177063	2.8902062	2.8629003	2.8357976	2.8089066	2.7822362	2.7557947	2.7295908	2.7036327	2.6779286	2.6524868	2.6273152	2.6024217	2.577814	2.5534998	2.5294867	2.5057819	2.4823927	2.4593261	2.4365893	2.4141888	2.3921315	2.3704237	2.3490719	2.3280822	2.3074608	2.2872135	2.267346	2.247864	2.2287729	2.2100779	2.1917843	2.1738971	2.156421	2.1393607	2.1227209	2.1065058	2.0907199	2.0753671	2.0604515	2.045977	2.0319472	2.0183658	2.0052361	1.9925617	1.9803456	1.968591	1.9573008	1.946478	1.9361254	1.9262456	1.9168411	1.9079145	1.8994682	1.8915044	1.8840254	1.8770332	1.87053	1.8645177	1.8589981	1.8539732	1.8494446	1.845414	1.8418831	1.8388533	1.8363263	1.8343033	1.8327857	1.8317748	1.831272	1.8312782	1.8317947	1.8328225	1.8343625	1.8364157	1.8389828	1.8420648	1.8456623	1.8497758	1.854406	1.8595534	1.8652182	1.8714009	1.8781015	1.8853202	1.893057	1.9013118	1.9100844	1.9193743	1.9291812	1.9395045	1.9503434	1.961697	1.9735643	1.9859442	1.9988353	2.012236	2.0261448	2.0405597	2.0554786	2.0708994	2.0868196	2.1032366	2.1201474	2.137549	2.1554381	2.1738111	2.1926643	2.2119936	2.2317949	2.2520635	2.2727947	2.2939836	2.3156247	2.3377127	2.3602416	2.3832054	2.4065978	2.4304121	2.4546414	2.4792787	2.5043163	2.5297467	2.5555619	2.5817535	2.6083132	2.6352321	2.6625012	2.6901111	2.7180525	2.7463153	2.7748897	2.8037654	2.8329318	2.8623782	2.8920936	2.922067	2.9522869	2.9827418	3.01342	3.0443095	3.0753982	3.106674	3.1381245	3.169737	3.201499	3.2333978	3.2654203	3.2975538	3.3297851	3.3621011	3.3944887	3.4269346	3.4594255	3.4919483	3.5244896	3.557036	3.5895744	3.6220915	3.654574	3.6870088	3.7193827	3.7516827	3.7838959	3.8160092	3.84801	3.8798855	3.9116232	3.9432107	3.9746357	4.0058861	4.0369498	4.0678151	4.0984703	4.1289039	4.1591047	4.1890617	4.2187638	4.2482006	4.2773615	4.3062363	4.334815	4.3630878	4.3910453	4.418678	4.4459771	4.4729335	4.4995389	4.5257849	4.5516634	4.5771666	4.602287	4.6270174	4.6513506	4.6752799	4.6987987	4.7219009	4.7445804	4.7668315	4.7886486	4.8100265	4.8309603	4.8514451	4.8714764	4.89105	4.9101618	4.9288081	4.9469852	4.9646899	4.981919	4.9986696	5.0149391	5.0307248	5.0460247	5.0608366	5.0751586	5.088989	5.1023265	5.1151696	5.1275172	5.1393683	5.1507222	5.1615782	5.1719358	5.1817947	5.1911547	5.2000158	5.208378	5.2162415	5.2236068	5.2304743	5.2368445	5.2427182	5.2480961	5.2529791	5.2573683	5.2612648	5.2646697	5.2675842	5.2700098	5.2719479	5.2733999	5.2743675	5.2748523	5.2748559	5.2743802	5.2734269	5.271998	5.2700954	5.2677211	5.264877	5.2615654	5.2577882	5.2535477	5.2488461	5.2436857	5.2380687	5.2319975	5.2254745	5.218502	5.2110825	5.2032186	5.1949127	5.1861673	5.1769852	5.167369	5.1573213	5.1468448	5.1359423	5.1246167	5.1128708	5.1007074	5.0881296	5.0751403	5.0617425	5.0479393	5.033734	5.0191296	5.0041295	4.9887369	4.9729552	4.9567879	4.9402385	4.9233105	4.9060077	4.8883336	4.8702922	4.8518872	4.8331227	4.8140026	4.7945311	4.7747124	4.7545508	4.7340506	4.7132164	4.6920528	4.6705643	4.6487559	4.6266323	4.6041986	4.5814598	4.5584212	4.5350881	4.5114658	4.48756	4.4633763	4.4389205	4.4141983	4.389216	4.3639795	4.3384951	4.3127692	4.2868083	4.2606189	4.2342078	4.2075818	4.1807479	4.1537131	4.1264847	4.09907	4.0714764	4.0437114	4.0157827	3.9876981	3.9594654	3.9310926
-42.0	4.1236961	4.0946635	4.0655078	4.0362374	4.0068606	3.9773861	3.9478225	3.9181785	3.8884628	3.8586845	3.8288524	3.7989756	3.7690634	3.7391248	3.7091691	3.6792056	3.6492438	3.619293	3.5893626	3.5594623	3.5296014	3.4997896	3.4700365	3.4403516	3.4107445	3.3812248	3.3518021	3.322486	3.2932861	3.2642119	3.2352729	3.2064786	3.1778385	3.149362	3.1210583	3.0929368	3.0650067	3.0372772	3.0097574	2.9824562	2.9553825	2.9285453	2.9019532	2.8756148	2.8495386	2.8237332	2.7982067	2.7729674	2.7480233	2.7233824	2.6990524	2.6750411	2.6513559	2.6280042	2.6049934	2.5823304	2.5600224	2.538076	2.5164981	2.495295	2.4744732	2.4540388	2.433998	2.4143567	2.3951206	2.3762953	2.3578863	2.3398989	2.3223382	2.3052093	2.288517	2.2722661	2.256461	2.2411063	2.2262063	2.211765	2.1977865	2.1842747	2.1712334	2.1586661	2.1465764	2.1349677	2.1238431	2.113206	2.1030593	2.093406	2.0842488	2.0755904	2.0674336	2.0597808	2.0526345	2.0459969	2.0398704	2.034257	2.0291588	2.0245778	2.0205159	2.0169749	2.0139566	2.0114626	2.0094944	2.0080536	2.0071416	2.0067597	2.0069092	2.0075912	2.0088069	2.0105573	2.0128434	2.0156658	2.0190255	2.0229231	2.0273592	2.0323342	2.0378485	2.0439025	2.0504962	2.0576297	2.065303	2.0735159	2.0822681	2.0915591	2.1013883	2.1117551	2.1226586	2.1340977	2.1460712	2.1585778	2.171616	2.1851841	2.1992801	2.213902	2.2290475	2.2447141	2.2608992	2.2775997	2.2948126	2.3125346	2.3307619	2.3494908	2.3687172	2.3884368	2.4086449	2.4293368	2.4505074	2.4721512	2.4942626	2.5168358	2.5398646	2.5633424	2.5872627	2.6116183	2.636402	2.6616062	2.6872231	2.7132446	2.7396623	2.7664675	2.7936513	2.8212044	2.8491175	2.8773807	2.9059842	2.9349176	2.9641705	2.9937321	3.0235916	3.0537377	3.0841591	3.1148441	3.1457809	3.1769575	3.2083618	3.2399814	3.2718036	3.303816	3.3360056	3.3683594	3.4008644	3.4335074	3.4662751	3.4991541	3.5321308	3.5651919	3.5983237	3.6315125	3.6647448	3.6980068	3.7312848	3.7645653	3.7978344	3.8310786	3.8642844	3.8974381	3.9305264	3.9635357	3.9964529	4.0292648	4.0619581	4.0945201	4.1269378	4.1591985	4.1912897	4.223199	4.2549142	4.2864232	4.3177143	4.3487756	4.3795959	4.4101638	4.4404682	4.4704985	4.5002439	4.5296942	4.5588393	4.5876692	4.6161743	4.6443453	4.6721731	4.6996488	4.7267639	4.7535099	4.7798788	4.8058628	4.8314544	4.8566464	4.8814316	4.9058035	4.9297555	4.9532814	4.9763753	4.9990316	5.0212448	5.0430098	5.0643217	5.0851759	5.105568	5.1254939	5.1449497	5.1639318	5.1824367	5.2004613	5.2180027	5.2350581	5.251625	5.2677012	5.2832845	5.2983732	5.3129656	5.3270601	5.3406555	5.3537508	5.3663449	5.3784372	5.390027	5.401114	5.4116978	5.4217785	5.4313559	5.4404304	5.4490021	5.4570716	5.4646393	5.4717061	5.4782725	5.4843397	5.4899085	5.4949801	5.4995556	5.5036363	5.5072237	5.5103191	5.5129241	5.5150402	5.5166691	5.5178126	5.5184724	5.5186504	5.5183484	5.5175685	5.5163125	5.5145825	5.5123807	5.5097091	5.5065699	5.5029652	5.4988974	5.4943687	5.4893813	5.4839376	5.4780399	5.4716906	5.4648922	5.4576471	5.4499577	5.4418265	5.433256	5.4242489	5.4148076	5.4049348	5.3946331	5.3839052	5.3727538	5.3611815	5.3491913	5.3367858	5.3239679	5.3107405	5.2971065	5.2830689	5.2686307	5.2537949	5.2385646	5.2229431	5.2069335	5.190539	5.1737631	5.1566091	5.1390805	5.1211808	5.1029136	5.0842826	5.0652915	5.0459441	5.0262445	5.0061964	4.9858042	4.9650718	4.9440036	4.9226039	4.9008772	4.8788281	4.8564612	4.8337813	4.8107932	4.787502	4.7639127	4.7400305	4.7158608	4.6914091	4.6666808	4.6416816	4.6164174	4.590894	4.5651176	4.5390943	4.5128304	4.4863323	4.4596065	4.4326598	4.405499	4.3781309	4.3505626	4.3228013	4.2948543	4.266729	4.2384329	4.2099738	4.1813593	4.1525974
-41.0	4.349281	4.3199177	4.2904239	4.2608079	4.2310782	4.2012431	4.1713114	4.1412916	4.1111925	4.0810231	4.0507924	4.0205093	3.990183	3.9598229	3.9294381	3.899038	3.8686322	3.8382301	3.8078412	3.7774752	3.7471416	3.7168503	3.6866109	3.6564332	3.6263269	3.5963018	3.5663676	3.5365343	3.5068116	3.4772092	3.4477369	3.4184044	3.3892215	3.3601979	3.3313431	3.3026667	3.2741784	3.2458875	3.2178035	3.1899357	3.1622934	3.1348858	3.1077219	3.0808108	3.0541613	3.0277824	3.0016826	2.9758706	2.9503548	2.9251437	2.9002453	2.8756679	2.8514194	2.8275077	2.8039404	2.7807251	2.7578693	2.7353802	2.7132649	2.6915305	2.6701838	2.6492314	2.6286799	2.6085357	2.5888051	2.569494	2.5506084	2.5321542	2.5141368	2.4965619	2.4794346	2.4627603	2.4465438	2.4307902	2.4155041	2.4006901	2.3863526	2.3724961	2.3591246	2.3462422	2.3338528	2.3219602	2.310568	2.2996798	2.289299	2.2794288	2.2700725	2.261233	2.2529134	2.2451164	2.2378447	2.2311011	2.224888	2.2192078	2.2140628	2.2094552	2.2053872	2.2018608	2.1988778	2.1964401	2.1945495	2.1932075	2.1924157	2.1921756	2.1924885	2.1933556	2.1947782	2.1967571	2.1992935	2.2023881	2.2060417	2.2102549	2.2150283	2.2203621	2.2262568	2.2327124	2.2397291	2.2473066	2.2554448	2.2641433	2.2734015	2.2832189	2.2935945	2.3045273	2.3160163	2.32806	2.3406569	2.3538054	2.3675036	2.3817493	2.3965403	2.411874	2.4277478	2.4441587	2.4611035	2.4785789	2.4965811	2.5151064	2.5341505	2.5537092	2.5737777	2.5943512	2.6154244	2.636992	2.6590482	2.6815871	2.7046024	2.7280875	2.7520356	2.7764396	2.8012921	2.8265854	2.8523116	2.8784624	2.9050292	2.9320034	2.9593757	2.9871369	3.0152773	3.043787	3.0726558	3.1018733	3.1314288	3.1613115	3.1915101	3.2220132	3.2528092	3.2838863	3.3152324	3.3468353	3.3786824	3.4107612	3.4430589	3.4755623	3.5082586	3.5411342	3.574176	3.6073702	3.6407034	3.6741617	3.7077313	3.7413984	3.775149	3.808969	3.8428446	3.8767615	3.9107058	3.9446634	3.9786202	4.0125621	4.0464753	4.0803457	4.1141595	4.1479029	4.1815622	4.2151237	4.248574	4.2818997	4.3150874	4.3481242	4.3809971	4.4136932	4.4461999	4.4785048	4.5105956	4.5424604	4.5740871	4.6054643	4.6365805	4.6674244	4.6979852	4.7282522	4.7582149	4.787863	4.8171867	4.8461762	4.8748221	4.9031152	4.9310467	4.958608	4.9857907	5.0125867	5.0389883	5.0649879	5.0905784	5.1157527	5.1405043	5.1648268	5.188714	5.2121601	5.2351595	5.257707	5.2797976	5.3014265	5.3225892	5.3432815	5.3634995	5.3832394	5.4024978	5.4212715	5.4395574	5.457353	5.4746555	5.4914628	5.5077729	5.5235837	5.5388939	5.5537017	5.5680062	5.5818061	5.5951007	5.6078893	5.6201714	5.6319466	5.6432148	5.6539759	5.6642302	5.6739778	5.6832193	5.691955	5.7001859	5.7079125	5.7151359	5.7218571	5.7280772	5.7337974	5.7390191	5.7437437	5.7479726	5.7517074	5.7549499	5.7577016	5.7599644	5.7617401	5.7630306	5.7638379	5.764164	5.7640109	5.7633806	5.7622754	5.7606974	5.7586487	5.7561317	5.7531485	5.7497014	5.7457928	5.7414249	5.7366002	5.7313209	5.7255895	5.7194084	5.71278	5.7057067	5.698191	5.6902354	5.6818423	5.6730143	5.6637539	5.6540635	5.6439459	5.6334035	5.6224389	5.6110549	5.5992539	5.5870387	5.5744119	5.5613764	5.5479348	5.53409	5.5198447	5.5052018	5.4901642	5.474735	5.4589169	5.4427131	5.4261267	5.4091608	5.3918186	5.3741034	5.3560184	5.3375672	5.318753	5.2995795	5.2800502	5.2601689	5.2399392	5.2193651	5.1984505	5.1771993	5.1556158	5.1337041	5.1114685	5.0889135	5.0660436	5.0428634	5.0193777	4.9955912	4.971509	4.9471362	4.922478	4.8975396	4.8723266	4.8468445	4.8210991	4.795096	4.7688414	4.7423412	4.7156018	4.6886294	4.6614305	4.6340118	4.60638	4.5785419	4.5505046	4.5222753	4.493861	4.4652694	4.4365079	4.4075841	4.3785059
-40.0	4.5789414	4.5493242	4.5195695	4.4896854	4.4596803	4.4295625	4.3993406	4.3690232	4.3386189	4.3081367	4.2775855	4.2469744	4.2163125	4.1856091	4.1548734	4.1241149	4.0933431	4.0625675	4.0317978	4.0010436	3.9703148	3.939621	3.9089722	3.8783781	3.8478488	3.8173942	3.7870242	3.7567488	3.7265779	3.6965217	3.66659	3.6367928	3.6071402	3.5776419	3.548308	3.5191482	3.4901725	3.4613906	3.4328122	3.404447	3.3763046	3.3483945	3.3207262	3.293309	3.2661523	3.2392651	3.2126567	3.1863359	3.1603118	3.1345929	3.1091881	3.0841057	3.0593543	3.0349421	3.0108773	2.9871678	2.9638215	2.9408463	2.9182496	2.8960389	2.8742216	2.8528047	2.8317953	2.8112002	2.7910262	2.7712798	2.7519673	2.7330951	2.7146691	2.6966955	2.6791798	2.6621278	2.645545	2.6294366	2.6138079	2.5986639	2.5840095	2.5698493	2.5561881	2.5430303	2.5303801	2.5182418	2.5066193	2.4955167	2.4849377	2.4748859	2.4653649	2.456378	2.4479285	2.4400195	2.4326541	2.4258352	2.4195656	2.4138479	2.4086846	2.4040783	2.4000313	2.3965457	2.3936237	2.3912673	2.3894783	2.3882586	2.3876097	2.3875332	2.3880306	2.3891031	2.390752	2.3929783	2.395783	2.3991669	2.4031307	2.407675	2.4128003	2.4185068	2.4247948	2.4316642	2.439115	2.4471469	2.4557594	2.4649519	2.4747238	2.485074	2.4960016	2.5075051	2.5195831	2.532234	2.5454559	2.5592468	2.5736043	2.588526	2.6040091	2.6200507	2.6366476	2.6537965	2.6714936	2.6897351	2.7085167	2.7278342	2.7476827	2.7680573	2.7889529	2.8103639	2.8322846	2.8547088	2.8776303	2.9010425	2.9249383	2.9493107	2.9741521	2.9994547	3.0252105	3.0514111	3.0780478	3.1051117	3.1325936	3.160484	3.1887731	3.2174508	3.2465068	3.2759305	3.305711	3.3358372	3.3662978	3.397081	3.4281751	3.459568	3.4912474	3.5232008	3.5554155	3.5878785	3.6205767	3.653497	3.6866259	3.7199497	3.7534549	3.7871275	3.8209536	3.8549191	3.8890098	3.9232116	3.95751	3.9918908	4.0263395	4.0608417	4.0953829	4.1299487	4.1645247	4.1990963	4.2336492	4.2681692	4.3026417	4.3370528	4.3713882	4.4056339	4.439776	4.4738007	4.5076943	4.5414433	4.5750344	4.6084542	4.6416898	4.6747283	4.7075571	4.7401638	4.7725359	4.8046617	4.8365292	4.8681268	4.8994434	4.9304677	4.9611891	4.9915968	5.0216807	5.0514307	5.0808371	5.1098904	5.1385813	5.1669011	5.1948411	5.2223929	5.2495486	5.2763003	5.3026406	5.3285624	5.3540588	5.3791232	5.4037493	5.4279312	5.451663	5.4749394	5.4977553	5.5201058	5.5419862	5.5633924	5.5843202	5.6047658	5.6247258	5.6441969	5.6631761	5.6816607	5.6996481	5.717136	5.7341224	5.7506056	5.7665838	5.7820557	5.7970202	5.8114762	5.825423	5.8388599	5.8517867	5.864203	5.8761088	5.8875042	5.8983894	5.9087649	5.9186312	5.927989	5.9368391	5.9451825	5.9530202	5.9603535	5.9671835	5.9735117	5.9793397	5.9846688	5.9895008	5.9938375	5.9976805	6.0010319	6.0038935	6.0062673	6.0081554	6.0095599	6.0104828	6.0109264	6.010893	6.0103847	6.0094038	6.0079526	6.0060336	6.0036489	6.0008011	5.9974924	5.9937253	5.9895022	5.9848256	5.9796977	5.9741212	5.9680984	5.9616318	5.9547238	5.947377	5.9395937	5.9313764	5.9227277	5.91365	5.9041457	5.8942174	5.8838676	5.8730988	5.8619135	5.8503142	5.8383035	5.825884	5.8130581	5.7998285	5.7861979	5.7721688	5.757744	5.742926	5.7277177	5.7121219	5.6961412	5.6797786	5.6630369	5.6459191	5.6284281	5.610567	5.5923389	5.5737469	5.5547942	5.5354842	5.5158202	5.4958056	5.4754439	5.4547388	5.4336938	5.4123128	5.3905996	5.3685581	5.3461925	5.3235068	5.3005054	5.2771925	5.2535727	5.2296505	5.2054307	5.180918	5.1561174	5.131034	5.105673	5.0800396	5.0541394	5.027978	5.0015609	4.9748941	4.9479836	4.9208355	4.8934561	4.8658517	4.8380288	4.8099943	4.7817548	4.7533173	4.7246889	4.6958769	4.6668885	4.6377314	4.6084131
-39.0	4.8122517	4.7824609	4.7525259	4.7224547	4.6922554	4.6619362	4.6315057	4.6009724	4.5703449	4.5396319	4.5088425	4.4779856	4.4470702	4.4161058	4.3851014	4.3540667	4.323011	4.2919441	4.2608754	4.2298149	4.1987723	4.1677574	4.1367803	4.1058509	4.0749793	4.0441755	4.0134496	3.9828118	3.9522722	3.9218411	3.8915286	3.8613448	3.8313	3.8014044	3.771668	3.7421011	3.7127137	3.6835159	3.6545177	3.6257291	3.5971599	3.5688202	3.5407196	3.5128679	3.4852747	3.4579496	3.430902	3.4041413	3.3776768	3.3515177	3.325673	3.3001517	3.2749625	3.2501143	3.2256155	3.2014747	3.1777002	3.1543001	3.1312825	3.1086553	3.0864263	3.064603	3.043193	3.0222036	3.0016419	2.9815149	2.9618296	2.9425926	2.9238104	2.9054895	2.8876362	2.8702565	2.8533563	2.8369414	2.8210175	2.80559	2.7906642	2.7762454	2.7623384	2.7489483	2.7360797	2.7237372	2.7119252	2.7006481	2.6899099	2.6797147	2.6700663	2.6609684	2.6524248	2.6444387	2.6370135	2.6301525	2.6238587	2.618135	2.6129841	2.6084089	2.6044118	2.6009952	2.5981614	2.5959126	2.5942508	2.5931779	2.5926956	2.5928056	2.5935095	2.5948085	2.5967039	2.5991967	2.6022881	2.6059786	2.6102691	2.6151601	2.6206518	2.6267446	2.6334384	2.6407331	2.6486286	2.6571242	2.6662194	2.6759134	2.6862052	2.6970935	2.7085771	2.7206542	2.7333232	2.746582	2.7604283	2.7748598	2.7898737	2.8054672	2.821637	2.8383799	2.855692	2.8735696	2.8920084	2.9110041	2.9305519	2.9506469	2.9712838	2.992457	3.0141609	3.0363891	3.0591355	3.0823932	3.1061553	3.1304145	3.1551633	3.1803938	3.2060977	3.2322667	3.258892	3.2859645	3.3134749	3.3414134	3.3697703	3.3985353	3.4276979	3.4572473	3.4871725	3.5174622	3.5481048	3.5790885	3.6104013	3.6420308	3.6739645	3.7061897	3.7386934	3.7714624	3.8044835	3.837743	3.8712272	3.9049223	3.9388143	3.972889	4.007132	4.0415291	4.0760657	4.1107272	4.145499	4.1803664	4.2153145	4.2503285	4.2853937	4.3204952	4.3556181	4.3907476	4.4258689	4.4609673	4.4960281	4.5310366	4.5659783	4.6008388	4.6356038	4.6702589	4.7047902	4.7391836	4.7734254	4.807502	4.8413998	4.8751057	4.9086066	4.9418896	4.9749421	5.0077516	5.040306	5.0725933	5.1046018	5.1363202	5.1677371	5.1988417	5.2296234	5.2600718	5.2901768	5.3199286	5.3493178	5.3783351	5.4069716	5.4352188	5.4630684	5.4905122	5.5175427	5.5441525	5.5703344	5.5960818	5.6213881	5.6462471	5.670653	5.6946002	5.7180835	5.7410978	5.7636385	5.7857011	5.8072816	5.8283761	5.8489811	5.8690931	5.8887093	5.9078268	5.9264432	5.9445561	5.9621636	5.9792638	5.9958553	6.0119366	6.0275067	6.0425647	6.0571099	6.0711417	6.08466	6.0976645	6.1101554	6.1221329	6.1335973	6.1445493	6.1549896	6.1649189	6.1743383	6.1832489	6.1916519	6.1995488	6.2069409	6.2138298	6.2202172	6.2261048	6.2314946	6.2363884	6.2407881	6.2446959	6.2481139	6.2510443	6.2534893	6.2554511	6.2569321	6.2579346	6.258461	6.2585138	6.2580954	6.2572082	6.2558546	6.2540373	6.2517587	6.2490213	6.2458276	6.2421801	6.2380814	6.233534	6.2285404	6.2231031	6.2172245	6.2109073	6.2041539	6.1969668	6.1893484	6.1813013	6.1728278	6.1639306	6.1546119	6.1448742	6.13472	6.1241518	6.1131718	6.1017827	6.0899867	6.0777863	6.0651841	6.0521823	6.0387835	6.0249901	6.0108046	5.9962296	5.9812674	5.9659207	5.9501921	5.9340841	5.9175993	5.9007404	5.8835102	5.8659113	5.8479466	5.8296189	5.8109312	5.7918863	5.7724874	5.7527375	5.7326397	5.7121973	5.6914137	5.6702921	5.6488362	5.6270494	5.6049354	5.5824981	5.5597412	5.5366687	5.5132847	5.4895933	5.465599	5.441306	5.4167189	5.3918425	5.3666814	5.3412405	5.315525	5.28954	5.2632907	5.2367827	5.2100216	5.183013	5.1557628	5.1282771	5.100562	5.0726238	5.0444689	5.016104	4.9875357	4.958771	4.9298168	4.9006804	4.8713691	4.8418903
-38.0	5.0487635	5.0188826	4.988851	4.9586767	4.9283676	4.8979318	4.8673777	4.8367137	4.8059482	4.7750901	4.7441481	4.7131311	4.6820483	4.6509088	4.6197218	4.5884968	4.5572432	4.5259708	4.4946891	4.4634079	4.4321371	4.4008867	4.3696666	4.3384869	4.3073577	4.2762893	4.2452919	4.2143757	4.1835511	4.1528284	4.122218	4.0917302	4.0613754	4.031164	4.0011065	3.9712131	3.9414942	3.9119602	3.8826214	3.8534879	3.8245701	3.7958781	3.7674221	3.739212	3.7112579	3.6835696	3.6561571	3.62903	3.602198	3.5756706	3.5494574	3.5235676	3.4980106	3.4727953	3.447931	3.4234263	3.3992902	3.3755311	3.3521577	3.3291782	3.3066009	3.2844338	3.2626849	3.2413619	3.2204725	3.2000242	3.1800242	3.1604798	3.141398	3.1227855	3.1046492	3.0869956	3.0698309	3.0531616	3.0369936	3.0213329	3.0061852	2.991556	2.9774509	2.9638751	2.9508338	2.9383319	2.9263743	2.9149655	2.9041101	2.8938126	2.884077	2.8749075	2.8663079	2.8582821	2.8508336	2.843966	2.8376825	2.8319864	2.8268806	2.8223681	2.8184516	2.8151337	2.8124169	2.8103035	2.8087957	2.8078954	2.8076046	2.8079249	2.808858	2.8104052	2.8125678	2.8153469	2.8187435	2.8227583	2.8273919	2.8326449	2.8385173	2.8450095	2.8521212	2.8598522	2.868202	2.87717	2.8867553	2.8969569	2.9077736	2.9192038	2.9312459	2.9438979	2.9571578	2.9710231	2.9854913	3.0005594	3.0162245	3.0324831	3.0493317	3.0667663	3.0847828	3.1033769	3.1225438	3.1422785	3.1625759	3.1834303	3.2048359	3.2267866	3.249276	3.2722974	3.2958436	3.3199075	3.3444813	3.3695571	3.3951267	3.4211816	3.4477128	3.4747112	3.5021673	3.5300715	3.5584136	3.5871833	3.61637	3.6459627	3.6759503	3.7063212	3.7370638	3.768166	3.7996156	3.8314001	3.8635067	3.8959225	3.9286342	3.9616285	3.9948917	4.0284101	4.0621696	4.0961562	4.1303554	4.1647528	4.1993339	4.2340839	4.268988	4.3040313	4.3391987	4.3744752	4.4098457	4.4452949	4.4808077	4.5163689	4.5519631	4.5875753	4.6231901	4.6587925	4.6943673	4.7298996	4.7653743	4.8007767	4.8360918	4.8713052	4.9064023	4.9413686	4.9761901	5.0108527	5.0453425	5.0796458	5.1137491	5.1476393	5.1813031	5.2147279	5.2479009	5.28081	5.313443	5.3457881	5.3778337	5.4095685	5.4409817	5.4720624	5.5028003	5.5331852	5.5632074	5.5928573	5.6221257	5.6510038	5.679483	5.707555	5.735212	5.7624462	5.7892503	5.8156175	5.841541	5.8670145	5.8920319	5.9165875	5.9406759	5.9642921	5.9874311	6.0100886	6.0322603	6.0539422	6.0751309	6.0958229	6.1160152	6.135705	6.1548898	6.1735674	6.1917357	6.2093931	6.2265379	6.2431691	6.2592854	6.2748862	6.2899708	6.3045388	6.3185901	6.3321246	6.3451427	6.3576446	6.3696309	6.3811024	6.3920599	6.4025044	6.4124372	6.4218594	6.4307727	6.4391784	6.4470784	6.4544742	6.461368	6.4677615	6.473657	6.4790564	6.483962	6.4883762	6.4923012	6.4957394	6.4986933	6.5011653	6.5031581	6.5046741	6.505716	6.5062863	6.5063877	6.5060228	6.5051944	6.503905	6.5021574	6.4999541	6.497298	6.4941916	6.4906376	6.4866387	6.4821974	6.4773165	6.4719984	6.4662459	6.4600614	6.4534475	6.4464067	6.4389416	6.4310546	6.4227482	6.4140249	6.404887	6.395337	6.3853773	6.3750102	6.364238	6.3530633	6.3414881	6.329515	6.3171461	6.3043838	6.2912305	6.2776883	6.2637596	6.2494467	6.2347519	6.2196776	6.204226	6.1883996	6.1722007	6.1556317	6.138695	6.1213932	6.1037286	6.085704	6.0673218	6.0485846	6.0294952	6.0100564	5.9902709	5.9701416	5.9496714	5.9288634	5.9077207	5.8862464	5.8644438	5.8423163	5.8198673	5.7971003	5.7740191	5.7506274	5.7269291	5.7029281	5.6786285	5.6540346	5.6291507	5.6039814	5.5785311	5.5528046	5.5268069	5.5005429	5.4740178	5.4472369	5.4202056	5.3929295	5.3654144	5.3376661	5.3096907	5.2814944	5.2530834	5.2244644	5.195644	5.1666289	5.1374261	5.1080427	5.0784861
-37.0	5.2880067	5.2581219	5.2280804	5.19789	5.1675585	5.1370938	5.1065041	5.0757976	5.0449829	5.0140683	4.9830627	4.9519749	4.9208138	4.8895885	4.8583083	4.8269826	4.7956207	4.7642322	4.732827	4.7014146	4.670005	4.6386082	4.6072342	4.5758931	4.5445952	4.5133508	4.4821701	4.4510635	4.4200416	4.3891147	4.3582934	4.3275883	4.2970098	4.2665686	4.2362753	4.2061405	4.1761747	4.1463885	4.1167925	4.0873972	4.0582131	4.0292507	4.0005204	3.9720325	3.9437974	3.9158253	3.8881264	3.8607108	3.8335885	3.8067695	3.7802635	3.7540803	3.7282296	3.7027209	3.6775635	3.6527669	3.6283402	3.6042924	3.5806325	3.5573693	3.5345113	3.5120673	3.4900454	3.4684539	3.447301	3.4265945	3.4063423	3.3865519	3.3672308	3.3483864	3.3300257	3.3121558	3.2947835	3.2779155	3.2615582	3.245718	3.2304012	3.2156137	3.2013613	3.1876498	3.1744846	3.1618712	3.1498148	3.1383203	3.1273928	3.1170367	3.1072568	3.0980575	3.0894429	3.0814171	3.073984	3.0671475	3.060911	3.055278	3.0502518	3.0458355	3.042032	3.0388442	3.0362746	3.0343257	3.0329998	3.0322991	3.0322255	3.0327807	3.0339665	3.0357843	3.0382353	3.0413207	3.0450413	3.049398	3.0543912	3.0600213	3.0662885	3.0731927	3.0807337	3.0889111	3.0977242	3.1071722	3.117254	3.1279682	3.1393133	3.1512877	3.1638892	3.1771156	3.1909644	3.2054329	3.2205181	3.2362168	3.2525253	3.2694398	3.2869564	3.3050706	3.3237778	3.3430731	3.3629512	3.3834066	3.4044334	3.4260257	3.4481768	3.4708802	3.4941287	3.517915	3.5422314	3.5670699	3.5924223	3.6182799	3.6446338	3.6714748	3.6987932	3.7265794	3.7548231	3.7835138	3.8126409	3.8421932	3.8721594	3.9025279	3.9332867	3.9644239	3.9959267	4.0277827	4.0599788	4.0925019	4.1253385	4.1584751	4.1918977	4.2255923	4.2595446	4.2937403	4.3281647	4.3628032	4.3976407	4.4326623	4.4678529	4.5031971	4.5386797	4.5742852	4.6099981	4.645803	4.6816841	4.717626	4.7536129	4.7896294	4.8256598	4.8616886	4.8977002	4.9336793	4.9696105	5.0054784	5.041268	5.0769641	5.1125518	5.1480164	5.1833431	5.2185176	5.2535256	5.2883529	5.3229857	5.3574102	5.3916131	5.425581	5.4593011	5.4927605	5.5259469	5.5588479	5.5914517	5.6237466	5.6557214	5.6873648	5.7186662	5.7496151	5.7802014	5.8104153	5.8402473	5.8696882	5.8987291	5.9273616	5.9555774	5.9833687	6.010728	6.037648	6.064122	6.0901433	6.1157057	6.1408035	6.165431	6.1895829	6.2132545	6.236441	6.2591382	6.2813422	6.3030492	6.3242559	6.3449592	6.3651563	6.3848446	6.4040221	6.4226867	6.4408366	6.4584705	6.4755872	6.4921857	6.5082654	6.5238256	6.5388662	6.5533871	6.5673885	6.5808707	6.5938342	6.6062798	6.6182084	6.6296211	6.640519	6.6509036	6.6607764	6.670139	6.6789931	6.6873408	6.695184	6.7025248	6.7093654	6.7157082	6.7215554	6.7269097	6.7317734	6.7361493	6.7400398	6.7434478	6.746376	6.7488271	6.7508039	6.7523094	6.7533462	6.7539173	6.7540256	6.753674	6.7528652	6.7516023	6.7498881	6.7477255	6.7451172	6.7420663	6.7385753	6.7346473	6.7302848	6.7254908	6.7202678	6.7146187	6.7085459	6.7020522	6.6951402	6.6878124	6.6800713	6.6719194	6.6633592	6.654393	6.6450234	6.6352526	6.625083	6.6145168	6.6035564	6.5922039	6.5804617	6.5683318	6.5558165	6.5429179	6.5296382	6.5159795	6.501944	6.4875337	6.4727507	6.4575973	6.4420754	6.4261873	6.4099351	6.393321	6.3763471	6.3590156	6.3413288	6.323289	6.3048985	6.2861596	6.2670747	6.2476463	6.2278769	6.207769	6.1873253	6.1665485	6.1454414	6.1240068	6.1022477	6.0801671	6.0577681	6.035054	6.012028	5.9886936	5.9650544	5.941114	5.9168761	5.8923447	5.8675238	5.8424174	5.81703	5.7913658	5.7654296	5.7392258	5.7127595	5.6860355	5.659059	5.6318354	5.6043699	5.5766683	5.5487363	5.5205797	5.4922047	5.4636175	5.4348245	5.4058322	5.3766473	5.3472767	5.3177274
-36.0	5.529491	5.499691	5.4697288	5.439612	5.4093481	5.3789449	5.3484104	5.3177527	5.28698	5.2561007	5.2251234	5.1940568	5.1629097	5.1316912	5.1004104	5.0690766	5.0376991	5.0062876	4.9748515	4.9434008	4.9119452	4.8804947	4.8490594	4.8176495	4.7862752	4.7549468	4.7236748	4.6924697	4.6613419	4.630302	4.5993608	4.5685288	4.5378169	4.5072357	4.4767961	4.4465088	4.4163846	4.3864343	4.3566687	4.3270986	4.2977347	4.2685878	4.2396686	4.2109877	4.1825558	4.1543833	4.1264809	4.0988589	4.0715277	4.0444976	4.0177789	3.9913815	3.9653156	3.939591	3.9142176	3.8892051	3.864563	3.8403009	3.816428	3.7929537	3.7698869	3.7472367	3.7250118	3.7032209	3.6818726	3.6609751	3.6405368	3.6205657	3.6010697	3.5820565	3.5635338	3.545509	3.5279893	3.5109818	3.4944936	3.4785313	3.4631015	3.4482107	3.4338652	3.420071	3.406834	3.3941601	3.3820547	3.3705233	3.3595711	3.3492032	3.3394244	3.3302395	3.321653	3.3136694	3.3062927	3.299527	3.2933761	3.2878438	3.2829335	3.2786485	3.274992	3.2719669	3.269576	3.267822	3.2667072	3.2662339	3.2664041	3.2672197	3.2686823	3.2707935	3.2735545	3.2769663	3.28103	3.2857461	3.2911152	3.2971374	3.3038129	3.3111414	3.3191226	3.3277558	3.3370403	3.3469748	3.3575581	3.3687885	3.3806644	3.3931835	3.4063436	3.4201421	3.4345761	3.4496424	3.4653376	3.4816582	3.4986	3.5161587	3.53433	3.5531088	3.57249	3.5924681	3.6130374	3.6341917	3.6559248	3.6782297	3.7010996	3.7245271	3.7485044	3.7730236	3.7980763	3.8236539	3.8497475	3.8763477	3.903445	3.9310294	3.9590907	3.9876184	4.0166015	4.046029	4.0758893	4.1061708	4.1368613	4.1679486	4.19942	4.2312628	4.2634637	4.2960094	4.3288862	4.3620805	4.3955779	4.4293644	4.4634253	4.497746	4.5323117	4.5671073	4.6021176	4.6373274	4.6727211	4.7082833	4.7439982	4.7798501	4.8158231	4.8519015	4.8880692	4.9243102	4.9606087	4.9969486	5.0333139	5.0696887	5.1060572	5.1424033	5.1787115	5.214966	5.2511512	5.2872516	5.3232519	5.3591369	5.3948915	5.4305009	5.4659503	5.5012251	5.5363112	5.5711944	5.6058608	5.6402968	5.6744889	5.7084242	5.7420896	5.7754726	5.8085609	5.8413425	5.8738057	5.9059389	5.9377312	5.9691718	6.0002501	6.030956	6.0612798	6.091212	6.1207434	6.1498652	6.178569	6.2068466	6.2346904	6.2620929	6.289047	6.315546	6.3415835	6.3671535	6.3922502	6.4168683	6.4410028	6.464649	6.4878024	6.5104591	6.5326153	6.5542676	6.5754128	6.5960483	6.6161714	6.6357799	6.654872	6.673446	6.6915004	6.7090342	6.7260465	6.7425367	6.7585044	6.7739495	6.788872	6.8032724	6.817151	6.8305086	6.8433461	6.8556646	6.8674654	6.8787499	6.8895197	6.8997765	6.9095222	6.9187589	6.9274887	6.9357138	6.9434367	6.9506598	6.9573857	6.963617	6.9693564	6.9746068	6.9793711	6.9836521	6.9874529	6.9907763	6.9936256	6.9960038	6.997914	6.9993592	7.0003427	7.0008676	7.0009371	7.0005542	6.9997221	6.998444	6.9967228	6.9945618	6.991964	6.9889324	6.9854699	6.9815797	6.9772645	6.9725274	6.9673711	6.9617984	6.9558122	6.9494151	6.9426098	6.935399	6.9277851	6.9197709	6.9113586	6.9025508	6.8933499	6.8837582	6.873778	6.8634116	6.8526611	6.8415287	6.8300167	6.818127	6.8058618	6.793223	6.7802127	6.7668329	6.7530855	6.7389724	6.7244956	6.709657	6.6944585	6.6789019	6.6629893	6.6467224	6.6301032	6.6131336	6.5958155	6.5781509	6.5601419	6.5417903	6.5230984	6.504068	6.4847015	6.465001	6.4449687	6.424607	6.4039181	6.3829047	6.3615691	6.339914	6.3179421	6.2956561	6.2730589	6.2501535	6.226943	6.2034306	6.1796194	6.1555131	6.131115	6.1064289	6.0814585	6.0562078	6.0306809	6.0048819	5.9788152	5.9524853	5.9258968	5.8990546	5.8719636	5.8446289	5.8170558	5.7892498	5.7612163	5.7329613	5.7044906	5.6758104	5.6469268	5.6178464	5.5885758	5.5591216
-35.0	5.7727075	5.7430832	5.7132918	5.6833405	5.6532366	5.6229878	5.5926017	5.5620863	5.5314495	5.5006997	5.4698453	5.4388947	5.4078568	5.3767403	5.3455543	5.314308	5.2830106	5.2516717	5.2203007	5.1889075	5.1575017	5.1260934	5.0946927	5.0633096	5.0319545	5.0006378	4.9693698	4.9381611	4.9070224	4.8759643	4.8449975	4.8141329	4.7833813	4.7527536	4.7222607	4.6919136	4.6617232	4.6317006	4.6018568	4.5722027	4.5427494	4.5135078	4.4844888	4.4557035	4.4271628	4.3988774	4.3708581	4.3431158	4.3156611	4.2885047	4.261657	4.2351286	4.2089299	4.1830711	4.1575624	4.1324139	4.1076356	4.0832374	4.0592291	4.0356201	4.0124201	3.9896384	3.9672843	3.9453668	3.9238948	3.9028773	3.8823228	3.8622399	3.8426368	3.8235218	3.8049028	3.7867879	3.7691845	3.7521003	3.7355426	3.7195186	3.7040354	3.6890996	3.6747181	3.6608972	3.6476433	3.6349625	3.6228608	3.6113438	3.6004173	3.5900865	3.5803567	3.571233	3.5627201	3.5548227	3.5475454	3.5408923	3.5348676	3.5294751	3.5247186	3.5206016	3.5171275	3.5142992	3.5121199	3.5105921	3.5097185	3.5095014	3.5099428	3.5110447	3.5128089	3.5152367	3.5183295	3.5220883	3.5265139	3.5316071	3.537368	3.543797	3.5508939	3.5586583	3.5670898	3.5761874	3.5859502	3.5963767	3.6074654	3.6192145	3.6316217	3.6446848	3.6584009	3.6727673	3.6877805	3.7034371	3.7197333	3.7366648	3.7542273	3.7724159	3.7912257	3.8106513	3.8306869	3.8513265	3.8725638	3.8943922	3.9168046	3.9397937	3.9633519	3.9874712	4.0121433	4.0373594	4.0631107	4.0893878	4.1161811	4.1434806	4.1712761	4.1995569	4.2283121	4.2575304	4.2872003	4.31731	4.3478472	4.3787996	4.4101544	4.4418986	4.4740189	4.5065017	4.5393333	4.5724997	4.6059865	4.6397792	4.6738632	4.7082235	4.742845	4.7777125	4.8128104	4.8481233	4.8836353	4.9193306	4.9551932	4.991207	5.0273559	5.0636237	5.0999941	5.1364508	5.1729773	5.2095575	5.2461748	5.2828131	5.3194559	5.3560872	5.3926906	5.4292501	5.4657497	5.5021735	5.5385058	5.5747309	5.6108333	5.6467977	5.6826091	5.7182524	5.753713	5.7889763	5.824028	5.8588541	5.8934407	5.9277744	5.9618418	5.99563	6.0291262	6.0623182	6.0951937	6.127741	6.1599486	6.1918054	6.2233006	6.2544237	6.2851647	6.3155136	6.3454611	6.3749981	6.4041159	6.4328061	6.4610607	6.488872	6.5162329	6.5431363	6.5695756	6.5955447	6.6210377	6.646049	6.6705736	6.6946066	6.7181435	6.7411803	6.7637131	6.7857384	6.8072531	6.8282544	6.8487398	6.868707	6.8881543	6.9070799	6.9254825	6.9433611	6.9607149	6.9775435	6.9938465	7.0096239	7.024876	7.0396033	7.0538063	7.0674861	7.0806437	7.0932804	7.1053977	7.1169972	7.1280808	7.1386504	7.1487083	7.1582566	7.1672978	7.1758345	7.1838692	7.1914048	7.1984441	7.20499	7.2110456	7.216614	7.2216984	7.226302	7.230428	7.2340798	7.2372608	7.2399744	7.2422239	7.2440129	7.2453447	7.2462227	7.2466505	7.2466315	7.246169	7.2452666	7.2439275	7.2421551	7.2399528	7.2373238	7.2342715	7.2307989	7.2269092	7.2226057	7.2178913	7.212769	7.2072418	7.2013126	7.1949842	7.1882594	7.181141	7.1736315	7.1657336	7.1574498	7.1487826	7.1397344	7.1303075	7.1205042	7.1103268	7.0997774	7.0888582	7.0775711	7.0659184	7.0539018	7.0415234	7.028785	7.0156884	7.0022355	6.9884279	6.9742676	6.9597561	6.9448951	6.9296864	6.9141316	6.8982323	6.8819901	6.8654068	6.8484839	6.8312232	6.8136262	6.7956947	6.7774303	6.7588349	6.7399102	6.720658	6.7010801	6.6811785	6.6609552	6.6404121	6.6195513	6.5983751	6.5768857	6.5550853	6.5329764	6.5105615	6.4878432	6.4648242	6.4415073	6.4178954	6.3939916	6.369799	6.3453209	6.3205608	6.2955222	6.2702088	6.2446244	6.218773	6.1926587	6.1662859	6.139659	6.1127825	6.0856613	6.0583003	6.0307045	6.0028793	5.9748302	5.9465626	5.9180824	5.8893956	5.8605083	5.8314268	5.8021577
-34.0	6.0171303	5.9877746	5.9582472	5.9285553	5.8987059	5.8687062	5.8385638	5.8082864	5.7778818	5.747358	5.7167232	5.6859859	5.6551544	5.6242376	5.5932444	5.5621837	5.5310647	5.4998967	5.4686894	5.4374522	5.4061949	5.3749275	5.34366	5.3124024	5.2811651	5.2499584	5.2187928	5.1876788	5.1566272	5.1256486	5.0947539	5.063954	5.0332597	5.0026822	4.9722324	4.9419216	4.9117607	4.8817611	4.8519338	4.82229	4.792841	4.763598	4.7345722	4.7057746	4.6772166	4.6489092	4.6208635	4.5930906	4.5656014	4.5384069	4.5115179	4.4849453	4.4586998	4.432792	4.4072325	4.3820317	4.3572	4.3327476	4.3086847	4.2850213	4.2617672	4.2389324	4.2165263	4.1945585	4.1730383	4.151975	4.1313777	4.1112552	4.0916163	4.0724696	4.0538236	4.0356865	4.0180664	4.0009712	3.9844088	3.9683866	3.9529122	3.9379926	3.9236351	3.9098464	3.8966331	3.8840019	3.8719589	3.8605104	3.8496621	3.8394199	3.8297892	3.8207754	3.8123837	3.8046188	3.7974857	3.7909888	3.7851324	3.7799206	3.7753574	3.7714465	3.7681914	3.7655953	3.7636613	3.7623922	3.7617908	3.7618593	3.7626	3.7640149	3.7661055	3.7688735	3.7723202	3.7764464	3.781253	3.7867405	3.7929091	3.799759	3.8072899	3.8155012	3.8243922	3.8339619	3.844209	3.8551318	3.8667286	3.8789971	3.8919349	3.9055393	3.9198073	3.9347354	3.9503201	3.9665573	3.9834429	4.0009721	4.0191402	4.0379418	4.0573714	4.077423	4.0980905	4.1193672	4.1412463	4.1637205	4.1867822	4.2104234	4.234636	4.2594113	4.2847402	4.3106136	4.3370218	4.3639548	4.3914022	4.4193535	4.4477977	4.4767235	4.5061193	4.535973	4.5662726	4.5970054	4.6281586	4.659719	4.6916733	4.7240078	4.7567084	4.789761	4.8231512	4.8568642	4.8908852	4.9251989	4.9597901	4.9946433	5.0297427	5.0650725	5.1006167	5.1363592	5.1722836	5.2083736	5.2446128	5.2809845	5.3174722	5.3540593	5.3907289	5.4274645	5.4642492	5.5010665	5.5378995	5.5747318	5.6115467	5.6483278	5.6850585	5.7217228	5.7583043	5.794787	5.831155	5.8673927	5.9034844	5.9394148	5.9751687	6.0107312	6.0460876	6.0812235	6.1161245	6.1507769	6.1851668	6.2192808	6.253106	6.2866295	6.3198389	6.3527218	6.3852667	6.4174619	6.4492963	6.480759	6.5118397	6.5425283	6.5728149	6.6026903	6.6321454	6.6611716	6.6897606	6.7179045	6.7455959	6.7728276	6.7995928	6.825885	6.8516984	6.8770272	6.9018661	6.9262103	6.950055	6.9733962	6.9962299	7.0185526	7.0403611	7.0616527	7.0824247	7.102675	7.1224018	7.1416033	7.1602785	7.1784262	7.1960459	7.213137	7.2296996	7.2457336	7.2612395	7.2762179	7.2906696	7.3045958	7.3179977	7.3308768	7.3432348	7.3550737	7.3663955	7.3772024	7.3874969	7.3972815	7.4065588	7.4153318	7.4236034	7.4313766	7.4386547	7.4454408	7.4517383	7.4575507	7.4628815	7.4677342	7.4721125	7.47602	7.4794604	7.4824374	7.4849549	7.4870165	7.4886261	7.4897875	7.4905043	7.4907805	7.4906196	7.4900255	7.4890019	7.4875524	7.4856806	7.4833902	7.4806847	7.4775675	7.4740421	7.4701119	7.4657803	7.4610503	7.4559254	7.4504084	7.4445026	7.4382109	7.4315362	7.4244813	7.417049	7.4092419	7.4010627	7.3925139	7.3835979	7.3743171	7.3646739	7.3546704	7.3443087	7.3335911	7.3225195	7.3110958	7.299322	7.2871999	7.2747312	7.2619177	7.248761	7.2352627	7.2214245	7.2072477	7.192734	7.1778848	7.1627015	7.1471855	7.1313382	7.115161	7.0986552	7.0818222	7.0646634	7.0471801	7.0293736	7.0112454	6.9927969	6.9740296	6.9549448	6.9355442	6.9158292	6.8958014	6.8754627	6.8548145	6.8338588	6.8125975	6.7910323	6.7691655	6.7469991	6.7245352	6.7017763	6.6787247	6.655383	6.6317538	6.6078399	6.5836442	6.5591697	6.5344196	6.5093971	6.4841057	6.4585491	6.4327309	6.4066551	6.3803258	6.3537471	6.3269234	6.2998594	6.2725598	6.2450295	6.2172735	6.1892972	6.161106	6.1327056	6.1041017	6.0753003	6.0463078
-33.0	6.2622182	6.2332253	6.204057	6.1747199	6.1452209	6.115567	6.0857654	6.0558235	6.025749	5.9955496	5.9652333	5.9348082	5.9042827	5.8736653	5.8429648	5.8121899	5.7813498	5.7504535	5.7195106	5.6885304	5.6575227	5.6264972	5.595464	5.5644331	5.5334147	5.5024191	5.4714569	5.4405386	5.4096748	5.3788764	5.3481542	5.3175191	5.2869822	5.2565546	5.2262474	5.1960718	5.1660391	5.1361607	5.1064478	5.0769118	5.0475642	5.0184162	4.9894794	4.9607651	4.9322847	4.9040496	4.876071	4.8483604	4.8209291	4.7937881	4.7669487	4.7404221	4.7142192	4.6883511	4.6628285	4.6376624	4.6128634	4.5884421	4.564409	4.5407745	4.517549	4.4947425	4.472365	4.4504265	4.4289367	4.4079053	4.3873416	4.367255	4.3476546	4.3285495	4.3099485	4.2918603	4.2742933	4.2572559	4.2407562	4.2248022	4.2094017	4.1945623	4.1802913	4.1665961	4.1534837	4.1409608	4.1290342	4.1177102	4.1069952	4.096895	4.0874156	4.0785626	4.0703413	4.0627571	4.0558148	4.0495192	4.0438748	4.0388861	4.034557	4.0308916	4.0278933	4.0255656	4.0239118	4.0229347	4.0226372	4.0230215	4.0240901	4.0258447	4.0282873	4.0314193	4.0352418	4.0397558	4.0449621	4.0508611	4.0574528	4.0647373	4.0727141	4.0813825	4.0907415	4.1007899	4.1115262	4.1229485	4.1350545	4.147842	4.161308	4.1754495	4.1902631	4.205745	4.2218912	4.2386973	4.2561586	4.2742699	4.293026	4.312421	4.3324489	4.3531032	4.3743771	4.3962635	4.4187549	4.4418435	4.4655211	4.4897791	4.5146086	4.5400003	4.5659448	4.5924319	4.6194515	4.6469928	4.6750449	4.7035965	4.7326359	4.7621511	4.7921299	4.8225596	4.8534273	4.8847197	4.9164235	4.9485246	4.9810091	5.0138627	5.0470706	5.080618	5.11449	5.148671	5.1831456	5.2178981	5.2529126	5.2881729	5.3236628	5.3593658	5.3952656	5.4313452	5.4675882	5.5039774	5.5404962	5.5771273	5.6138539	5.6506589	5.6875252	5.7244358	5.7613735	5.7983215	5.8352627	5.8721803	5.9090575	5.9458775	5.9826239	6.0192801	6.0558298	6.092257	6.1285456	6.1646798	6.2006441	6.2364232	6.2720019	6.3073652	6.3424987	6.3773879	6.4120187	6.4463774	6.4804504	6.5142245	6.547687	6.5808253	6.613627	6.6460805	6.6781742	6.7098969	6.7412379	6.7721866	6.8027332	6.8328678	6.8625813	6.8918646	6.9207093	6.9491072	6.9770505	7.004532	7.0315446	7.0580817	7.0841372	7.1097051	7.1347801	7.1593572	7.1834315	7.2069988	7.2300552	7.2525971	7.2746212	7.2961246	7.3171049	7.3375599	7.3574876	7.3768867	7.3957557	7.4140939	7.4319007	7.4491757	7.4659189	7.4821306	7.4978112	7.5129617	7.527583	7.5416763	7.5552433	7.5682855	7.580805	7.5928039	7.6042844	7.6152492	7.6257009	7.6356423	7.6450765	7.6540065	7.6624356	7.6703672	7.6778048	7.6847521	7.6912127	7.6971903	7.7026889	7.7077124	7.7122647	7.7163499	7.7199721	7.7231353	7.7258437	7.7281014	7.7299125	7.7312813	7.7322119	7.7327083	7.7327747	7.7324152	7.7316339	7.7304347	7.7288216	7.7267987	7.7243696	7.7215383	7.7183085	7.7146839	7.7106682	7.7062647	7.7014772	7.6963088	7.6907629	7.6848428	7.6785516	7.6718924	7.664868	7.6574814	7.6497354	7.6416327	7.6331758	7.6243673	7.6152096	7.6057051	7.5958559	7.5856643	7.5751322	7.5642618	7.5530549	7.5415133	7.5296389	7.5174332	7.5048979	7.4920345	7.4788445	7.4653293	7.4514903	7.4373288	7.422846	7.4080432	7.3929215	7.3774821	7.361726	7.3456545	7.3292685	7.3125691	7.2955574	7.2782343	7.260601	7.2426585	7.2244079	7.2058502	7.1869866	7.1678183	7.1483464	7.1285721	7.1084967	7.0881217	7.0674483	7.0464781	7.0252126	7.0036534	6.9818022	6.9596609	6.9372314	6.9145156	6.8915157	6.8682339	6.8446726	6.8208343	6.7967215	6.7723371	6.7476838	6.7227649	6.6975834	6.6721426	6.6464462	6.6204977	6.594301	6.5678601	6.5411792	6.5142626	6.4871149	6.4597408	6.4321451	6.4043331	6.3763099	6.3480811	6.3196522	6.2910292
-32.0	6.5074164	6.4788818	6.4501686	6.4212832	6.392232	6.3630217	6.3336593	6.304152	6.2745069	6.2447318	6.2148342	6.1848221	6.1547037	6.1244872	6.0941811	6.0637942	6.0333351	6.0028131	5.9722373	5.9416171	5.9109619	5.8802816	5.849586	5.818885	5.7881889	5.7575078	5.7268523	5.6962329	5.6656601	5.6351449	5.604698	5.5743305	5.5440535	5.513878	5.4838153	5.4538767	5.4240736	5.3944174	5.3649195	5.3355916	5.3064451	5.2774915	5.2487425	5.2202097	5.1919047	5.163839	5.1360242	5.108472	5.0811937	5.0542009	5.0275051	5.0011176	4.9750497	4.9493129	4.9239181	4.8988767	4.8741995	4.8498976	4.8259817	4.8024627	4.7793512	4.7566576	4.7343923	4.7125657	4.6911878	4.6702686	4.649818	4.6298456	4.610361	4.5913735	4.5728925	4.5549269	4.5374855	4.5205772	4.5042104	4.4883934	4.4731345	4.4584415	4.4443222	4.4307843	4.417835	4.4054816	4.3937309	4.3825898	4.3720648	4.3621623	4.3528882	4.3442485	4.336249	4.3288949	4.3221916	4.316144	4.3107568	4.3060346	4.3019817	4.2986021	4.2958995	4.2938776	4.2925395	4.2918884	4.291927	4.2926578	4.2940831	4.2962049	4.299025	4.3025446	4.3067651	4.3116873	4.3173118	4.3236389	4.3306687	4.3384008	4.3468347	4.3559695	4.3658041	4.3763369	4.3875661	4.3994895	4.4121048	4.4254091	4.4393993	4.454072	4.4694232	4.485449	4.5021448	4.5195058	4.5375268	4.5562022	4.5755262	4.5954926	4.6160946	4.6373253	4.6591773	4.681643	4.7047143	4.7283828	4.7526396	4.7774755	4.8028811	4.8288465	4.8553614	4.8824152	4.9099969	4.9380953	4.9666987	4.9957951	5.0253721	5.0554173	5.0859174	5.1168594	5.1482296	5.180014	5.2121986	5.2447688	5.2777099	5.3110069	5.3446447	5.3786076	5.41288	5.447446	5.4822895	5.517394	5.5527433	5.5883205	5.624109	5.6600918	5.6962518	5.732572	5.7690351	5.8056237	5.8423207	5.8791086	5.9159699	5.9528873	5.9898435	6.0268209	6.0638023	6.1007705	6.1377083	6.1745985	6.2114243	6.2481687	6.284815	6.3213467	6.3577475	6.394001	6.4300914	6.4660029	6.5017198	6.537227	6.5725093	6.607552	6.6423407	6.676861	6.7110991	6.7450414	6.7786747	6.8119861	6.8449628	6.8775928	6.9098641	6.9417653	6.9732852	7.004413	7.0351384	7.0654513	7.0953422	7.124802	7.1538217	7.1823929	7.2105078	7.2381586	7.2653382	7.2920398	7.318257	7.3439837	7.3692145	7.3939441	7.4181676	7.4418807	7.4650794	7.4877599	7.509919	7.5315538	7.5526617	7.5732405	7.5932885	7.612804	7.6317859	7.6502334	7.668146	7.6855234	7.7023658	7.7186735	7.7344472	7.7496879	7.7643967	7.7785751	7.7922249	7.8053479	7.8179464	7.8300227	7.8415794	7.8526193	7.8631453	7.8731607	7.8826686	7.8916726	7.9001762	7.9081831	7.9156973	7.9227226	7.9292632	7.9353231	7.9409066	7.946018	7.9506617	7.954842	7.9585635	7.9618306	7.9646479	7.9670199	7.9689511	7.970446	7.9715094	7.9721456	7.9723592	7.9721546	7.9715363	7.9705088	7.9690763	7.9672431	7.9650136	7.962392	7.9593822	7.9559883	7.9522144	7.9480643	7.9435418	7.9386506	7.9333943	7.9277765	7.9218005	7.9154697	7.9087873	7.9017564	7.8943801	7.8866613	7.8786027	7.8702071	7.861477	7.8524151	7.8430235	7.8333047	7.8232609	7.812894	7.8022061	7.791199	7.7798746	7.7682346	7.7562805	7.7440138	7.7314361	7.7185487	7.7053528	7.6918497	7.6780405	7.6639263	7.6495081	7.6347868	7.6197634	7.6044388	7.5888137	7.572889	7.5566655	7.5401438	7.5233247	7.506209	7.4887973	7.4710904	7.4530889	7.4347937	7.4162054	7.3973248	7.3781528	7.3586901	7.3389377	7.3188966	7.2985677	7.277952	7.2570508	7.2358652	7.2143966	7.1926463	7.1706158	7.1483067	7.1257207	7.1028596	7.0797253	7.0563199	7.0326456	7.0087046	6.9844995	6.9600328	6.9353074	6.9103261	6.885092	6.8596083	6.8338786	6.8079063	6.7816953	6.7552495	6.728573	6.7016701	6.6745455	6.6472037	6.6196496	6.5918885	6.5639255	6.5357663
-31.0	6.7521587	6.7241788	6.6960177	6.6676814	6.6391762	6.6105085	6.5816847	6.5527119	6.5235969	6.494347	6.4649697	6.4354726	6.4058635	6.3761506	6.3463421	6.3164465	6.2864724	6.2564286	6.2263242	6.1961684	6.1659705	6.1357402	6.1054871	6.0752212	6.0449524	6.0146911	5.9844475	5.9542321	5.9240555	5.8939285	5.863862	5.8338669	5.8039543	5.7741353	5.7444214	5.7148237	5.6853539	5.6560232	5.6268435	5.5978261	5.5689829	5.5403256	5.5118658	5.4836153	5.4555859	5.4277894	5.4002376	5.3729422	5.3459149	5.3191676	5.2927118	5.2665593	5.2407216	5.2152104	5.190037	5.1652129	5.1407494	5.1166579	5.0929494	5.0696349	5.0467256	5.0242321	5.0021653	4.9805358	4.9593539	4.9386301	4.9183745	4.8985972	4.8793081	4.8605169	4.8422332	4.8244664	4.8072257	4.7905202	4.7743587	4.75875	4.7437025	4.7292245	4.7153241	4.7020092	4.6892875	4.6771665	4.6656535	4.6547554	4.6444792	4.6348313	4.6258183	4.6174462	4.6097209	4.6026481	4.5962333	4.5904816	4.5853979	4.580987	4.5772532	4.5742008	4.5718336	4.5701553	4.5691692	4.5688786	4.5692861	4.5703944	4.5722057	4.5747221	4.5779451	4.5818762	4.5865166	4.5918669	4.5979277	4.6046993	4.6121813	4.6203735	4.629275	4.6388848	4.6492014	4.660223	4.6719476	4.6843728	4.6974957	4.7113133	4.725822	4.741018	4.7568972	4.7734549	4.7906863	4.8085861	4.8271486	4.8463677	4.8662371	4.8867501	4.9078994	4.9296776	4.9520766	4.9750883	4.998704	5.0229147	5.0477109	5.0730829	5.0990204	5.1255131	5.1525499	5.1801197	5.2082108	5.2368113	5.2659089	5.2954909	5.3255443	5.3560559	5.387012	5.4183986	5.4502015	5.4824063	5.5149979	5.5479615	5.5812815	5.6149424	5.6489283	5.6832232	5.7178108	5.7526744	5.7877976	5.8231634	5.8587548	5.8945547	5.9305457	5.9667105	6.0030316	6.0394914	6.0760723	6.1127565	6.1495264	6.1863642	6.2232522	6.2601726	6.2971079	6.3340404	6.3709525	6.4078268	6.4446459	6.4813926	6.5180497	6.5546003	6.5910277	6.6273152	6.6634464	6.6994052	6.7351756	6.7707418	6.8060885	6.8412004	6.8760626	6.9106605	6.9449799	6.9790067	7.0127272	7.0461283	7.0791968	7.1119202	7.1442862	7.176283	7.2078991	7.2391234	7.2699451	7.300354	7.3303402	7.3598941	7.3890067	7.4176693	7.4458736	7.4736118	7.5008765	7.5276606	7.5539575	7.5797612	7.6050657	7.6298659	7.6541566	7.6779334	7.7011921	7.7239291	7.7461409	7.7678245	7.7889775	7.8095976	7.8296829	7.849232	7.8682438	7.8867174	7.9046525	7.9220489	7.9389067	7.9552267	7.9710094	7.9862561	8.0009681	8.015147	8.0287949	8.0419138	8.0545062	8.0665747	8.0781221	8.0891516	8.0996663	8.1096697	8.1191654	8.1281572	8.136649	8.144645	8.1521492	8.159166	8.1657	8.1717554	8.1773372	8.1824498	8.1870981	8.1912868	8.195021	8.1983055	8.2011451	8.203545	8.2055101	8.2070453	8.2081556	8.208846	8.2091214	8.2089867	8.2084469	8.2075066	8.2061708	8.2044441	8.2023312	8.1998366	8.1969649	8.1937206	8.1901079	8.1861311	8.1817945	8.177102	8.1720576	8.1666653	8.1609286	8.1548514	8.1484371	8.1416891	8.1346108	8.1272053	8.1194757	8.1114249	8.1030558	8.0943711	8.0853732	8.0760648	8.0664482	8.0565255	8.0462989	8.0357703	8.0249417	8.0138149	8.0023915	7.990673	7.9786609	7.9663565	7.9537612	7.9408761	7.9277022	7.9142406	7.9004922	7.8864578	7.8721381	7.8575339	7.8426459	7.8274745	7.8120204	7.7962841	7.7802659	7.7639663	7.7473858	7.7305247	7.7133833	7.695962	7.6782612	7.6602812	7.6420225	7.6234853	7.6046701	7.5855774	7.5662077	7.5465614	7.5266392	7.5064417	7.4859697	7.4652239	7.4442052	7.4229145	7.4013529	7.3795216	7.3574217	7.3350547	7.312422	7.2895253	7.2663663	7.2429468	7.2192689	7.1953347	7.1711465	7.146707	7.1220185	7.0970841	7.0719066	7.0464893	7.0208354	6.9949485	6.9688323	6.9424907	6.9159278	6.889148	6.8621556	6.8349555	6.8075526	6.7799518
-30.0	6.9958692	6.9685405	6.941029	6.9133401	6.8854797	6.8574539	6.8292689	6.8009311	6.7724474	6.7438245	6.7150697	6.6861903	6.6571939	6.6280883	6.5988815	6.5695816	6.5401972	6.5107368	6.4812092	6.4516235	6.4219888	6.3923146	6.3626104	6.3328859	6.3031511	6.2734161	6.2436911	6.2139864	6.1843128	6.1546807	6.1251011	6.0955849	6.0661431	6.036787	6.0075278	5.9783769	5.9493458	5.9204461	5.8916893	5.8630873	5.8346517	5.8063943	5.7783271	5.7504619	5.7228106	5.6953852	5.6681977	5.6412599	5.6145839	5.5881815	5.5620646	5.5362453	5.5107352	5.4855462	5.46069	5.4361784	5.4120228	5.3882349	5.3648262	5.3418078	5.3191912	5.2969875	5.2752077	5.2538627	5.2329634	5.2125204	5.1925441	5.1730451	5.1540334	5.1355193	5.1175125	5.1000229	5.0830599	5.066633	5.0507514	5.0354241	5.0206598	5.0064672	4.9928547	4.9798306	4.9674027	4.9555789	4.9443667	4.9337734	4.9238062	4.9144718	4.9057769	4.8977278	4.8903308	4.8835916	4.8775159	4.872109	4.8673761	4.863322	4.8599512	4.857268	4.8552765	4.8539804	4.8533832	4.8534878	4.8542974	4.8558144	4.858041	4.8609793	4.8646308	4.868997	4.8740788	4.8798769	4.8863918	4.8936234	4.9015714	4.9102352	4.9196139	4.9297061	4.9405101	4.9520239	4.9642452	4.9771712	4.9907987	5.0051244	5.0201443	5.0358542	5.0522496	5.0693254	5.0870763	5.1054965	5.12458	5.1443201	5.1647101	5.1857425	5.2074097	5.2297036	5.2526158	5.2761374	5.3002591	5.3249713	5.3502641	5.3761269	5.4025491	5.4295194	5.4570264	5.4850582	5.5136024	5.5426466	5.5721777	5.6021825	5.6326474	5.6635583	5.694901	5.726661	5.7588233	5.7913728	5.8242941	5.8575713	5.8911887	5.9251299	5.9593786	5.993918	6.0287314	6.0638016	6.0991116	6.1346439	6.170381	6.2063054	6.2423991	6.2786445	6.3150236	6.3515184	6.3881109	6.4247832	6.461517	6.4982945	6.5350975	6.5719082	6.6087086	6.6454809	6.6822073	6.7188703	6.7554523	6.791936	6.8283043	6.8645401	6.9006267	6.9365474	6.9722859	7.007826	7.043152	7.0782481	7.1130991	7.14769	7.1820061	7.2160329	7.2497565	7.2831631	7.3162393	7.3489722	7.3813492	7.4133579	7.4449867	7.4762239	7.5070587	7.5374802	7.5674783	7.5970433	7.6261656	7.6548364	7.6830471	7.7107897	7.7380564	7.76484	7.7911337	7.8169311	7.8422263	7.8670138	7.8912884	7.9150456	7.938281	7.9609908	7.9831717	8.0048205	8.0259346	8.0465119	8.0665504	8.0860488	8.1050058	8.1234209	8.1412935	8.1586237	8.1754117	8.1916583	8.2073643	8.222531	8.23716	8.251253	8.2648124	8.2778403	8.2903394	8.3023127	8.3137633	8.3246944	8.3351097	8.3450129	8.3544079	8.3632988	8.37169	8.3795858	8.3869908	8.3939097	8.4003473	8.4063087	8.4117987	8.4168225	8.4213853	8.4254923	8.4291489	8.4323604	8.4351322	8.4374697	8.4393784	8.4408635	8.4419307	8.4425853	8.4428327	8.4426782	8.4421272	8.441185	8.4398569	8.4381478	8.4360631	8.4336077	8.4307866	8.4276046	8.4240665	8.4201769	8.4159406	8.4113619	8.4064452	8.4011948	8.3956147	8.3897091	8.3834817	8.3769364	8.3700767	8.3629063	8.3554284	8.3476463	8.339563	8.3311817	8.322505	8.3135357	8.3042763	8.2947294	8.2848971	8.2747816	8.2643849	8.2537091	8.2427557	8.2315265	8.2200231	8.2082467	8.1961988	8.1838805	8.1712928	8.1584367	8.1453131	8.1319228	8.1182665	8.1043446	8.0901578	8.0757065	8.060991	8.0460117	8.0307687	8.0152623	7.9994926	7.9834596	7.9671635	7.9506042	7.9337819	7.9166964	7.8993477	7.8817359	7.8638609	7.8457227	7.8273213	7.8086568	7.7897293	7.7705388	7.7510855	7.7313697	7.7113916	7.6911516	7.67065	7.6498875	7.6288646	7.6075819	7.5860403	7.5642408	7.5421842	7.5198719	7.4973049	7.4744849	7.4514132	7.4280916	7.4045221	7.3807065	7.3566471	7.3323462	7.3078064	7.2830304	7.258021	7.2327813	7.2073146	7.1816245	7.1557144	7.1295885	7.1032506	7.0767051	7.0499565	7.0230096
-29.0	7.2379642	7.2113836	7.1846191	7.1576758	7.1305592	7.1032749	7.0758289	7.0482272	7.0204762	6.9925825	6.9645529	6.9363945	6.9081144	6.8797202	6.8512197	6.8226207	6.7939313	6.7651601	6.7363155	6.7074063	6.6784415	6.6494304	6.6203822	6.5913066	6.5622133	6.5331123	6.5040137	6.4749277	6.4458647	6.4168355	6.3878507	6.3589211	6.3300579	6.3012722	6.2725752	6.2439784	6.2154931	6.1871311	6.1589039	6.1308233	6.1029011	6.0751493	6.0475798	6.0202045	5.9930356	5.966085	5.9393649	5.9128874	5.8866645	5.8607085	5.8350313	5.8096451	5.784562	5.7597938	5.7353527	5.7112505	5.687499	5.6641102	5.6410955	5.6184668	5.5962355	5.5744131	5.5530108	5.5320399	5.5115115	5.4914366	5.4718259	5.4526901	5.4340399	5.4158854	5.3982371	5.3811048	5.3644985	5.3484278	5.3329023	5.3179312	5.3035237	5.2896887	5.2764348	5.2637706	5.2517042	5.2402438	5.2293971	5.2191717	5.209575	5.200614	5.1922955	5.1846262	5.1776123	5.1712599	5.1655749	5.1605627	5.1562286	5.1525775	5.1496142	5.147343	5.1457679	5.1448929	5.1447214	5.1452566	5.1465013	5.1484582	5.1511294	5.1545169	5.1586223	5.1634467	5.1689912	5.1752563	5.1822422	5.1899489	5.1983757	5.207522	5.2173864	5.2279674	5.2392632	5.2512713	5.2639891	5.2774135	5.2915412	5.3063681	5.3218902	5.3381027	5.3550007	5.3725788	5.390831	5.4097514	5.4293331	5.4495692	5.4704523	5.4919746	5.5141277	5.5369032	5.5602919	5.5842844	5.608871	5.6340412	5.6597847	5.6860903	5.7129466	5.7403419	5.768264	5.7967005	5.8256384	5.8550645	5.8849652	5.9153266	5.9461345	5.9773742	6.0090308	6.0410893	6.073534	6.1063492	6.1395189	6.1730268	6.2068563	6.2409907	6.275413	6.3101061	6.3450524	6.3802346	6.4156349	6.4512354	6.4870183	6.5229654	6.5590586	6.5952797	6.6316103	6.6680323	6.7045271	6.7410765	6.7776622	6.8142659	6.8508693	6.8874542	6.9240026	6.9604965	6.9969181	7.0332495	7.0694734	7.1055722	7.1415288	7.1773262	7.2129476	7.2483766	7.2835968	7.3185923	7.3533473	7.3878464	7.4220745	7.4560169	7.489659	7.5229867	7.5559864	7.5886446	7.6209484	7.6528851	7.6844425	7.7156089	7.7463728	7.7767232	7.8066496	7.8361419	7.8651903	7.8937857	7.9219191	7.9495824	7.9767674	8.0034668	8.0296735	8.0553809	8.0805829	8.1052739	8.1294484	8.1531019	8.1762297	8.1988281	8.2208935	8.2424228	8.2634134	8.2838629	8.3037695	8.3231317	8.3419485	8.3602191	8.3779433	8.3951211	8.4117529	8.4278393	8.4433816	8.4583811	8.4728395	8.4867589	8.5001415	8.51299	8.5253073	8.5370964	8.5483609	8.5591041	8.5693302	8.579043	8.5882468	8.5969462	8.6051457	8.6128501	8.6200643	8.6267935	8.6330429	8.6388178	8.6441236	8.6489659	8.6533504	8.6572826	8.6607684	8.6638136	8.666424	8.6686055	8.670364	8.6717054	8.6726356	8.6731606	8.6732861	8.6730181	8.6723623	8.6713246	8.6699105	8.6681259	8.6659763	8.6634671	8.6606039	8.6573919	8.6538364	8.6499425	8.6457153	8.6411597	8.6362805	8.6310823	8.6255697	8.6197472	8.613619	8.6071892	8.600462	8.5934411	8.5861303	8.5785332	8.5706532	8.5624935	8.5540574	8.5453478	8.5363675	8.5271192	8.5176054	8.5078286	8.4977909	8.4874945	8.4769412	8.466133	8.4550713	8.4437579	8.432194	8.4203809	8.4083197	8.3960114	8.383457	8.3706571	8.3576124	8.3443234	8.3307906	8.3170144	8.3029949	8.2887323	8.2742268	8.2594782	8.2444865	8.2292516	8.2137733	8.1980514	8.1820855	8.1658753	8.1494205	8.1327207	8.1157755	8.0985845	8.0811473	8.0634634	8.0455324	8.0273541	8.008928	7.9902539	7.9713314	7.9521604	7.9327406	7.913072	7.8931546	7.8729883	7.8525734	7.83191	7.8109985	7.7898394	7.7684331	7.7467804	7.724882	7.702739	7.6803523	7.6577232	7.6348531	7.6117435	7.5883961	7.5648129	7.5409959	7.5169472	7.4926694	7.4681651	7.443437	7.4184882	7.393322	7.3679417	7.3423509	7.3165536	7.2905538	7.2643558
-28.0	7.4778545	7.4521184	7.4261982	7.4000985	7.3738244	7.3473811	7.3207742	7.2940094	7.2670926	7.2400301	7.2128284	7.185494	7.158034	7.1304556	7.1027661	7.0749731	7.0470846	7.0191086	6.9910534	6.9629276	6.9347398	6.9064992	6.8782147	6.8498959	6.8215522	6.7931935	6.7648296	6.7364708	6.7081272	6.6798094	6.6515281	6.6232939	6.5951179	6.5670111	6.5389848	6.5110502	6.4832189	6.4555025	6.4279125	6.4004607	6.3731591	6.3460196	6.3190541	6.2922748	6.2656937	6.239323	6.2131749	6.1872617	6.1615955	6.1361887	6.1110534	6.086202	6.0616466	6.0373995	6.0134727	5.9898785	5.9666289	5.9437359	5.9212115	5.8990674	5.8773156	5.8559676	5.835035	5.8145293	5.7944619	5.774844	5.7556867	5.7370009	5.7187974	5.7010869	5.6838799	5.6671867	5.6510174	5.635382	5.6202903	5.6057518	5.5917759	5.5783719	5.5655485	5.5533146	5.5416787	5.5306491	5.5202337	5.5104404	5.5012767	5.49275	5.4848671	5.477635	5.4710601	5.4651486	5.4599065	5.4553394	5.4514527	5.4482514	5.4457404	5.443924	5.4428066	5.4423918	5.4426832	5.443684	5.4453971	5.4478249	5.4509698	5.4548336	5.4594176	5.4647232	5.4707511	5.4775017	5.484975	5.4931709	5.5020886	5.511727	5.5220848	5.53316	5.5449505	5.5574537	5.5706666	5.5845857	5.5992073	5.6145271	5.6305405	5.6472426	5.6646278	5.6826903	5.7014238	5.7208217	5.7408768	5.7615816	5.7829282	5.8049083	5.827513	5.8507331	5.8745592	5.8989811	5.9239885	5.9495705	5.975716	6.0024133	6.0296504	6.057415	6.0856943	6.1144752	6.1437441	6.1734872	6.2036903	6.234339	6.2654182	6.2969129	6.3288075	6.3610863	6.3937331	6.4267318	6.4600655	6.4937176	6.5276708	6.561908	6.5964116	6.631164	6.6661473	6.7013435	6.7367344	6.7723018	6.8080273	6.8438924	6.8798787	6.9159676	6.9521404	6.9883785	7.0246634	7.0609764	7.097299	7.1336126	7.169899	7.2061396	7.2423165	7.2784113	7.3144064	7.3502838	7.3860261	7.4216158	7.4570358	7.4922692	7.5272993	7.5621097	7.5966844	7.6310075	7.6650634	7.6988371	7.7323136	7.7654785	7.7983176	7.8308172	7.8629639	7.8947446	7.9261469	7.9571586	7.9877679	8.0179634	8.0477344	8.0770702	8.1059611	8.1343973	8.1623698	8.18987	8.2168896	8.243421	8.2694568	8.2949902	8.320015	8.3445253	8.3685155	8.3919808	8.4149167	8.437319	8.4591841	8.4805089	8.5012907	8.521527	8.5412161	8.5603563	8.5789468	8.5969868	8.614476	8.6314145	8.6478028	8.6636418	8.6789327	8.6936769	8.7078764	8.7215334	8.7346504	8.7472302	8.7592759	8.7707909	8.7817788	8.7922435	8.8021892	8.8116203	8.8205412	8.8289569	8.8368722	8.8442924	8.8512227	8.8576687	8.863636	8.8691303	8.8741575	8.8787236	8.8828346	8.8864967	8.8897161	8.8924991	8.894852	8.8967813	8.8982931	8.8993941	8.9000906	8.9003889	8.9002956	8.8998168	8.898959	8.8977285	8.8961314	8.894174	8.8918622	8.8892023	8.8862	8.8828612	8.8791917	8.875197	8.8708828	8.8662544	8.8613171	8.8560761	8.8505363	8.8447026	8.8385799	8.8321726	8.8254852	8.818522	8.8112871	8.8037845	8.796018	8.7879912	8.7797077	8.7711707	8.7623835	8.7533489	8.7440699	8.734549	8.7247888	8.7147917	8.7045597	8.6940949	8.6833991	8.672474	8.6613212	8.649942	8.6383376	8.6265093	8.6144578	8.6021841	8.5896888	8.5769724	8.5640353	8.5508779	8.5375004	8.5239028	8.5100851	8.4960471	8.4817887	8.4673096	8.4526093	8.4376874	8.4225433	8.4071766	8.3915864	8.3757722	8.3597333	8.3434687	8.3269779	8.3102599	8.2933139	8.2761392	8.2587349	8.2411002	8.2232343	8.2051366	8.1868062	8.1682425	8.1494448	8.1304127	8.1111457	8.0916432	8.071905	8.0519309	8.0317206	8.0112741	7.9905916	7.9696732	7.9485192	7.9271301	7.9055064	7.8836489	7.8615585	7.8392363	7.8166834	7.7939013	7.7708915	7.7476558	7.7241962	7.7005147	7.6766137	7.6524958	7.6281637	7.6036204	7.578869	7.553913	7.5287559	7.5034017
-27.0	7.7149473	7.6901515	7.6651721	7.6400133	7.6146798	7.5891764	7.5635082	7.5376805	7.5116989	7.4855692	7.4592976	7.4328902	7.4063537	7.379695	7.352921	7.3260391	7.2990568	7.271982	7.2448225	7.2175868	7.1902831	7.1629204	7.1355074	7.1080533	7.0805675	7.0530595	7.0255391	6.9980162	6.9705009	6.9430036	6.9155348	6.8881051	6.8607253	6.8334065	6.8061598	6.7789965	6.7519278	6.7249655	6.6981211	6.6714064	6.6448332	6.6184134	6.5921592	6.5660826	6.5401958	6.514511	6.4890405	6.4637966	6.4387916	6.4140378	6.3895478	6.3653338	6.3414081	6.3177833	6.2944715	6.2714851	6.2488363	6.2265373	6.2046002	6.1830371	6.1618601	6.1410809	6.1207114	6.1007633	6.0812481	6.0621774	6.0435624	6.0254144	6.0077444	5.9905633	5.9738818	5.9577105	5.9420597	5.9269398	5.9123607	5.8983321	5.8848638	5.8719652	5.8596453	5.8479132	5.8367776	5.8262469	5.8163295	5.8070332	5.7983659	5.790335	5.7829477	5.7762108	5.7701312	5.7647151	5.7599685	5.7558973	5.7525069	5.7498025	5.7477889	5.7464705	5.7458517	5.7459362	5.7467276	5.7482291	5.7504435	5.7533732	5.7570205	5.761387	5.7664742	5.7722831	5.7788144	5.7860683	5.7940447	5.8027431	5.8121627	5.822302	5.8331596	5.8447331	5.8570202	5.8700179	5.8837229	5.8981314	5.9132392	5.9290418	5.9455342	5.9627109	5.980566	5.9990932	6.0182858	6.0381366	6.058638	6.079782	6.1015602	6.1239637	6.1469831	6.1706087	6.1948304	6.2196376	6.2450193	6.2709642	6.2974603	6.3244956	6.3520574	6.3801328	6.4087084	6.4377704	6.4673048	6.4972972	6.5277327	6.5585962	6.5898722	6.6215451	6.6535987	6.6860167	6.7187825	6.7518791	6.7852895	6.8189963	6.8529819	6.8872286	6.9217182	6.9564328	6.991354	7.0264634	7.0617424	7.0971724	7.1327347	7.1684104	7.2041808	7.2400269	7.2759299	7.3118709	7.347831	7.3837915	7.4197337	7.4556389	7.4914886	7.5272643	7.5629479	7.5985211	7.6339661	7.6692651	7.7044007	7.7393554	7.7741123	7.8086546	7.8429657	7.8770295	7.9108301	7.9443519	7.9775796	8.0104984	8.0430937	8.0753515	8.1072579	8.1387996	8.1699636	8.2007374	8.2311089	8.2610664	8.2905987	8.3196951	8.3483451	8.376539	8.4042672	8.431521	8.4582918	8.4845716	8.510353	8.5356289	8.5603927	8.5846384	8.6083603	8.6315533	8.6542128	8.6763346	8.6979148	8.7189503	8.7394381	8.759376	8.778762	8.7975946	8.8158727	8.8335957	8.8507632	8.8673756	8.8834333	8.8989372	8.9138887	8.9282895	8.9421415	8.9554472	8.9682092	8.9804306	8.9921146	9.0032649	9.0138854	9.0239803	9.033554	9.0426111	9.0511566	9.0591956	9.0667334	9.0737756	9.0803278	9.086396	9.0919862	9.0971045	9.1017572	9.1059509	9.1096919	9.1129869	9.1158426	9.1182658	9.1202633	9.121842	9.1230087	9.1237703	9.1241339	9.1241062	9.1236943	9.122905	9.1217452	9.1202216	9.1183411	9.1161104	9.1135361	9.1106247	9.1073828	9.1038166	9.0999325	9.0957367	9.0912351	9.0864337	9.0813383	9.0759546	9.070288	9.064344	9.0581278	9.0516443	9.0448987	9.0378955	9.0306394	9.0231347	9.0153858	9.0073966	8.9991712	8.990713	8.9820258	8.9731129	8.9639773	8.9546222	8.9450503	8.9352642	8.9252665	8.9150593	8.9046447	8.8940248	8.8832011	8.8721754	8.8609489	8.849523	8.8378987	8.826077	8.8140586	8.801844	8.7894339	8.7768285	8.764028	8.7510324	8.7378418	8.7244558	8.7108742	8.6970966	8.6831225	8.6689512	8.654582	8.6400142	8.6252469	8.6102791	8.5951098	8.579738	8.5641625	8.5483823	8.5323961	8.5162028	8.499801	8.4831897	8.4663674	8.4493331	8.4320854	8.4146233	8.3969455	8.3790508	8.3609383	8.3426069	8.3240556	8.3052836	8.2862899	8.267074	8.2476351	8.2279728	8.2080866	8.1879761	8.1676413	8.1470821	8.1262985	8.1052908	8.0840595	8.062605	8.040928	8.0190296	7.9969106	7.9745725	7.9520166	7.9292446	7.9062584	7.8830599	7.8596515	7.8360357	7.8122151	7.7881927	7.7639716	7.7395553
-26.0	7.9486484	7.9248876	7.9009445	7.876823	7.8525272	7.8280616	7.8034307	7.7786394	7.7536931	7.7285969	7.7033567	7.6779784	7.6524681	7.6268322	7.6010776	7.5752111	7.5492399	7.5231716	7.4970137	7.4707742	7.4444613	7.4180835	7.3916493	7.3651676	7.3386476	7.3120985	7.28553	7.2589516	7.2323734	7.2058055	7.1792582	7.152742	7.1262677	7.099846	7.073488	7.0472048	7.0210078	6.9949084	6.9689182	6.9430489	6.9173123	6.8917203	6.866285	6.8410185	6.8159329	6.7910404	6.7663535	6.7418845	6.7176457	6.6936496	6.6699087	6.6464354	6.6232422	6.6003416	6.577746	6.5554679	6.5335196	6.5119135	6.4906618	6.4697769	6.4492708	6.4291556	6.4094434	6.390146	6.3712752	6.3528427	6.33486	6.3173384	6.3002893	6.2837238	6.2676528	6.252087	6.2370372	6.2225136	6.2085266	6.1950861	6.182202	6.1698839	6.1581411	6.1469828	6.1364179	6.1264551	6.1171027	6.108369	6.1002618	6.0927888	6.0859572	6.0797741	6.0742464	6.0693804	6.0651823	6.0616579	6.0588128	6.0566522	6.055181	6.0544037	6.0543245	6.0549472	6.0562755	6.0583123	6.0610605	6.0645225	6.0687003	6.0735957	6.0792098	6.0855435	6.0925975	6.1003716	6.1088657	6.118079	6.1280104	6.1386583	6.1500209	6.1620956	6.1748797	6.1883699	6.2025626	6.2174537	6.2330385	6.2493122	6.2662693	6.2839039	6.3022097	6.3211799	6.3408074	6.3610845	6.3820032	6.4035548	6.4257304	6.4485207	6.4719157	6.4959052	6.5204785	6.5456245	6.5713315	6.5975877	6.6243807	6.6516976	6.6795254	6.7078505	6.7366588	6.7659362	6.7956679	6.825839	6.856434	6.8874373	6.9188329	6.9506045	6.9827354	7.0152088	7.0480075	7.0811142	7.1145112	7.1481807	7.1821046	7.2162646	7.2506425	7.2852196	7.3199772	7.3548966	7.3899588	7.4251448	7.4604356	7.4958121	7.5312553	7.5667459	7.6022649	7.6377933	7.673312	7.708802	7.7442447	7.7796211	7.8149128	7.8501013	7.8851683	7.9200958	7.9548658	7.9894607	8.0238631	8.0580558	8.092022	8.125745	8.1592086	8.1923968	8.2252941	8.2578851	8.2901548	8.3220889	8.3536732	8.3848939	8.4157377	8.4461917	8.4762434	8.5058809	8.5350925	8.5638672	8.5921942	8.6200634	8.6474651	8.6743901	8.7008296	8.7267754	8.7522196	8.7771551	8.801575	8.825473	8.8488434	8.8716808	8.8939803	8.9157377	8.9369491	8.957611	8.9777205	8.9972753	9.0162733	9.0347129	9.0525932	9.0699133	9.0866731	9.1028729	9.1185131	9.1335948	9.1481195	9.1620889	9.1755051	9.1883707	9.2006886	9.212462	9.2236944	9.2343896	9.2445519	9.2541855	9.2632954	9.2718864	9.2799637	9.2875328	9.2945995	9.3011695	9.307249	9.3128443	9.3179618	9.322608	9.3267898	9.330514	9.3337875	9.3366176	9.3390113	9.3409759	9.3425187	9.3436471	9.3443685	9.3446904	9.3446202	9.3441654	9.3433334	9.3421317	9.3405677	9.3386488	9.3363822	9.3337753	9.3308352	9.3275691	9.323984	9.3200869	9.3158845	9.3113836	9.3065908	9.3015126	9.2961553	9.2905251	9.2846281	9.2784702	9.2720571	9.2653944	9.2584876	9.2513418	9.2439622	9.2363537	9.2285209	9.2204684	9.2122005	9.2037213	9.1950349	9.186145	9.1770551	9.1677686	9.1582887	9.1486184	9.1387604	9.1287174	9.1184917	9.1080856	9.097501	9.0867397	9.0758035	9.0646938	9.0534118	9.0419586	9.0303351	9.0185421	9.0065802	8.9944497	8.982151	8.9696841	8.957049	8.9442455	8.9312732	8.9181317	8.9048204	8.8913386	8.8776855	8.8638602	8.8498615	8.8356884	8.8213397	8.8068141	8.7921101	8.7772265	8.7621616	8.746914	8.731482	8.7158641	8.7000586	8.6840639	8.6678783	8.6515001	8.6349277	8.6181594	8.6011936	8.5840287	8.5666632	8.5490955	8.5313243	8.5133482	8.4951657	8.4767759	8.4581774	8.4393693	8.4203507	8.4011207	8.3816786	8.362024	8.3421564	8.3220755	8.3017812	8.2812735	8.2605527	8.2396192	8.2184734	8.1971162	8.1755484	8.1537713	8.1317862	8.1095945	8.0871982	8.0645991	8.0417995	8.0188019	7.9956088	7.9722233
-25.0	8.1783644	8.1557318	8.1329191	8.1099297	8.0867673	8.0634359	8.0399396	8.0162829	7.9924705	7.9685074	7.9443988	7.9201503	7.8957677	7.8712569	7.8466243	7.8218764	7.7970202	7.7720626	7.7470111	7.7218732	7.6966568	7.67137	7.6460212	7.6206188	7.5951718	7.5696891	7.5441802	7.5186544	7.4931214	7.4675913	7.442074	7.41658	7.3911197	7.3657039	7.3403433	7.3150491	7.2898323	7.2647044	7.2396768	7.2147612	7.1899693	7.1653129	7.1408041	7.1164549	7.0922774	7.0682839	7.0444868	7.0208983	6.997531	6.9743973	6.9515097	6.9288807	6.9065229	6.8844488	6.862671	6.8412019	6.8200542	6.7992401	6.7787723	6.758663	6.7389245	6.719569	6.7006087	6.6820557	6.6639218	6.6462189	6.6289587	6.6121528	6.5958125	6.5799493	6.5645741	6.5496981	6.5353318	6.521486	6.5081711	6.4953971	6.4831742	6.4715121	6.4604203	6.4499082	6.4399847	6.4306588	6.4219389	6.4138334	6.4063502	6.3994972	6.3932817	6.3877109	6.3827916	6.3785305	6.3749336	6.3720069	6.369756	6.3681861	6.3673021	6.3671085	6.3676096	6.3688091	6.3707104	6.3733168	6.3766308	6.3806548	6.3853908	6.3908402	6.3970042	6.4038834	6.4114783	6.4197887	6.4288141	6.4385535	6.4490056	6.4601685	6.47204	6.4846174	6.4978976	6.511877	6.5265515	6.5419167	6.5579677	6.574699	6.5921048	6.6101789	6.6289144	6.6483042	6.6683405	6.6890153	6.71032	6.7322455	6.7547824	6.7779207	6.80165	6.8259596	6.8508381	6.876274	6.9022551	6.9287689	6.9558024	6.9833423	7.0113749	7.0398861	7.0688614	7.0982858	7.1281442	7.1584211	7.1891004	7.220166	7.2516014	7.2833897	7.3155138	7.3479564	7.3806997	7.4137261	7.4470172	7.480555	7.5143208	7.5482961	7.5824621	7.6167999	7.6512903	7.6859143	7.7206527	7.7554861	7.7903953	7.825361	7.8603639	7.8953846	7.9304038	7.9654024	8.0003614	8.0352615	8.070084	8.1048102	8.1394213	8.1738991	8.2082252	8.2423817	8.2763509	8.3101151	8.3436573	8.3769603	8.4100076	8.4427828	8.47527	8.5074535	8.5393179	8.5708485	8.6020307	8.6328504	8.6632938	8.6933478	8.7229996	8.7522366	8.7810471	8.8094195	8.8373429	8.8648068	8.8918012	8.9183164	8.9443436	8.9698741	8.9949	9.0194136	9.043408	9.0668766	9.0898135	9.1122131	9.1340704	9.1553809	9.1761406	9.1963459	9.2159939	9.235082	9.2536082	9.2715708	9.2889686	9.3058012	9.3220682	9.3377698	9.3529067	9.36748	9.3814911	9.3949421	9.407835	9.4201727	9.4319582	9.4431947	9.4538862	9.4640365	9.4736502	9.482732	9.4912867	9.4993198	9.5068366	9.5138431	9.5203451	9.5263491	9.5318615	9.5368888	9.541438	9.5455162	9.5491303	9.5522879	9.5549963	9.5572631	9.559096	9.5605027	9.561491	9.5620689	9.5622443	9.5620251	9.5614194	9.5604351	9.5590804	9.5573631	9.5552914	9.5528731	9.5501161	9.5470283	9.5436174	9.5398913	9.5358574	9.5315233	9.5268965	9.5219842	9.5167936	9.5113318	9.5056058	9.4996222	9.4933878	9.486909	9.480192	9.4732431	9.4660683	9.4586732	9.4510636	9.4432447	9.435222	9.4270002	9.4185844	9.4099792	9.4011889	9.3922177	9.3830698	9.3737489	9.3642585	9.3546021	9.3447829	9.3348038	9.3246675	9.3143766	9.3039335	9.2933402	9.2825987	9.2717107	9.2606778	9.2495012	9.238182	9.2267213	9.2151197	9.2033779	9.1914961	9.1794746	9.1673135	9.1550126	9.1425717	9.1299902	9.1172676	9.1044031	9.091396	9.0782451	9.0649493	9.0515074	9.037918	9.0241797	9.0102908	8.9962499	8.982055	8.9677044	8.9531963	8.9385286	8.9236995	8.9087069	8.8935487	8.8782228	8.8627272	8.8470598	8.8312184	8.815201	8.7990054	8.7826296	8.7660717	8.7493295	8.7324013	8.7152851	8.6979791	8.6804816	8.6627911	8.6449059	8.6268247	8.608546	8.5900689	8.571392	8.5525146	8.5334358	8.5141551	8.4946718	8.4749857	8.4550968	8.4350049	8.4147103	8.3942135	8.3735151	8.3526158	8.3315168	8.3102193	8.2887248	8.2670349	8.2451516	8.2230771	8.2008139
-24.0	8.4035047	8.3820916	8.3605015	8.3387374	8.3168023	8.2946999	8.2724337	8.2500078	8.2274265	8.2046943	8.1818159	8.1587964	8.1356413	8.1123561	8.0889467	8.0654193	8.0417803	8.0180365	7.9941948	7.9702624	7.9462469	7.9221559	7.8979976	7.8737802	7.8495122	7.8252024	7.8008597	7.7764934	7.7521128	7.7277278	7.7033482	7.678984	7.6546456	7.6303435	7.6060883	7.5818909	7.5577624	7.5337139	7.5097567	7.4859025	7.4621628	7.4385493	7.415074	7.3917489	7.3685861	7.3455978	7.3227962	7.3001937	7.2778028	7.2556359	7.2337055	7.2120242	7.1906045	7.169459	7.1486004	7.1280412	7.107794	7.0878712	7.0682856	7.0490493	7.030175	7.0116749	6.9935612	6.9758461	6.9585417	6.9416599	6.9252127	6.9092115	6.8936681	6.8785939	6.8640001	6.8498979	6.8362981	6.8232114	6.8106485	6.7986196	6.7871349	6.7762043	6.7658375	6.7560438	6.7468324	6.7382124	6.7301923	6.7227805	6.7159852	6.7098142	6.7042749	6.6993746	6.6951202	6.6915183	6.6885751	6.6862966	6.6846883	6.6837555	6.683503	6.6839354	6.6850568	6.6868709	6.6893811	6.6925905	6.6965016	6.7011166	6.7064373	6.7124651	6.719201	6.7266454	6.7347986	6.7436601	6.7532293	6.7635049	6.7744852	6.7861682	6.7985513	6.8116315	6.8254054	6.839869	6.8550179	6.8708473	6.8873519	6.9045257	6.9223627	6.940856	6.9599984	6.9797823	7.0001996	7.0212415	7.0428991	7.0651629	7.0880227	7.1114682	7.1354886	7.1600723	7.1852077	7.2108826	7.2370842	7.2637996	7.2910153	7.3187173	7.3468914	7.375523	7.404597	7.434098	7.4640103	7.4943178	7.525004	7.5560523	7.5874456	7.6191666	7.6511977	7.6835211	7.7161187	7.7489722	7.7820632	7.8153729	7.8488825	7.8825729	7.9164252	7.9504199	7.9845378	8.0187594	8.0530654	8.0874361	8.1218521	8.1562939	8.190742	8.225177	8.2595795	8.2939302	8.32821	8.3623998	8.3964807	8.4304341	8.4642414	8.4978843	8.5313447	8.5646047	8.5976467	8.6304535	8.6630081	8.6952937	8.7272939	8.7589929	8.7903749	8.8214246	8.8521273	8.8824684	8.9124338	8.94201	8.9711837	8.9999422	9.0282734	9.0561653	9.0836066	9.1105866	9.1370948	9.1631215	9.1886573	9.2136934	9.2382215	9.2622338	9.285723	9.3086823	9.3311056	9.3529871	9.3743216	9.3951044	9.4153314	9.4349989	9.4541038	9.4726433	9.4906154	9.5080184	9.5248512	9.5411129	9.5568034	9.571923	9.5864722	9.6004523	9.6138648	9.6267116	9.6389952	9.6507184	9.6618843	9.6724966	9.682559	9.692076	9.701052	9.7094922	9.7174017	9.724786	9.731651	9.7380029	9.7438479	9.7491928	9.7540443	9.7584095	9.7622956	9.7657101	9.7686606	9.7711548	9.7732008	9.7748064	9.77598	9.7767296	9.7770637	9.7769907	9.7765191	9.7756574	9.7744141	9.7727978	9.7708171	9.7684806	9.7657969	9.7627744	9.7594218	9.7557474	9.7517596	9.7474667	9.742877	9.7379985	9.7328394	9.7274076	9.7217108	9.7157566	9.7095528	9.7031065	9.6964252	9.6895157	9.6823851	9.67504	9.6674871	9.6597326	9.6517828	9.6436437	9.6353209	9.6268201	9.6181467	9.6093058	9.6003023	9.591141	9.5818264	9.5723627	9.562754	9.5530042	9.5431169	9.5330954	9.5229429	9.5126624	9.5022565	9.4917278	9.4810784	9.4703106	9.459426	9.4484263	9.4373129	9.426087	9.4147495	9.4033013	9.3917429	9.3800746	9.3682967	9.3564092	9.3444118	9.3323043	9.320086	9.3077564	9.2953144	9.2827591	9.2700894	9.2573038	9.2444011	9.2313795	9.2182375	9.2049732	9.1915847	9.17807	9.1644269	9.1506534	9.1367471	9.1227057	9.1085268	9.0942081	9.0797469	9.0651409	9.0503875	9.035484	9.0204281	9.0052171	8.9898484	8.9743196	8.9586282	8.9427717	8.9267476	8.9105538	8.8941878	8.8776474	8.8609306	8.8440352	8.8269594	8.8097013	8.7922592	8.7746314	8.7568167	8.7388135	8.7206209	8.7022376	8.683663	8.6648964	8.6459372	8.6267852	8.6074402	8.5879023	8.5681719	8.5482494	8.5281356	8.5078314	8.487338	8.4666569	8.4457897	8.4247382
-23.0	8.6234838	8.6033793	8.5831019	8.5626539	8.5420379	8.5212571	8.5003145	8.4792136	8.4579583	8.4365526	8.4150009	8.3933077	8.371478	8.349517	8.32743	8.3052229	8.2829017	8.2604726	8.2379423	8.2153176	8.1926056	8.1698137	8.1469495	8.1240211	8.1010365	8.0780042	8.0549329	8.0318314	8.0087091	7.9855751	7.9624392	7.9393113	7.9162013	7.8931195	7.8700764	7.8470826	7.8241491	7.8012867	7.7785067	7.7558204	7.7332393	7.7107751	7.6884396	7.6662445	7.644202	7.6223241	7.6006231	7.5791112	7.5578009	7.5367045	7.5158345	7.4952036	7.4748241	7.4547089	7.4348703	7.4153211	7.3960739	7.3771412	7.3585355	7.3402694	7.3223554	7.3048058	7.287633	7.2708492	7.2544665	7.238497	7.2229526	7.2078451	7.1931863	7.1789875	7.1652602	7.1520156	7.1392646	7.1270183	7.115287	7.1040814	7.0934116	7.0832877	7.0737193	7.064716	7.0562871	7.0484416	7.0411882	7.0345353	7.0284912	7.0230636	7.0182602	7.0140882	7.0105545	7.0076657	7.0054281	7.0038476	7.0029297	7.0026797	7.0031023	7.0042021	7.005983	7.0084488	7.0116028	7.0154478	7.0199862	7.0252202	7.0311514	7.0377809	7.0451096	7.0531378	7.0618654	7.0712917	7.0814159	7.0922363	7.1037512	7.115958	7.128854	7.1424357	7.1566995	7.1716409	7.1872552	7.2035372	7.2204811	7.2380808	7.2563295	7.2752201	7.2947449	7.3148958	7.3356641	7.3570409	7.3790165	7.4015809	7.4247236	7.4484336	7.4726996	7.4975097	7.5228516	7.5487125	7.5750793	7.6019384	7.6292757	7.657077	7.6853274	7.7140117	7.7431143	7.7726195	7.8025109	7.8327719	7.8633858	7.8943352	7.9256026	7.9571704	7.9890206	8.0211347	8.0534945	8.0860812	8.1188759	8.1518596	8.1850132	8.2183172	8.2517524	8.2852991	8.3189378	8.3526489	8.3864127	8.4202095	8.4540196	8.4878235	8.5216015	8.5553342	8.5890022	8.6225861	8.6560668	8.6894254	8.7226429	8.7557009	8.7885808	8.8212646	8.8537342	8.8859722	8.917961	8.9496838	8.9811238	9.0122646	9.0430902	9.073585	9.1037339	9.1335218	9.1629346	9.191958	9.2205787	9.2487836	9.27656	9.3038957	9.3307793	9.3571994	9.3831455	9.4086073	9.4335753	9.4580403	9.4819938	9.5054277	9.5283345	9.5507071	9.5725391	9.5938245	9.614558	9.6347347	9.6543503	9.6734009	9.6918832	9.7097946	9.7271326	9.7438957	9.7600826	9.7756924	9.790725	9.8051806	9.8190599	9.832364	9.8450946	9.8572537	9.8688438	9.8798678	9.890329	9.9002312	9.9095784	9.9183752	9.9266263	9.9343369	9.9415126	9.9481591	9.9542826	9.9598895	9.9649865	9.9695806	9.9736789	9.977289	9.9804184	9.983075	9.9852669	9.9870023	9.9882895	9.989137	9.9895535	9.9895478	9.9891288	9.9883052	9.9870863	9.985481	9.9834984	9.9811478	9.9784382	9.9753789	9.971979	9.9682476	9.9641938	9.9598268	9.9551554	9.9501887	9.9449354	9.9394044	9.9336044	9.9275437	9.921231	9.9146745	9.9078823	9.9008625	9.8936229	9.8861713	9.8785151	9.8706617	9.8626183	9.8543919	9.8459892	9.8374168	9.828681	9.8197881	9.810744	9.8015544	9.7922247	9.7827603	9.7731663	9.7634473	9.7536079	9.7436526	9.7335854	9.7234102	9.7131306	9.7027499	9.6922713	9.6816978	9.6710319	9.6602761	9.6494326	9.6385034	9.6274901	9.6163943	9.6052172	9.5939599	9.5826232	9.5712077	9.5597138	9.5481417	9.5364914	9.5247627	9.512955	9.501068	9.4891006	9.4770521	9.4649213	9.4527068	9.4404072	9.4280209	9.4155462	9.4029811	9.3903236	9.3775716	9.3647229	9.351775	9.3387254	9.3255717	9.3123111	9.298941	9.2854586	9.2718609	9.2581451	9.2443084	9.2303476	9.2162599	9.2020421	9.1876914	9.1732046	9.1585789	9.1438112	9.1288986	9.1138383	9.0986272	9.0832628	9.0677422	9.0520629	9.0362222	9.0202178	9.0040472	8.9877083	8.9711989	8.9545171	8.9376609	8.9206287	8.903419	8.8860304	8.8684616	8.8507117	8.8327798	8.8146652	8.7963676	8.7778866	8.7592223	8.7403748	8.7213446	8.7021323	8.6827388	8.6631653	8.643413
-22.0	8.8377231	8.819014	8.8001367	8.7810932	8.7618856	8.7425163	8.7229882	8.7033041	8.6834673	8.6634815	8.6433505	8.6230784	8.6026696	8.5821289	8.5614612	8.540672	8.5197666	8.4987511	8.4776315	8.4564144	8.4351064	8.4137145	8.392246	8.3707084	8.3491096	8.3274576	8.3057607	8.2840277	8.2622672	8.2404884	8.2187006	8.1969134	8.1751365	8.1533799	8.1316539	8.1099689	8.0883354	8.0667643	8.0452666	8.0238534	8.0025361	7.981326	7.9602349	7.9392744	7.9184565	7.8977931	7.8772964	7.8569785	7.8368517	7.8169284	7.7972211	7.7777421	7.758504	7.7395193	7.7208007	7.7023608	7.684212	7.666367	7.6488384	7.6316386	7.6147802	7.5982756	7.582137	7.5663769	7.5510073	7.5360405	7.5214883	7.5073626	7.4936752	7.4804375	7.4676612	7.4553573	7.443537	7.4322113	7.4213907	7.4110858	7.4013069	7.3920641	7.3833671	7.3752255	7.3676486	7.3606454	7.3542248	7.3483953	7.3431649	7.3385416	7.3345329	7.3311461	7.3283881	7.3262655	7.3247845	7.323951	7.3237704	7.324248	7.3253884	7.327196	7.3296748	7.3328283	7.3366598	7.3411719	7.3463669	7.3522467	7.3588129	7.3660663	7.3740075	7.3826367	7.3919535	7.401957	7.412646	7.4240187	7.4360729	7.4488059	7.4622145	7.4762949	7.4910431	7.5064543	7.5225235	7.5392449	7.5566125	7.5746196	7.593259	7.6125232	7.6324042	7.6528931	7.6739811	7.6956586	7.7179154	7.7407411	7.7641247	7.7880548	7.8125194	7.8375061	7.8630023	7.8889945	7.9154692	7.9424123	7.9698092	7.9976451	8.0259047	8.0545723	8.0836319	8.1130671	8.1428611	8.1729971	8.2034576	8.234225	8.2652815	8.2966087	8.3281884	8.3600019	8.3920304	8.4242549	8.4566561	8.4892148	8.5219114	8.5547265	8.5876402	8.620633	8.6536851	8.6867765	8.7198876	8.7529986	8.7860896	8.8191411	8.8521333	8.8850469	8.9178623	8.9505604	8.9831221	9.0155285	9.047761	9.079801	9.1116303	9.1432311	9.1745856	9.2056765	9.2364868	9.2669998	9.2971991	9.3270688	9.3565933	9.3857573	9.4145463	9.4429458	9.4709419	9.4985213	9.525671	9.5523785	9.5786318	9.6044194	9.6297305	9.6545544	9.6788813	9.7027018	9.7260069	9.7487884	9.7710385	9.7927498	9.8139158	9.8345301	9.8545873	9.8740823	9.8930105	9.9113679	9.9291512	9.9463575	9.9629843	9.9790298	9.9944927	10.009372	10.023668	10.03738	10.05051	10.063058	10.075026	10.086416	10.097231	10.107474	10.117148	10.126256	10.134805	10.142797	10.150238	10.157133	10.163489	10.16931	10.174605	10.179379	10.183639	10.187392	10.190647	10.193411	10.195692	10.197499	10.198839	10.199721	10.200155	10.200149	10.199713	10.198855	10.197585	10.195912	10.193847	10.191398	10.188576	10.18539	10.181849	10.177964	10.173745	10.1692	10.16434	10.159175	10.153714	10.147966	10.141942	10.13565	10.1291	10.122301	10.115263	10.107993	10.100502	10.092797	10.084887	10.07678	10.068485	10.06001	10.051362	10.04255	10.03358	10.024459	10.015195	10.005795	9.9962644	9.9866103	9.9768386	9.9669552	9.9569657	9.9468754	9.9366895	9.9264128	9.91605	9.9056055	9.8950833	9.8844875	9.8738215	9.8630887	9.8522923	9.8414351	9.8305197	9.8195485	9.8085236	9.7974468	9.7863198	9.7751439	9.7639203	9.7526498	9.7413332	9.7299709	9.718563	9.7071096	9.6956104	9.684065	9.6724729	9.660833	9.6491444	9.637406	9.6256161	9.6137734	9.601876	9.5899221	9.5779094	9.565836	9.5536993	9.5414969	9.5292262	9.5168845	9.5044688	9.4919764	9.4794041	9.4667487	9.4540073	9.4411764	9.4282527	9.415233	9.4021137	9.3888915	9.375563	9.3621245	9.3485727	9.3349042	9.3211154	9.307203	9.2931635	9.2789937	9.2646903	9.25025	9.2356697	9.2209463	9.2060769	9.1910586	9.1758886	9.1605643	9.1450832	9.1294429	9.1136412	9.097676	9.0815453	9.0652475	9.0487809	9.0321442	9.0153362	8.9983558	8.9812024	8.9638753	8.9463742	8.9286989	8.9108497	8.8928267	8.8746307	8.8562625
-21.0	9.0456538	9.0284236	9.0110311	8.9934775	8.9757645	8.9578941	8.9398684	8.9216899	8.9033613	8.8848858	8.8662667	8.8475076	8.8286125	8.8095855	8.7904313	8.7711547	8.7517607	8.7322548	8.7126427	8.6929305	8.6731243	8.6532308	8.6332568	8.6132095	8.5930963	8.5729249	8.5527033	8.5324396	8.5121425	8.4918206	8.4714829	8.4511387	8.4307974	8.4104688	8.3901627	8.3698894	8.3496591	8.3294825	8.3093702	8.2893332	8.2693827	8.2495298	8.229786	8.2101628	8.190672	8.1713254	8.152135	8.1331128	8.114271	8.0956218	8.0771775	8.0589505	8.0409533	8.0231983	8.0056981	7.9884651	7.971512	7.9548511	7.9384952	7.9224565	7.9067477	7.8913811	7.8763691	7.8617239	7.8474577	7.8335827	7.8201108	7.8070538	7.7944236	7.7822317	7.7704896	7.7592085	7.7483996	7.7380738	7.7282418	7.7189141	7.710101	7.7018127	7.6940588	7.686849	7.6801927	7.6740988	7.6685762	7.6636332	7.6592781	7.6555187	7.6523625	7.6498169	7.6478885	7.646584	7.6459095	7.6458708	7.6464733	7.647722	7.6496216	7.6521764	7.6553901	7.6592662	7.6638077	7.6690171	7.6748966	7.6814478	7.6886721	7.6965701	7.7051423	7.7143883	7.7243077	7.7348994	7.7461617	7.7580926	7.7706895	7.7839494	7.7978688	7.8124436	7.8276693	7.8435408	7.8600526	7.8771987	7.8949725	7.9133669	7.9323745	7.9519871	7.9721962	7.9929927	8.0143671	8.0363095	8.0588091	8.0818552	8.1054361	8.12954	8.1541545	8.1792667	8.2048633	8.2309305	8.2574544	8.2844201	8.3118129	8.3396173	8.3678175	8.3963975	8.4253408	8.4546305	8.4842495	8.5141804	8.5444054	8.5749066	8.6056655	8.6366637	8.6678825	8.6993028	8.7309057	8.7626716	8.7945812	8.8266149	8.8587531	8.8909758	8.9232633	8.9555958	8.9879532	9.0203157	9.0526634	9.0849764	9.1172351	9.1494196	9.1815104	9.213488	9.2453333	9.2770269	9.3085501	9.339884	9.3710102	9.4019105	9.4325669	9.4629618	9.4930778	9.5228979	9.5524055	9.5815842	9.6104182	9.638892	9.6669904	9.6946989	9.7220031	9.7488894	9.7753444	9.8013554	9.82691	9.8519964	9.8766034	9.9007201	9.9243363	9.9474424	9.9700291	9.9920878	10.01361	10.03459	10.055018	10.07489	10.094199	10.11294	10.131108	10.1487	10.165711	10.182138	10.19798	10.213233	10.227898	10.241972	10.255455	10.268348	10.280651	10.292366	10.303494	10.314037	10.323998	10.33338	10.342187	10.350422	10.35809	10.365196	10.371745	10.377743	10.383195	10.388107	10.392488	10.396343	10.39968	10.402506	10.40483	10.406659	10.408003	10.408869	10.409266	10.409204	10.408692	10.40774	10.406356	10.404552	10.402335	10.399718	10.396709	10.393319	10.389558	10.385436	10.380964	10.376152	10.371011	10.36555	10.359781	10.353713	10.347357	10.340722	10.33382	10.32666	10.319252	10.311606	10.303732	10.295639	10.287337	10.278835	10.270143	10.261269	10.252222	10.243011	10.233644	10.22413	10.214477	10.204692	10.194784	10.184759	10.174625	10.164389	10.154057	10.143637	10.133134	10.122554	10.111902	10.101186	10.090408	10.079576	10.068692	10.057763	10.04679	10.03578	10.024735	10.013658	10.002553	9.9914227	9.9802692	9.969095	9.9579021	9.9466922	9.935467	9.9242275	9.9129748	9.9017096	9.8904326	9.8791438	9.8678433	9.856531	9.8452064	9.8338688	9.8225174	9.8111511	9.7997686	9.7883685	9.7769489	9.7655082	9.7540442	9.7425547	9.7310373	9.7194896	9.7079087	9.696292	9.6846364	9.6729388	9.6611961	9.6494048	9.6375617	9.6256632	9.6137056	9.6016854	9.5895987	9.5774419	9.5652111	9.5529023	9.5405118	9.5280356	9.5154697	9.5028102	9.4900533	9.477195	9.4642314	9.4511588	9.4379734	9.4246713	9.4112491	9.3977031	9.3840298	9.3702258	9.3562879	9.3422129	9.3279977	9.3136395	9.2991354	9.2844828	9.2696793	9.2547226	9.2396106	9.2243413	9.208913	9.1933242	9.1775735	9.1616598	9.1455822	9.12934	9.1129328	9.0963604	9.0796228	9.0627205
-20.0	9.2467181	9.2310473	9.2152208	9.1992394	9.1831041	9.1668164	9.1503779	9.1337906	9.1170567	9.1001787	9.0831595	9.0660022	9.0487102	9.0312873	9.0137375	8.9960652	8.9782749	8.9603717	8.9423607	8.9242476	8.9060381	8.8877384	8.8693549	8.8508943	8.8323637	8.8137703	8.7951218	8.7764258	8.7576906	8.7389246	8.7201363	8.7013347	8.6825289	8.6637283	8.6449425	8.6261813	8.6074548	8.5887732	8.5701471	8.5515871	8.5331041	8.514709	8.4964131	8.4782277	8.4601644	8.4422347	8.4244504	8.4068235	8.3893659	8.3720897	8.355007	8.3381301	8.3214714	8.3050432	8.2888578	8.2729278	8.2572655	8.2418834	8.2267939	8.2120096	8.1975426	8.1834055	8.1696106	8.1561699	8.1430957	8.1304001	8.118095	8.1061922	8.0947035	8.0836403	8.0730143	8.0628366	8.0531182	8.0438702	8.0351032	8.0268277	8.019054	8.0117921	8.0050518	7.9988427	7.9931741	7.9880549	7.9834939	7.9794995	7.9760798	7.9732426	7.9709954	7.9693453	7.9682991	7.9678632	7.9680437	7.9688463	7.9702761	7.9723383	7.9750372	7.9783769	7.9823612	7.9869933	7.9922759	7.9982114	8.0048018	8.0120485	8.0199526	8.0285145	8.0377344	8.0476117	8.0581456	8.0693348	8.0811772	8.0936706	8.1068121	8.1205982	8.135025	8.1500882	8.1657829	8.1821036	8.1990443	8.2165987	8.2347597	8.2535199	8.2728713	8.2928053	8.3133131	8.3343851	8.3560112	8.3781811	8.4008837	8.4241075	8.4478407	8.4720708	8.4967849	8.5219698	8.5476116	8.5736962	8.6002089	8.6271348	8.6544583	8.6821638	8.7102349	8.7386552	8.7674078	8.7964754	8.8258405	8.8554853	8.8853917	8.9155413	8.9459155	8.9764954	9.007262	9.038196	9.0692782	9.1004888	9.1318083	9.1632168	9.1946945	9.2262214	9.2577777	9.2893433	9.3208982	9.3524225	9.3838962	9.4152996	9.4466129	9.4778164	9.5088907	9.5398165	9.5705745	9.6011459	9.6315119	9.6616541	9.6915542	9.7211943	9.7505568	9.7796243	9.80838	9.8368072	9.8648897	9.8926117	9.9199578	9.9469129	9.9734627	9.9995929	10.02529	10.050541	10.075333	10.099654	10.123492	10.146837	10.169677	10.192003	10.213805	10.235075	10.255804	10.275984	10.295608	10.31467	10.333163	10.351082	10.368421	10.385178	10.401347	10.416926	10.431913	10.446304	10.460098	10.473295	10.485894	10.497896	10.5093	10.520108	10.530322	10.539943	10.548975	10.557421	10.565285	10.572569	10.57928	10.585422	10.590999	10.596019	10.600488	10.604411	10.607796	10.61065	10.61298	10.614796	10.616104	10.616913	10.617233	10.617072	10.616439	10.615344	10.613797	10.611808	10.609386	10.606542	10.603287	10.59963	10.595583	10.591156	10.58636	10.581205	10.575704	10.569866	10.563703	10.557226	10.550445	10.543372	10.536017	10.528392	10.520507	10.512372	10.503999	10.495399	10.48658	10.477555	10.468332	10.458923	10.449336	10.439582	10.42967	10.419609	10.409409	10.399079	10.388627	10.378062	10.367392	10.356626	10.34577	10.334834	10.323824	10.312747	10.30161	10.29042	10.279183	10.267905	10.256593	10.245251	10.233885	10.2225	10.2111	10.19969	10.188275	10.176857	10.165441	10.15403	10.142627	10.131234	10.119855	10.108491	10.097144	10.085816	10.074508	10.063222	10.051958	10.040717	10.029499	10.018304	10.007132	9.9959834	9.9848565	9.9737508	9.9626651	9.9515981	9.9405484	9.9295141	9.9184933	9.9074838	9.8964834	9.8854895	9.8744994	9.8635103	9.8525191	9.8415227	9.8305178	9.8195009	9.8084685	9.7974168	9.7863421	9.7752404	9.7641079	9.7529403	9.7417336	9.7304836	9.7191859	9.7078364	9.6964305	9.6849641	9.6734327	9.6618318	9.6501572	9.6384045	9.6265693	9.6146472	9.6026341	9.5905257	9.5783178	9.5660064	9.5535875	9.5410571	9.5284115	9.515647	9.5027599	9.4897469	9.4766046	9.4633298	9.4499197	9.4363712	9.4226819	9.4088491	9.3948706	9.3807442	9.3664682	9.3520408	9.3374606	9.3227264	9.3078371	9.292792	9.2775906	9.2622326
-19.0	9.440372	9.4263374	9.4121547	9.397824	9.3833459	9.3687212	9.3539511	9.339037	9.3239805	9.3087836	9.2934488	9.2779785	9.2623756	9.2466435	9.2307856	9.2148057	9.198708	9.182497	9.1661773	9.1497541	9.1332327	9.1166189	9.0999184	9.0831378	9.0662834	9.0493621	9.0323812	9.015348	8.9982702	8.9811559	8.9640132	8.9468507	8.9296771	8.9125015	8.8953332	8.8781816	8.8610564	8.8439677	8.8269256	8.8099404	8.7930228	8.7761835	8.7594333	8.7427834	8.7262452	8.7098298	8.693549	8.6774144	8.6614377	8.6456309	8.6300059	8.6145748	8.5993498	8.584343	8.5695667	8.5550333	8.5407549	8.5267439	8.5130126	8.4995734	8.4864386	8.4736203	8.4611308	8.4489822	8.4371866	8.425756	8.4147022	8.404037	8.3937721	8.383919	8.374489	8.3654933	8.3569429	8.3488487	8.3412214	8.3340713	8.3274086	8.3212434	8.3155854	8.310444	8.3058285	8.3017478	8.2982104	8.2952249	8.292799	8.2909407	8.2896572	8.2889555	8.2888423	8.2893239	8.2904063	8.2920948	8.2943948	8.297311	8.3008476	8.3050085	8.3097973	8.315217	8.3212702	8.327959	8.3352852	8.3432498	8.3518537	8.3610971	8.3709799	8.3815012	8.39266	8.4044544	8.4168823	8.4299409	8.443627	8.4579369	8.4728662	8.4884103	8.5045638	8.5213209	8.5386752	8.5566199	8.5751476	8.5942503	8.6139197	8.6341469	8.6549223	8.6762361	8.6980778	8.7204364	8.7433005	8.7666582	8.7904971	8.8148044	8.8395667	8.8647702	8.8904007	8.9164437	8.942884	8.9697062	8.9968944	9.0244325	9.0523038	9.0804914	9.108978	9.1377461	9.1667777	9.1960547	9.2255587	9.255271	9.2851726	9.3152445	9.3454673	9.3758217	9.4062879	9.4368463	9.467477	9.4981601	9.5288756	9.5596035	9.5903238	9.6210164	9.6516614	9.6822388	9.7127287	9.7431115	9.7733673	9.8034768	9.8334207	9.8631796	9.8927349	9.9220676	9.9511594	9.9799922	10.008548	10.036809	10.064759	10.092379	10.119655	10.146569	10.173107	10.199252	10.22499	10.250307	10.275188	10.29962	10.32359	10.347087	10.370097	10.392609	10.414613	10.436099	10.457056	10.477475	10.497348	10.516667	10.535424	10.553613	10.571226	10.588259	10.604707	10.620564	10.635827	10.650492	10.664557	10.678019	10.690877	10.70313	10.714777	10.725819	10.736255	10.746087	10.755317	10.763947	10.77198	10.779418	10.786266	10.792527	10.798207	10.80331	10.807842	10.811809	10.815218	10.818074	10.820386	10.82216	10.823406	10.82413	10.824341	10.824049	10.823263	10.821991	10.820243	10.818031	10.815363	10.812249	10.808702	10.80473	10.800346	10.79556	10.790383	10.784827	10.778902	10.772621	10.765995	10.759035	10.751753	10.744161	10.73627	10.728091	10.719637	10.710919	10.701947	10.692735	10.683293	10.673631	10.663762	10.653697	10.643445	10.633019	10.622428	10.611683	10.600794	10.589771	10.578624	10.567363	10.555997	10.544536	10.532989	10.521363	10.509669	10.497913	10.486105	10.474252	10.462362	10.450441	10.438497	10.426537	10.414567	10.402594	10.390622	10.378658	10.366707	10.354774	10.342864	10.330982	10.31913	10.307314	10.295537	10.283802	10.272112	10.260469	10.248877	10.237337	10.225851	10.21442	10.203047	10.191731	10.180474	10.169275	10.158136	10.147055	10.136034	10.12507	10.114164	10.103313	10.092518	10.081775	10.071084	10.060443	10.049848	10.039298	10.028791	10.018322	10.00789	9.9974914	9.9871222	9.9767794	9.9664592	9.9561578	9.9458714	9.9355958	9.9253268	9.9150603	9.9047918	9.8945168	9.8842308	9.8739292	9.8636072	9.8532602	9.8428834	9.8324719	9.8220209	9.8115257	9.8009812	9.7903828	9.7797255	9.7690046	9.7582153	9.7473529	9.7364127	9.7253902	9.7142809	9.7030802	9.691784	9.680388	9.668888	9.6572801	9.6455605	9.6337254	9.6217714	9.6096949	9.5974929	9.5851622	9.5727001	9.5601038	9.547371	9.5344994	9.521487	9.5083319	9.4950328	9.4815881	9.4679969	9.4542584
-18.0	9.6260871	9.6137616	9.6012963	9.588691	9.5759456	9.5630603	9.5500358	9.5368729	9.5235727	9.5101367	9.4965667	9.4828647	9.4690331	9.4550745	9.440992	9.4267889	9.4124688	9.3980356	9.3834936	9.3688473	9.3541017	9.3392619	9.3243333	9.3093219	9.2942336	9.279075	9.2638526	9.2485735	9.2332449	9.2178745	9.20247	9.1870395	9.1715915	9.1561345	9.1406774	9.1252295	9.1097999	9.0943984	9.0790348	9.0637191	9.0484616	9.0332726	9.0181629	9.0031432	8.9882245	8.9734179	8.9587348	8.9441864	8.9297845	8.9155406	8.9014664	8.8875739	8.873875	8.8603816	8.8471058	8.8340598	8.8212556	8.8087055	8.7964215	8.7844158	8.7727006	8.7612879	8.7501899	8.7394185	8.7289856	8.7189032	8.7091829	8.6998365	8.6908754	8.6823111	8.6741548	8.6664175	8.6591103	8.6522438	8.6458286	8.6398749	8.634393	8.6293926	8.6248834	8.6208747	8.6173757	8.6143951	8.6119415	8.610023	8.6086475	8.6078227	8.6075556	8.6078532	8.608722	8.6101681	8.6121972	8.6148147	8.6180256	8.6218344	8.6262453	8.6312618	8.6368873	8.6431246	8.649976	8.6574434	8.6655282	8.6742314	8.6835534	8.6934943	8.7040534	8.7152297	8.7270217	8.7394274	8.7524443	8.7660691	8.7802984	8.795128	8.8105533	8.826569	8.8431696	8.8603487	8.8780997	8.8964152	8.9152874	8.9347081	8.9546682	8.9751586	8.9961693	9.0176898	9.0397094	9.0622167	9.0851997	9.1086461	9.132543	9.1568772	9.181635	9.2068021	9.2323638	9.2583052	9.2846108	9.3112647	9.3382507	9.3655522	9.3931522	9.4210334	9.4491783	9.4775689	9.5061869	9.5350141	9.5640316	9.5932205	9.6225616	9.6520357	9.6816232	9.7113046	9.7410599	9.7708694	9.8007131	9.8305711	9.8604232	9.8902495	9.9200298	9.9497442	9.9793728	10.008896	10.038293	10.067545	10.096633	10.125537	10.154238	10.182717	10.210956	10.238935	10.266638	10.294045	10.321141	10.347907	10.374327	10.400384	10.426062	10.451347	10.476222	10.500673	10.524686	10.548247	10.571343	10.593961	10.616089	10.637715	10.658828	10.679417	10.699473	10.718986	10.737947	10.756348	10.774181	10.791439	10.808115	10.824204	10.839699	10.854597	10.868894	10.882585	10.895668	10.90814	10.92	10.931247	10.941879	10.951897	10.961301	10.970093	10.978275	10.985847	10.992813	10.999177	11.004942	11.010112	11.014692	11.018687	11.022103	11.024946	11.027223	11.028941	11.030106	11.030727	11.030812	11.030369	11.029408	11.027937	11.025966	11.023504	11.020562	11.017151	11.013279	11.00896	11.004202	10.999019	10.99342	10.987417	10.981023	10.974249	10.967106	10.959608	10.951765	10.94359	10.935096	10.926294	10.917197	10.907816	10.898165	10.888254	10.878097	10.867706	10.857092	10.846267	10.835244	10.824033	10.812647	10.801096	10.789393	10.777548	10.765572	10.753477	10.741272	10.728968	10.716575	10.704103	10.691562	10.678962	10.666311	10.65362	10.640895	10.628147	10.615383	10.602611	10.589839	10.577075	10.564325	10.551596	10.538896	10.526229	10.513602	10.501022	10.488492	10.476019	10.463606	10.451259	10.438981	10.426776	10.414649	10.402601	10.390636	10.378757	10.366965	10.355264	10.343654	10.332137	10.320714	10.309386	10.298153	10.287016	10.275975	10.265029	10.254179	10.243422	10.232758	10.222186	10.211705	10.201311	10.191004	10.180781	10.170639	10.160576	10.150589	10.140675	10.130831	10.121052	10.111336	10.101678	10.092075	10.082522	10.073016	10.063551	10.054123	10.044728	10.03536	10.026015	10.016688	10.007375	9.9980683	9.9887647	9.9794585	9.9701445	9.9608173	9.9514718	9.9421025	9.9327041	9.9232715	9.9137992	9.9042822	9.8947151	9.8850928	9.8754102	9.8656623	9.8558443	9.8459511	9.8359782	9.8259209	9.8157746	9.805535	9.7951978	9.784759	9.7742147	9.763561	9.7527944	9.7419116	9.7309092	9.7197842	9.708534	9.6971559	9.6856476	9.674007	9.6622321	9.6503213	9.6382734
-17.0	9.8033523	9.7928045	9.7821263	9.7713168	9.7603753	9.7493016	9.7380956	9.7267577	9.7152885	9.7036888	9.6919598	9.6801031	9.6681205	9.656014	9.6437863	9.6314399	9.6189781	9.6064043	9.5937221	9.5809356	9.5680491	9.5550674	9.5419954	9.5288385	9.5156022	9.5022924	9.4889154	9.4754778	9.4619862	9.4484479	9.4348702	9.4212608	9.4076276	9.3939789	9.3803231	9.366669	9.3530255	9.3394019	9.3258076	9.3122522	9.2987458	9.2852983	9.27192	9.2586215	9.2454134	9.2323065	9.2193118	9.2064403	9.1937035	9.1811126	9.1686791	9.1564147	9.144331	9.1324398	9.1207528	9.109282	9.0980393	9.0870366	9.0762859	9.0657991	9.0555881	9.045665	9.0360415	9.0267294	9.0177406	9.0090868	9.0007795	8.9928302	8.9852502	8.9780509	8.9712433	8.9648384	8.9588468	8.9532793	8.9481461	8.9434575	8.9392234	8.9354535	8.9321572	8.9293439	8.9270224	8.9252013	8.923889	8.9230935	8.9228226	8.9230836	8.9238835	8.9252291	8.9271266	8.9295819	8.9326006	8.9361879	8.9403484	8.9450864	8.950406	8.9563104	8.9628027	8.9698854	8.9775606	8.98583	8.9946946	9.004155	9.0142115	9.0248637	9.0361107	9.0479511	9.0603832	9.0734044	9.0870119	9.1012022	9.1159714	9.1313149	9.1472278	9.1637044	9.1807387	9.1983239	9.2164531	9.2351183	9.2543115	9.2740239	9.2942461	9.3149684	9.3361805	9.3578716	9.3800303	9.4026448	9.4257029	9.4491916	9.4730979	9.4974079	9.5221075	9.5471822	9.5726168	9.5983959	9.6245038	9.6509241	9.6776404	9.7046355	9.7318923	9.7593932	9.7871202	9.8150551	9.8431795	9.8714747	9.8999217	9.9285013	9.9571944	9.9859812	10.014842	10.043758	10.072708	10.101672	10.130632	10.159566	10.188454	10.217277	10.246015	10.274647	10.303154	10.331517	10.359714	10.387728	10.415539	10.443128	10.470475	10.497563	10.524374	10.550888	10.577089	10.602958	10.62848	10.653638	10.678414	10.702794	10.726761	10.750302	10.773401	10.796045	10.818219	10.839912	10.86111	10.881801	10.901974	10.921619	10.940724	10.95928	10.977278	10.99471	11.011567	11.027842	11.043528	11.058619	11.07311	11.086996	11.100271	11.112933	11.124979	11.136405	11.147211	11.157394	11.166954	11.17589	11.184204	11.191897	11.198969	11.205424	11.211263	11.216491	11.22111	11.225125	11.228542	11.231365	11.2336	11.235253	11.236332	11.236843	11.236793	11.236192	11.235046	11.233366	11.23116	11.228437	11.225208	11.221483	11.217271	11.212584	11.207433	11.201828	11.195782	11.189306	11.182411	11.175111	11.167416	11.159339	11.150893	11.142091	11.132944	11.123466	11.11367	11.103567	11.093172	11.082496	11.071553	11.060356	11.048917	11.03725	11.025366	11.013278	11.000999	10.988542	10.975918	10.96314	10.950219	10.937169	10.923999	10.910722	10.89735	10.883892	10.870361	10.856767	10.84312	10.829431	10.815709	10.801965	10.788207	10.774446	10.76069	10.746947	10.733227	10.719537	10.705886	10.69228	10.678727	10.665233	10.651807	10.638453	10.625178	10.611987	10.598886	10.585881	10.572974	10.560172	10.547479	10.534897	10.522431	10.510083	10.497857	10.485754	10.473778	10.46193	10.450212	10.438625	10.42717	10.415847	10.404657	10.393601	10.382677	10.371886	10.361227	10.350699	10.3403	10.330029	10.319884	10.309863	10.299964	10.290184	10.28052	10.270971	10.261531	10.252199	10.242969	10.23384	10.224806	10.215863	10.207008	10.198235	10.18954	10.180918	10.172364	10.163874	10.155442	10.147063	10.138731	10.130441	10.122188	10.113966	10.10577	10.097593	10.08943	10.081275	10.073123	10.064968	10.056803	10.048624	10.040424	10.032198	10.023941	10.015645	10.007308	9.9989213	9.9904814	9.9819826	9.9734197	9.9647877	9.9560817	9.9472969	9.9384288	9.9294727	9.9204245	9.91128	9.9020353	9.8926865	9.8832302	9.8736629	9.8639816	9.8541834	9.8442655	9.8342255	9.8240612	9.8137707
-16.0	9.9716762	9.9629704	9.9541442	9.9451963	9.9361255	9.9269308	9.9176118	9.9081681	9.8985998	9.8889072	9.879091	9.869152	9.8590915	9.8489112	9.8386129	9.8281988	9.8176715	9.8070338	9.796289	9.7854404	9.7744921	9.763448	9.7523128	9.7410911	9.729788	9.7184091	9.7069599	9.6954466	9.6838755	9.6722531	9.6605865	9.6488829	9.6371496	9.6253945	9.6136257	9.6018514	9.5900802	9.5783209	9.5665826	9.5548744	9.5432059	9.5315869	9.5200272	9.508537	9.4971265	9.4858063	9.4745869	9.4634792	9.452494	9.4416425	9.4309359	9.4203853	9.4100023	9.3997983	9.3897849	9.3799736	9.370376	9.361004	9.3518691	9.3429831	9.3343577	9.3260046	9.3179353	9.3101617	9.3026951	9.295547	9.2887289	9.2822519	9.2761274	9.2703662	9.2649793	9.2599775	9.2553713	9.2511711	9.247387	9.2440292	9.2411072	9.2386306	9.2366088	9.2350506	9.2339649	9.23336	9.2332441	9.233625	9.2345102	9.2359069	9.2378218	9.2402615	9.243232	9.2467389	9.2507876	9.2553829	9.2605294	9.266231	9.2724914	9.2793138	9.2867007	9.2946546	9.3031771	9.3122696	9.3219329	9.3321672	9.3429724	9.3543479	9.3662923	9.378804	9.3918808	9.4055199	9.419718	9.4344712	9.4497753	9.4656253	9.4820157	9.4989406	9.5163936	9.5343675	9.5528547	9.5718472	9.5913363	9.6113129	9.6317671	9.6526888	9.6740674	9.6958914	9.7181493	9.7408286	9.7639169	9.7874008	9.8112667	9.8355005	9.8600877	9.8850132	9.9102617	9.9358174	9.961664	9.9877852	10.014164	10.040783	10.067624	10.094671	10.121904	10.149305	10.176856	10.204537	10.23233	10.260215	10.288173	10.316184	10.344228	10.372286	10.400337	10.428362	10.456341	10.484253	10.512079	10.539799	10.567393	10.594841	10.622123	10.649221	10.676114	10.702784	10.729211	10.755377	10.781264	10.806853	10.832126	10.857065	10.881655	10.905877	10.929715	10.953154	10.976176	10.998769	11.020915	11.042602	11.063815	11.084542	11.104769	11.124484	11.143675	11.162332	11.180443	11.197999	11.21499	11.231408	11.247244	11.26249	11.27714	11.291187	11.304626	11.317451	11.329657	11.341241	11.3522	11.362531	11.372231	11.3813	11.389736	11.397539	11.40471	11.411249	11.417159	11.422441	11.427098	11.431133	11.43455	11.437354	11.439549	11.441141	11.442135	11.442538	11.442357	11.441599	11.440273	11.438385	11.435945	11.432961	11.429444	11.425403	11.420848	11.415789	11.410238	11.404205	11.397701	11.390739	11.38333	11.375486	11.367219	11.358543	11.34947	11.340011	11.330182	11.319994	11.30946	11.298595	11.287411	11.275922	11.264142	11.252083	11.239759	11.227184	11.214372	11.201334	11.188086	11.17464	11.16101	11.147208	11.133248	11.119142	11.104903	11.090544	11.076077	11.061514	11.046868	11.032151	11.017373	11.002547	10.987684	10.972794	10.957889	10.942979	10.928074	10.913184	10.898319	10.883489	10.868702	10.853967	10.839293	10.824689	10.810161	10.795719	10.781368	10.767117	10.752971	10.738937	10.725022	10.71123	10.697568	10.68404	10.670651	10.657406	10.644308	10.631361	10.618569	10.605935	10.593462	10.581151	10.569006	10.557027	10.545217	10.533576	10.522106	10.510806	10.499678	10.48872	10.477934	10.467317	10.45687	10.44659	10.436477	10.426529	10.416743	10.407117	10.397649	10.388336	10.379176	10.370164	10.361297	10.352572	10.343985	10.335531	10.327206	10.319007	10.310927	10.302963	10.29511	10.287361	10.279713	10.272159	10.264695	10.257314	10.250011	10.242779	10.235614	10.228509	10.221458	10.214455	10.207493	10.200568	10.193671	10.186798	10.179942	10.173097	10.166256	10.159414	10.152564	10.1457	10.138817	10.131908	10.124968	10.11799	10.11097	10.103901	10.096778	10.089596	10.08235	10.075034	10.067644	10.060176	10.052624	10.044984	10.037253	10.029426	10.021499	10.01347	10.005335	9.9970903	9.9887341	9.9802635
-15.0	10.130589	10.123784	10.11687	10.109845	10.102707	10.095454	10.088085	10.0806	10.072998	10.065278	10.057442	10.049488	10.041418	10.033233	10.024934	10.016522	10.008001	9.9993713	9.9906364	9.9817993	9.972863	9.9638313	9.954708	9.9454975	9.9362042	9.9268331	9.9173894	9.9078785	9.8983064	9.8886792	9.8790032	9.8692852	9.8595323	9.8497516	9.8399509	9.8301378	9.8203205	9.8105075	9.8007072	9.7909285	9.7811806	9.7714726	9.7618141	9.7522149	9.7426848	9.7332339	9.7238725	9.7146109	9.7054599	9.69643	9.6875321	9.6787773	9.6701764	9.6617407	9.6534815	9.6454099	9.6375374	9.6298753	9.622435	9.615228	9.6082656	9.6015593	9.5951205	9.5889605	9.5830906	9.577522	9.5722658	9.567333	9.5627346	9.5584813	9.5545838	9.5510526	9.5478981	9.5451303	9.5427592	9.5407946	9.5392459	9.5381225	9.5374333	9.5371872	9.5373925	9.5380575	9.5391901	9.5407979	9.542888	9.5454674	9.5485426	9.5521198	9.5562049	9.5608031	9.5659195	9.5715587	9.5777249	9.5844218	9.5916528	9.5994206	9.6077277	9.616576	9.625967	9.6359015	9.6463801	9.6574027	9.6689687	9.6810773	9.6937266	9.7069148	9.7206391	9.7348964	9.749683	9.7649948	9.7808268	9.7971739	9.8140302	9.8313893	9.8492443	9.8675877	9.8864116	9.9057074	9.9254659	9.9456778	9.9663327	9.9874201	10.008929	10.030847	10.053163	10.075864	10.098937	10.122368	10.146143	10.170248	10.194668	10.219387	10.24439	10.269661	10.295183	10.320939	10.346912	10.373085	10.399439	10.425957	10.452621	10.479411	10.506309	10.533295	10.560351	10.587457	10.614593	10.64174	10.668878	10.695988	10.723048	10.75004	10.776944	10.803739	10.830405	10.856924	10.883275	10.909439	10.935396	10.961127	10.986613	11.011836	11.036776	11.061415	11.085736	11.10972	11.133351	11.15661	11.179482	11.20195	11.223999	11.245612	11.266775	11.287474	11.307693	11.327421	11.346643	11.365347	11.383522	11.401155	11.418236	11.434755	11.450702	11.466068	11.480844	11.495023	11.508598	11.521561	11.533906	11.545629	11.556725	11.567189	11.577018	11.58621	11.594761	11.60267	11.609937	11.616561	11.622542	11.627882	11.632581	11.636642	11.640068	11.642861	11.645025	11.646566	11.647487	11.647795	11.647495	11.646594	11.645098	11.643016	11.640355	11.637123	11.63333	11.628984	11.624095	11.618674	11.612731	11.606276	11.59932	11.591875	11.583953	11.575566	11.566726	11.557445	11.547736	11.537613	11.527088	11.516174	11.504886	11.493236	11.481239	11.468908	11.456257	11.443301	11.430053	11.416527	11.402738	11.3887	11.374426	11.359932	11.34523	11.330335	11.315261	11.300021	11.28463	11.269101	11.253447	11.237681	11.221818	11.205869	11.189848	11.173767	11.157639	11.141475	11.125289	11.109091	11.092893	11.076707	11.060543	11.044413	11.028326	11.012292	10.996323	10.980427	10.964613	10.948891	10.933269	10.917756	10.90236	10.887088	10.871948	10.856946	10.842091	10.827387	10.812841	10.79846	10.784247	10.770209	10.75635	10.742674	10.729185	10.715887	10.702784	10.689878	10.677172	10.664669	10.652369	10.640276	10.628391	10.616713	10.605245	10.593987	10.582938	10.572098	10.561467	10.551045	10.540829	10.530818	10.521011	10.511406	10.502001	10.492792	10.483778	10.474955	10.46632	10.457869	10.449599	10.441505	10.433584	10.425831	10.418242	10.410812	10.403535	10.396407	10.389422	10.382575	10.375861	10.369273	10.362805	10.356453	10.350208	10.344067	10.338021	10.332065	10.326192	10.320397	10.314671	10.309009	10.303404	10.297849	10.292338	10.286864	10.28142	10.276	10.270598	10.265206	10.259818	10.254428	10.24903	10.243616	10.238182	10.232721	10.227227	10.221694	10.216116	10.210489	10.204806	10.199062	10.193253	10.187374	10.181419	10.175385	10.169267	10.163061	10.156764	10.150371	10.14388	10.137286
-14.0	10.279644	10.274795	10.269848	10.264801	10.259652	10.254399	10.249039	10.243572	10.237995	10.23231	10.226514	10.220607	10.214591	10.208465	10.20223	10.195886	10.189437	10.182882	10.176225	10.169467	10.162612	10.155662	10.148621	10.141492	10.13428	10.126988	10.119622	10.112187	10.104688	10.097129	10.089519	10.081861	10.074164	10.066433	10.058677	10.050901	10.043115	10.035325	10.02754	10.019768	10.012018	10.004299	9.9966198	9.9889895	9.9814178	9.9739142	9.9664888	9.9591514	9.9519122	9.9447816	9.9377701	9.9308881	9.9241464	9.9175558	9.911127	9.9048712	9.8987992	9.8929221	9.887251	9.8817969	9.876571	9.8715843	9.866848	9.862373	9.8581703	9.8542508	9.8506254	9.8473047	9.8442994	9.84162	9.8392768	9.8372802	9.83564	9.8343661	9.8334683	9.8329559	9.8328383	9.8331243	9.8338228	9.8349421	9.8364905	9.838476	9.840906	9.8437879	9.8471285	9.8509346	9.8552123	9.8599674	9.8652056	9.8709319	9.8771509	9.883867	9.8910839	9.8988052	9.9070337	9.915772	9.9250221	9.9347856	9.9450636	9.9558566	9.9671648	9.9789877	9.9913245	10.004174	10.017533	10.031401	10.045773	10.060647	10.076018	10.091882	10.108234	10.125067	10.142375	10.160153	10.178392	10.197084	10.216222	10.235795	10.255796	10.276213	10.297036	10.318254	10.339856	10.361829	10.384161	10.40684	10.429851	10.45318	10.476814	10.500737	10.524934	10.549389	10.574087	10.599012	10.624145	10.64947	10.67497	10.700628	10.726423	10.75234	10.778359	10.804461	10.830627	10.856838	10.883075	10.909318	10.935549	10.961746	10.98789	11.013962	11.039942	11.065809	11.091545	11.117129	11.142542	11.167763	11.192775	11.217557	11.242091	11.266357	11.290337	11.314012	11.337364	11.360376	11.38303	11.405308	11.427194	11.448672	11.469724	11.490336	11.510493	11.530179	11.549381	11.568084	11.586276	11.603943	11.621073	11.637655	11.653678	11.66913	11.684003	11.698287	11.711973	11.725053	11.737519	11.749365	11.760585	11.771172	11.781122	11.790431	11.799094	11.80711	11.814475	11.821188	11.827247	11.832653	11.837405	11.841504	11.844952	11.84775	11.849901	11.851409	11.852278	11.852511	11.852113	11.851091	11.849449	11.847196	11.844337	11.840881	11.836835	11.832208	11.82701	11.821248	11.814935	11.808078	11.800691	11.792782	11.784365	11.77545	11.766049	11.756176	11.745842	11.735061	11.723846	11.71221	11.700166	11.687729	11.674913	11.661731	11.648199	11.63433	11.620139	11.60564	11.590848	11.575778	11.560445	11.544864	11.529048	11.513013	11.496774	11.480344	11.46374	11.446975	11.430064	11.41302	11.395859	11.378594	11.36124	11.343809	11.326316	11.308773	11.291195	11.273593	11.255981	11.238372	11.220777	11.203208	11.185678	11.168198	11.150779	11.133432	11.116168	11.098996	11.081928	11.064973	11.04814	11.031438	11.014877	10.998464	10.982208	10.966117	10.950197	10.934457	10.918903	10.903541	10.888378	10.873418	10.858669	10.844133	10.829817	10.815725	10.80186	10.788226	10.774826	10.761664	10.748741	10.736061	10.723624	10.711433	10.699489	10.687793	10.676345	10.665145	10.654193	10.64349	10.633033	10.622823	10.612858	10.603136	10.593656	10.584414	10.575409	10.566639	10.558099	10.549787	10.541698	10.533831	10.526179	10.51874	10.511508	10.50448	10.497649	10.491012	10.484562	10.478295	10.472204	10.466284	10.460529	10.454933	10.44949	10.444193	10.439035	10.434012	10.429114	10.424337	10.419672	10.415114	10.410654	10.406287	10.402005	10.397801	10.393668	10.389599	10.385587	10.381624	10.377705	10.373821	10.369965	10.366132	10.362313	10.358503	10.354695	10.350881	10.347057	10.343214	10.339348	10.335452	10.33152	10.327547	10.323526	10.319453	10.315323	10.311129	10.306868	10.302535	10.298125	10.293635	10.289061	10.284398
-13.0	10.418418	10.415574	10.412645	10.409627	10.406519	10.403317	10.400019	10.396623	10.393127	10.38953	10.385831	10.38203	10.378124	10.374115	10.370003	10.365788	10.36147	10.357052	10.352534	10.347918	10.343207	10.338403	10.333509	10.328527	10.323462	10.318317	10.313096	10.307803	10.302444	10.297024	10.291547	10.28602	10.280448	10.274838	10.269196	10.26353	10.257845	10.25215	10.246453	10.24076	10.235081	10.229423	10.223796	10.218207	10.212667	10.207183	10.201767	10.196427	10.191172	10.186014	10.180961	10.176024	10.171214	10.16654	10.162014	10.157645	10.153444	10.149423	10.145591	10.141959	10.138539	10.13534	10.132374	10.129651	10.127181	10.124976	10.123046	10.121402	10.120052	10.119009	10.118281	10.117878	10.117811	10.118089	10.118721	10.119716	10.121083	10.122831	10.124969	10.127503	10.130443	10.133796	10.137569	10.141769	10.146402	10.151476	10.156995	10.162965	10.169392	10.17628	10.183633	10.191456	10.199752	10.208524	10.217774	10.227505	10.237718	10.248415	10.259596	10.271261	10.283411	10.296044	10.309158	10.322753	10.336826	10.351374	10.366393	10.38188	10.39783	10.414238	10.431098	10.448404	10.46615	10.484328	10.502931	10.52195	10.541377	10.561202	10.581415	10.602006	10.622964	10.644277	10.665934	10.687922	10.710228	10.732839	10.755741	10.77892	10.80236	10.826048	10.849967	10.874102	10.898435	10.922951	10.947633	10.972462	10.997422	11.022495	11.047661	11.072904	11.098204	11.123542	11.148899	11.174256	11.199594	11.224893	11.250134	11.275297	11.300362	11.325309	11.35012	11.374774	11.399252	11.423534	11.4476	11.471433	11.495012	11.518318	11.541333	11.564038	11.586416	11.608448	11.630116	11.651403	11.672292	11.692767	11.712811	11.732409	11.751545	11.770204	11.788371	11.806033	11.823176	11.839788	11.855855	11.871366	11.88631	11.900675	11.914452	11.927631	11.940203	11.95216	11.963494	11.974198	11.984265	11.99369	12.002468	12.010593	12.018063	12.024874	12.031023	12.036509	12.04133	12.045485	12.048976	12.051801	12.053964	12.055465	12.056308	12.056495	12.05603	12.054917	12.053163	12.050771	12.047749	12.044102	12.039839	12.034966	12.029492	12.023426	12.016777	12.009554	12.001768	11.993429	11.984548	11.975136	11.965206	11.954768	11.943836	11.932422	11.92054	11.908202	11.895422	11.882214	11.868592	11.854571	11.840165	11.825388	11.810255	11.794781	11.778982	11.762872	11.746467	11.729782	11.712832	11.695633	11.6782	11.660548	11.642693	11.62465	11.606435	11.588063	11.569548	11.550906	11.532152	11.5133	11.494365	11.475362	11.456304	11.437207	11.418084	11.398948	11.379814	11.360694	11.341602	11.32255	11.303551	11.284617	11.265761	11.246993	11.228326	11.20977	11.191337	11.173036	11.154879	11.136874	11.119032	11.101362	11.083872	11.066571	11.049468	11.03257	11.015884	10.999418	10.983179	10.967173	10.951406	10.935883	10.920611	10.905593	10.890836	10.876342	10.862116	10.848162	10.834482	10.82108	10.807957	10.795116	10.78256	10.770288	10.758303	10.746604	10.735194	10.72407	10.713234	10.702685	10.692421	10.682442	10.672747	10.663332	10.654197	10.645338	10.636753	10.62844	10.620394	10.612613	10.605092	10.597827	10.590815	10.584051	10.57753	10.571247	10.565197	10.559374	10.553773	10.548389	10.543215	10.538245	10.533473	10.528893	10.524497	10.52028	10.516235	10.512353	10.50863	10.505057	10.501627	10.498333	10.495167	10.492123	10.489192	10.486368	10.483642	10.481008	10.478457	10.475983	10.473577	10.471233	10.468943	10.466699	10.464494	10.462322	10.460174	10.458045	10.455926	10.453811	10.451694	10.449568	10.447426	10.445263	10.443071	10.440846	10.438581	10.436271	10.433911	10.431495	10.429019	10.426477	10.423866	10.421181
-12.0	10.546518	10.545721	10.544854	10.54391	10.542888	10.541784	10.540596	10.539319	10.537953	10.536495	10.534943	10.533297	10.531555	10.529716	10.52778	10.525746	10.523616	10.521389	10.519067	10.51665	10.514141	10.511541	10.508852	10.506076	10.503218	10.50028	10.497265	10.494177	10.491021	10.487801	10.484522	10.481189	10.477807	10.474382	10.47092	10.467428	10.463911	10.460377	10.456833	10.453286	10.449745	10.446216	10.442707	10.439228	10.435786	10.432391	10.429051	10.425775	10.422573	10.419454	10.416428	10.413504	10.410692	10.408002	10.405444	10.403029	10.400766	10.398665	10.396737	10.394993	10.393442	10.392094	10.390961	10.390052	10.389378	10.388949	10.388774	10.388864	10.38923	10.389879	10.390823	10.39207	10.393631	10.395514	10.397727	10.400281	10.403183	10.406442	10.410066	10.414062	10.418438	10.423201	10.428358	10.433916	10.439881	10.446259	10.453055	10.460274	10.467922	10.476002	10.484518	10.493474	10.502874	10.512719	10.523012	10.533755	10.544948	10.556594	10.568691	10.58124	10.59424	10.60769	10.621588	10.635932	10.650718	10.665945	10.681607	10.697701	10.714221	10.731163	10.748519	10.766284	10.78445	10.80301	10.821956	10.841279	10.860969	10.881017	10.901412	10.922145	10.943203	10.964574	10.986247	11.008208	11.030445	11.052944	11.07569	11.098668	11.121865	11.145264	11.16885	11.192606	11.216516	11.240563	11.26473	11.288999	11.313352	11.337772	11.36224	11.386737	11.411245	11.435745	11.460217	11.484643	11.509004	11.533279	11.557449	11.581495	11.605397	11.629136	11.652692	11.676046	11.699179	11.722071	11.744703	11.767056	11.789112	11.810851	11.832257	11.85331	11.873993	11.894289	11.91418	11.93365	11.952683	11.971261	11.989371	12.006996	12.024122	12.040735	12.056821	12.072368	12.087361	12.10179	12.115642	12.128908	12.141575	12.153635	12.165079	12.175897	12.186082	12.195627	12.204524	12.212769	12.220355	12.227277	12.233533	12.239118	12.244029	12.248265	12.251825	12.254706	12.25691	12.258437	12.259289	12.259466	12.258972	12.257809	12.255982	12.253495	12.250352	12.24656	12.242124	12.237052	12.231349	12.225025	12.218088	12.210545	12.202408	12.193685	12.184386	12.174524	12.164107	12.15315	12.141662	12.129657	12.117147	12.104146	12.090666	12.076722	12.062327	12.047496	12.032243	12.016583	12.000531	11.984102	11.967311	11.950174	11.932706	11.914924	11.896842	11.878477	11.859844	11.84096	11.821841	11.802503	11.782961	11.763232	11.743332	11.723276	11.703081	11.682762	11.662335	11.641814	11.621217	11.600557	11.57985	11.559111	11.538355	11.517595	11.496847	11.476124	11.45544	11.434808	11.414243	11.393757	11.373363	11.353073	11.3329	11.312856	11.292951	11.273198	11.253608	11.23419	11.214956	11.195915	11.177078	11.158452	11.140048	11.121874	11.103938	11.086248	11.068811	11.051635	11.034726	11.018091	11.001736	10.985667	10.969888	10.954405	10.939223	10.924345	10.909775	10.895517	10.881574	10.867949	10.854643	10.84166	10.829	10.816665	10.804656	10.792973	10.781618	10.770588	10.759886	10.749508	10.739455	10.729725	10.720317	10.711227	10.702455	10.693997	10.685851	10.678013	10.67048	10.663248	10.656313	10.64967	10.643317	10.637246	10.631454	10.625936	10.620686	10.615697	10.610966	10.606484	10.602247	10.598247	10.594479	10.590935	10.587609	10.584493	10.581581	10.578864	10.576337	10.573991	10.571818	10.569812	10.567964	10.566266	10.564711	10.563291	10.561999	10.560825	10.559762	10.558802	10.557938	10.557162	10.556464	10.555839	10.555278	10.554773	10.554317	10.553902	10.553521	10.553167	10.552832	10.552509	10.552191	10.551873	10.551546	10.551205	10.550843	10.550454	10.550033	10.549574	10.54907	10.548518	10.547911	10.547246
-11.0	10.663574	10.664864	10.666096	10.667267	10.668371	10.669406	10.670368	10.671253	10.67206	10.672784	10.673424	10.673979	10.674445	10.674823	10.67511	10.675307	10.675412	10.675426	10.67535	10.675183	10.674927	10.674582	10.674152	10.673636	10.673039	10.672362	10.671608	10.670781	10.669884	10.668922	10.667897	10.666816	10.665682	10.664501	10.663278	10.662019	10.66073	10.659418	10.658088	10.656748	10.655405	10.654066	10.652738	10.65143	10.650149	10.648903	10.647702	10.646553	10.645465	10.644448	10.643509	10.64266	10.641908	10.641263	10.640735	10.640334	10.640068	10.639949	10.639985	10.640187	10.640565	10.641127	10.641885	10.642848	10.644025	10.645427	10.647063	10.648943	10.651076	10.653472	10.656139	10.659088	10.662326	10.665862	10.669706	10.673865	10.678347	10.683161	10.688314	10.693813	10.699666	10.705879	10.712459	10.719411	10.726742	10.734457	10.742562	10.75106	10.759957	10.769255	10.77896	10.789073	10.799598	10.810536	10.82189	10.833661	10.845849	10.858455	10.871479	10.88492	10.898777	10.913048	10.927732	10.942825	10.958324	10.974225	10.990525	11.007217	11.024298	11.041761	11.0596	11.077807	11.096375	11.115296	11.134561	11.154162	11.174089	11.194331	11.214878	11.235718	11.256841	11.278233	11.299883	11.321776	11.3439	11.366241	11.388783	11.411512	11.434413	11.457471	11.480668	11.503989	11.527417	11.550934	11.574524	11.598169	11.621851	11.645551	11.669251	11.692933	11.716578	11.740167	11.763681	11.787101	11.810407	11.83358	11.856601	11.879451	11.90211	11.924558	11.946778	11.968748	11.990452	12.011869	12.032981	12.053769	12.074215	12.094302	12.114011	12.133324	12.152225	12.170697	12.188724	12.206289	12.223376	12.23997	12.256057	12.271622	12.286652	12.301132	12.315051	12.328395	12.341153	12.353314	12.364868	12.375804	12.386112	12.395785	12.404813	12.41319	12.420909	12.427963	12.434347	12.440055	12.445084	12.44943	12.453091	12.456063	12.458345	12.459937	12.460839	12.46105	12.460572	12.459407	12.457556	12.455024	12.451814	12.447929	12.443376	12.438159	12.432286	12.425762	12.418594	12.410792	12.402362	12.393315	12.383659	12.373404	12.362562	12.351143	12.339158	12.326619	12.313538	12.299928	12.285802	12.271174	12.256057	12.240465	12.224412	12.207913	12.190984	12.173639	12.155893	12.137763	12.119263	12.100411	12.081221	12.061711	12.041897	12.021794	12.001421	11.980792	11.959926	11.938838	11.917545	11.896065	11.874412	11.852605	11.830659	11.808591	11.786418	11.764155	11.741818	11.719425	11.696989	11.674528	11.652056	11.629588	11.607141	11.584728	11.562364	11.540064	11.517841	11.49571	11.473684	11.451776	11.43	11.408368	11.386892	11.365585	11.344458	11.323523	11.30279	11.282272	11.261977	11.241916	11.2221	11.202536	11.183235	11.164204	11.145452	11.126988	11.108817	11.090949	11.073388	11.056143	11.039218	11.022619	11.006352	10.990421	10.974832	10.959587	10.944692	10.930148	10.91596	10.902129	10.888659	10.87555	10.862805	10.850425	10.838409	10.82676	10.815477	10.804559	10.794007	10.783819	10.773994	10.76453	10.755426	10.746679	10.738287	10.730247	10.722556	10.715211	10.708207	10.701541	10.695209	10.689206	10.683527	10.678168	10.673122	10.668386	10.663952	10.659816	10.65597	10.652409	10.649126	10.646114	10.643367	10.640878	10.638639	10.636643	10.634882	10.633349	10.632037	10.630937	10.630041	10.629342	10.628831	10.628501	10.628343	10.628348	10.628509	10.628818	10.629265	10.629843	10.630543	10.631357	10.632277	10.633294	10.634401	10.635589	10.63685	10.638176	10.63956	10.640993	10.642468	10.643977	10.645514	10.647069	10.648638	10.650212	10.651785	10.65335	10.6549	10.656431	10.657935	10.659406	10.66084	10.662231
-10.0	10.769251	10.772659	10.776024	10.779341	10.782606	10.785815	10.788963	10.792046	10.795061	10.798006	10.800876	10.80367	10.806385	10.80902	10.811572	10.81404	10.816424	10.818722	10.820935	10.823063	10.825105	10.827062	10.828936	10.830728	10.832439	10.834072	10.835628	10.837111	10.838523	10.839869	10.84115	10.842372	10.843538	10.844653	10.845722	10.84675	10.847743	10.848706	10.849645	10.850566	10.851476	10.852382	10.85329	10.854208	10.855144	10.856104	10.857097	10.858131	10.859214	10.860354	10.86156	10.86284	10.864204	10.86566	10.867218	10.868886	10.870674	10.87259	10.874645	10.876847	10.879206	10.881732	10.884433	10.887319	10.8904	10.893684	10.897181	10.9009	10.90485	10.909039	10.913477	10.918172	10.923133	10.928368	10.933884	10.939691	10.945795	10.952203	10.958924	10.965964	10.97333	10.981027	10.989062	10.997441	11.006169	11.015252	11.024692	11.034496	11.044666	11.055207	11.066121	11.077411	11.089079	11.101127	11.113557	11.126368	11.139562	11.153138	11.167096	11.181434	11.196152	11.211246	11.226715	11.242555	11.258762	11.275332	11.292261	11.309542	11.327172	11.345142	11.363446	11.382077	11.401027	11.420287	11.439848	11.459701	11.479836	11.500242	11.520908	11.541822	11.562973	11.584348	11.605934	11.627718	11.649685	11.671822	11.694113	11.716544	11.739098	11.761761	11.784515	11.807345	11.830232	11.853161	11.876113	11.899071	11.922017	11.944932	11.967799	11.990598	12.01331	12.035918	12.058401	12.080742	12.10292	12.124916	12.146712	12.168289	12.189626	12.210706	12.231509	12.252017	12.272211	12.292072	12.311582	12.330724	12.349479	12.367829	12.385759	12.40325	12.420286	12.436852	12.45293	12.468507	12.483566	12.498094	12.512077	12.5255	12.538351	12.550618	12.562288	12.573351	12.583794	12.593609	12.602786	12.611315	12.619188	12.626398	12.632937	12.638799	12.643979	12.64847	12.65227	12.655373	12.657777	12.65948	12.660479	12.660775	12.660366	12.659252	12.657435	12.654917	12.651699	12.647785	12.643179	12.637884	12.631906	12.62525	12.617922	12.609929	12.601279	12.591979	12.582038	12.571465	12.560269	12.54846	12.53605	12.523049	12.509469	12.495322	12.480621	12.465377	12.449605	12.433318	12.416531	12.399257	12.381512	12.363309	12.344666	12.325597	12.306118	12.286245	12.265994	12.245382	12.224426	12.203142	12.181547	12.159658	12.137493	12.115067	12.0924	12.069507	12.046407	12.023116	11.999652	11.976032	11.952273	11.928393	11.904407	11.880334	11.85619	11.831992	11.807756	11.783499	11.759236	11.734985	11.71076	11.686577	11.662452	11.6384	11.614435	11.590573	11.566827	11.543212	11.519742	11.49643	11.473288	11.450331	11.427571	11.405019	11.382688	11.360589	11.338734	11.317133	11.295797	11.274736	11.25396	11.233477	11.213298	11.193431	11.173883	11.154664	11.13578	11.117238	11.099046	11.081209	11.063734	11.046625	11.02989	11.013531	10.997553	10.981962	10.966759	10.951949	10.937534	10.923517	10.9099	10.896684	10.883872	10.871463	10.85946	10.847862	10.836668	10.825879	10.815495	10.805513	10.795932	10.786751	10.777968	10.76958	10.761584	10.753978	10.746758	10.739921	10.733462	10.727378	10.721663	10.716315	10.711326	10.706693	10.702409	10.698469	10.694867	10.691597	10.688652	10.686026	10.683713	10.681704	10.679993	10.678573	10.677436	10.676574	10.675981	10.675647	10.675565	10.675727	10.676124	10.676748	10.677591	10.678644	10.679899	10.681347	10.682979	10.684787	10.686762	10.688895	10.691178	10.693602	10.696158	10.698838	10.701633	10.704534	10.707533	10.710622	10.713792	10.717035	10.720343	10.723708	10.727122	10.730576	10.734065	10.73758	10.741113	10.744659	10.748209	10.751757	10.755297	10.758823	10.762327	10.765805
-9.0	10.86324	10.868792	10.874316	10.879808	10.885262	10.890673	10.896036	10.901347	10.906603	10.911798	10.916931	10.921997	10.926994	10.931919	10.936771	10.941546	10.946244	10.950864	10.955404	10.959863	10.964242	10.968541	10.972759	10.976899	10.98096	10.984944	10.988853	10.992688	10.996453	11.00015	11.003782	11.007352	11.010863	11.014321	11.017728	11.02109	11.024412	11.027697	11.030953	11.034184	11.037396	11.040596	11.043789	11.046983	11.050184	11.0534	11.056637	11.059903	11.063206	11.066554	11.069954	11.073415	11.076944	11.080551	11.084243	11.08803	11.09192	11.095921	11.100043	11.104294	11.108683	11.113219	11.11791	11.122767	11.127796	11.133008	11.13841	11.144012	11.149822	11.155848	11.162098	11.168581	11.175305	11.182276	11.189504	11.196995	11.204757	11.212795	11.221118	11.229732	11.238642	11.247854	11.257374	11.267208	11.277359	11.287833	11.298634	11.309765	11.32123	11.333032	11.345173	11.357656	11.370482	11.383653	11.397169	11.41103	11.425238	11.43979	11.454686	11.469925	11.485504	11.50142	11.517671	11.534253	11.551161	11.568392	11.585939	11.603798	11.621961	11.640423	11.659175	11.67821	11.697519	11.717095	11.736926	11.757004	11.777317	11.797856	11.818608	11.839561	11.860704	11.882023	11.903505	11.925137	11.946903	11.96879	11.990783	12.012866	12.035023	12.057239	12.079497	12.101779	12.12407	12.146352	12.168607	12.190817	12.212965	12.235031	12.256999	12.278848	12.300561	12.322119	12.343503	12.364693	12.385672	12.40642	12.426918	12.447148	12.46709	12.486726	12.506038	12.525007	12.543614	12.561843	12.579675	12.597092	12.614078	12.630615	12.646687	12.662278	12.677372	12.691953	12.706006	12.719517	12.732472	12.744857	12.756658	12.767864	12.778461	12.78844	12.797788	12.806495	12.814551	12.821948	12.828676	12.834729	12.840097	12.844776	12.848758	12.85204	12.854615	12.85648	12.857633	12.858069	12.857788	12.856788	12.85507	12.852632	12.849475	12.845603	12.841016	12.835717	12.829711	12.823	12.815592	12.807489	12.7987	12.789231	12.779088	12.76828	12.756816	12.744705	12.731956	12.718579	12.704586	12.689988	12.674796	12.659022	12.64268	12.625782	12.608342	12.590374	12.571892	12.552912	12.533447	12.513513	12.493127	12.472303	12.451059	12.429411	12.407375	12.384968	12.362208	12.339111	12.315696	12.29198	12.26798	12.243714	12.2192	12.194455	12.169499	12.144348	12.119021	12.093535	12.067908	12.042158	12.016303	11.990361	11.964348	11.938283	11.912183	11.886064	11.859943	11.833838	11.807765	11.781741	11.75578	11.729901	11.704117	11.678444	11.652898	11.627494	11.602245	11.577167	11.552273	11.527577	11.503092	11.478832	11.454808	11.431034	11.407521	11.384281	11.361326	11.338665	11.31631	11.294271	11.272557	11.251179	11.230144	11.209462	11.189141	11.169189	11.149613	11.13042	11.111617	11.093211	11.075207	11.05761	11.040426	11.02366	11.007315	10.991396	10.975907	10.960849	10.946227	10.932043	10.918298	10.904994	10.892133	10.879715	10.867741	10.856211	10.845125	10.834482	10.824281	10.814521	10.805201	10.796319	10.787872	10.779858	10.772273	10.765116	10.758381	10.752066	10.746166	10.740678	10.735595	10.730914	10.726628	10.722734	10.719224	10.716094	10.713336	10.710945	10.708913	10.707235	10.705902	10.704908	10.704245	10.703907	10.703884	10.704169	10.704754	10.705631	10.706791	10.708227	10.709928	10.711888	10.714097	10.716546	10.719227	10.72213	10.725246	10.728567	10.732084	10.735786	10.739666	10.743714	10.747921	10.752278	10.756776	10.761406	10.766159	10.771027	10.776	10.78107	10.786229	10.791467	10.796777	10.80215	10.807578	10.813054	10.818569	10.824116	10.829687	10.835276	10.840875	10.846478	10.852077	10.857666
-8.0	10.945267	10.952983	10.960688	10.968375	10.976039	10.983674	10.991275	10.998838	11.006358	11.01383	11.02125	11.028615	11.035921	11.043164	11.050343	11.057455	11.064496	11.071467	11.078364	11.085187	11.091936	11.098608	11.105204	11.111725	11.11817	11.124541	11.130837	11.137062	11.143216	11.149302	11.155322	11.161278	11.167175	11.173013	11.178799	11.184535	11.190225	11.195875	11.201488	11.20707	11.212626	11.218162	11.223683	11.229195	11.234705	11.240219	11.245744	11.251286	11.256853	11.262452	11.26809	11.273774	11.279513	11.285313	11.291184	11.297133	11.303167	11.309296	11.315527	11.321869	11.32833	11.334918	11.341641	11.348508	11.355526	11.362705	11.370052	11.377575	11.385283	11.393182	11.401281	11.409588	11.418109	11.426852	11.435824	11.445031	11.454482	11.464181	11.474135	11.484349	11.494831	11.505584	11.516614	11.527925	11.539522	11.551409	11.563589	11.576065	11.588842	11.60192	11.615302	11.62899	11.642985	11.657288	11.671898	11.686816	11.702041	11.717573	11.733408	11.749547	11.765984	11.782719	11.799746	11.817063	11.834664	11.852544	11.870697	11.889118	11.907799	11.926734	11.945914	11.965332	11.984978	12.004843	12.024918	12.045192	12.065653	12.086292	12.107096	12.128053	12.149151	12.170375	12.191712	12.21315	12.234672	12.256264	12.277911	12.299598	12.321308	12.343025	12.364733	12.386415	12.408053	12.429631	12.45113	12.472534	12.493822	12.514979	12.535985	12.556821	12.57747	12.597912	12.61813	12.638104	12.657815	12.677245	12.696376	12.715189	12.733665	12.751787	12.769535	12.786893	12.803843	12.820366	12.836447	12.852067	12.867211	12.881862	12.896005	12.909623	12.922702	12.935226	12.947183	12.958557	12.969336	12.979507	12.989058	12.997976	13.006252	13.013873	13.020832	13.027117	13.03272	13.037634	13.041851	13.045363	13.048165	13.050252	13.051618	13.05226	13.052174	13.051356	13.049807	13.047523	13.044504	13.040751	13.036264	13.031045	13.025095	13.018418	13.011016	13.002895	12.994059	12.984513	12.974264	12.963318	12.951683	12.939367	12.926377	12.912725	12.898418	12.883469	12.867886	12.851683	12.83487	12.817461	12.799468	12.780904	12.761783	12.742119	12.721928	12.701224	12.680022	12.658338	12.636188	12.613589	12.590557	12.567109	12.543262	12.519034	12.494441	12.469503	12.444236	12.418659	12.392791	12.366648	12.340251	12.313616	12.286763	12.259711	12.232477	12.205081	12.17754	12.149873	12.122099	12.094237	12.066303	12.038316	12.010295	11.982256	11.954219	11.9262	11.898216	11.870285	11.842423	11.814648	11.786975	11.759421	11.732002	11.704733	11.67763	11.650708	11.623982	11.597465	11.571173	11.545119	11.519316	11.493778	11.468517	11.443546	11.418877	11.394522	11.370491	11.346796	11.323448	11.300456	11.27783	11.25558	11.233715	11.212244	11.191174	11.170513	11.150269	11.130449	11.11106	11.092107	11.073597	11.055534	11.037925	11.020773	11.004082	10.987858	10.972102	10.956818	10.942009	10.927677	10.913824	10.90045	10.887559	10.875149	10.863222	10.851778	10.840816	10.830335	10.820335	10.810813	10.801769	10.7932	10.785104	10.777478	10.770319	10.763623	10.757387	10.751607	10.746278	10.741397	10.736958	10.732955	10.729385	10.72624	10.723515	10.721204	10.719301	10.717798	10.716689	10.715967	10.715625	10.715655	10.71605	10.716801	10.7179	10.719341	10.721113	10.723209	10.72562	10.728338	10.731353	10.734657	10.73824	10.742094	10.746208	10.750575	10.755185	10.760027	10.765094	10.770375	10.775861	10.781542	10.78741	10.793455	10.799666	10.806036	10.812554	10.819212	10.826	10.832909	10.839931	10.847055	10.854274	10.861579	10.868961	10.876412	10.883924	10.891488	10.899097	10.906742	10.914417	10.922114	10.929826	10.937546
-7.0	11.015091	11.024984	11.034883	11.04478	11.05467	11.064546	11.074402	11.084234	11.094035	11.103801	11.113528	11.123211	11.132846	11.142429	11.151956	11.161426	11.170834	11.180179	11.189458	11.198669	11.207811	11.216883	11.225884	11.234813	11.24367	11.252455	11.261168	11.269811	11.278385	11.28689	11.295328	11.303703	11.312015	11.320268	11.328464	11.336607	11.3447	11.352747	11.360753	11.368721	11.376656	11.384563	11.392448	11.400315	11.408169	11.416018	11.423867	11.431722	11.439589	11.447476	11.455388	11.463333	11.471318	11.47935	11.487435	11.495583	11.503799	11.512092	11.520469	11.528937	11.537505	11.54618	11.55497	11.563882	11.572924	11.582104	11.591429	11.600906	11.610543	11.620347	11.630326	11.640486	11.650834	11.661376	11.67212	11.683072	11.694237	11.705621	11.71723	11.72907	11.741144	11.753459	11.766018	11.778826	11.791886	11.805202	11.818776	11.832612	11.846713	11.861078	11.875712	11.890613	11.905784	11.921223	11.936932	11.952909	11.969154	11.985664	12.002437	12.019471	12.036763	12.054308	12.072104	12.090146	12.108427	12.126943	12.145688	12.164654	12.183836	12.203224	12.22281	12.242587	12.262545	12.282674	12.302964	12.323404	12.343982	12.364689	12.38551	12.406435	12.427449	12.448539	12.469691	12.490892	12.512126	12.533378	12.554633	12.575876	12.59709	12.618258	12.639365	12.660393	12.681325	12.702143	12.72283	12.743369	12.763741	12.783928	12.803911	12.823674	12.843196	12.862461	12.881448	12.900141	12.91852	12.936568	12.954266	12.971596	12.988539	13.005079	13.021198	13.036878	13.052102	13.066853	13.081115	13.094871	13.108106	13.120804	13.132949	13.144528	13.155525	13.165927	13.175721	13.184893	13.193432	13.201325	13.208561	13.21513	13.221022	13.226226	13.230734	13.234538	13.237631	13.240004	13.241652	13.242569	13.242751	13.242193	13.240891	13.238842	13.236045	13.232497	13.228199	13.223149	13.217349	13.2108	13.203504	13.195463	13.186681	13.177162	13.166912	13.155934	13.144236	13.131823	13.118705	13.104887	13.09038	13.075192	13.059334	13.042815	13.025646	13.00784	12.989407	12.970362	12.950716	12.930483	12.909678	12.888314	12.866407	12.843972	12.821024	12.79758	12.773656	12.749269	12.724435	12.699172	12.673498	12.64743	12.620986	12.594185	12.567045	12.539584	12.511822	12.483776	12.455467	12.426913	12.398133	12.369146	12.339971	12.310628	12.281136	12.251513	12.22178	12.191954	12.162055	12.132101	12.102112	12.072105	12.042099	12.012113	11.982164	11.952271	11.92245	11.89272	11.863097	11.833599	11.804242	11.775042	11.746017	11.717181	11.68855	11.660139	11.631964	11.604039	11.576378	11.548995	11.521903	11.495117	11.468648	11.44251	11.416714	11.391272	11.366195	11.341495	11.317182	11.293265	11.269756	11.246663	11.223995	11.201761	11.179968	11.158626	11.13774	11.117319	11.097368	11.077894	11.058902	11.040398	11.022386	11.004871	10.987858	10.97135	10.95535	10.939861	10.924885	10.910426	10.896484	10.88306	10.870157	10.857774	10.845912	10.83457	10.823749	10.813446	10.803662	10.794394	10.78564	10.777398	10.769667	10.762442	10.75572	10.749498	10.743773	10.738539	10.733792	10.729529	10.725742	10.722429	10.719581	10.717195	10.715263	10.71378	10.712738	10.712131	10.711952	10.712194	10.712849	10.713908	10.715366	10.717213	10.719441	10.722041	10.725006	10.728326	10.731993	10.735997	10.74033	10.744982	10.749944	10.755207	10.76076	10.766595	10.772702	10.779071	10.785693	10.792557	10.799654	10.806974	10.814507	10.822244	10.830175	10.83829	10.846579	10.855033	10.863642	10.872397	10.881288	10.890307	10.899443	10.908687	10.918032	10.927467	10.936984	10.946575	10.956231	10.965944	10.975706	10.98551	10.995346	11.005209
-6.0	11.072503	11.084582	11.096683	11.108798	11.120922	11.133048	11.14517	11.15728	11.169375	11.181447	11.193493	11.205507	11.217484	11.22942	11.241311	11.253154	11.264944	11.27668	11.288357	11.299974	11.311529	11.323019	11.334443	11.3458	11.357089	11.36831	11.379462	11.390545	11.40156	11.412508	11.42339	11.434206	11.444959	11.455651	11.466284	11.47686	11.487383	11.497855	11.50828	11.518661	11.529004	11.539311	11.549587	11.559837	11.570066	11.58028	11.590482	11.600679	11.610877	11.621082	11.631299	11.641535	11.651796	11.662089	11.67242	11.682796	11.693224	11.703711	11.714263	11.724888	11.735593	11.746384	11.757269	11.768255	11.779348	11.790556	11.801886	11.813344	11.824937	11.836672	11.848555	11.860593	11.872791	11.885157	11.897695	11.910411	11.923311	11.936401	11.949684	11.963166	11.976851	11.990743	12.004847	12.019165	12.033701	12.048458	12.063437	12.078642	12.094074	12.109735	12.125624	12.141744	12.158093	12.174672	12.19148	12.208515	12.225776	12.24326	12.260966	12.278889	12.297027	12.315374	12.333927	12.352681	12.371629	12.390766	12.410084	12.429578	12.449239	12.469058	12.489028	12.50914	12.529383	12.549748	12.570223	12.590799	12.611462	12.632203	12.653007	12.673862	12.694754	12.715671	12.736598	12.75752	12.778423	12.799291	12.820108	12.84086	12.861529	12.8821	12.902555	12.922877	12.94305	12.963056	12.982877	13.002496	13.021894	13.041055	13.059959	13.078589	13.096926	13.114953	13.132651	13.150002	13.166989	13.183592	13.199795	13.21558	13.230929	13.245825	13.260251	13.274191	13.287627	13.300543	13.312924	13.324754	13.336018	13.3467	13.356788	13.366266	13.375122	13.383342	13.390913	13.397825	13.404066	13.409624	13.41449	13.418653	13.422106	13.424839	13.426844	13.428115	13.428645	13.428429	13.42746	13.425735	13.423249	13.420001	13.415987	13.411206	13.405656	13.399339	13.392253	13.384401	13.375784	13.366404	13.356266	13.345373	13.33373	13.321341	13.308214	13.294355	13.279771	13.264471	13.248462	13.231754	13.214358	13.196283	13.177541	13.158143	13.138101	13.117428	13.096138	13.074243	13.051759	13.028699	13.00508	12.980916	12.956224	12.931019	12.905319	12.87914	12.8525	12.825417	12.797908	12.769992	12.741687	12.713012	12.683985	12.654626	12.624955	12.594989	12.564749	12.534255	12.503526	12.472581	12.44144	12.410124	12.378652	12.347044	12.315319	12.283496	12.251597	12.21964	12.187644	12.155628	12.123613	12.091616	12.059657	12.027754	11.995925	11.964189	11.932564	11.901067	11.869716	11.838528	11.80752	11.776708	11.746109	11.71574	11.685614	11.655749	11.626159	11.596859	11.567863	11.539184	11.510838	11.482837	11.455193	11.42792	11.40103	11.374534	11.348443	11.322769	11.297522	11.272713	11.24835	11.224444	11.201003	11.178036	11.155551	11.133555	11.112056	11.09106	11.070575	11.050606	11.031158	11.012238	10.993849	10.975996	10.958683	10.941914	10.925692	10.91002	10.894899	10.880333	10.866322	10.852868	10.839972	10.827634	10.815854	10.804632	10.793967	10.783858	10.774305	10.765304	10.756855	10.748954	10.741599	10.734787	10.728514	10.722777	10.717572	10.712894	10.708739	10.705101	10.701976	10.699358	10.697241	10.69562	10.694487	10.693837	10.693662	10.693956	10.694711	10.69592	10.697575	10.699668	10.702191	10.705136	10.708494	10.712257	10.716416	10.720961	10.725885	10.731177	10.736828	10.742829	10.749171	10.755842	10.762835	10.770138	10.777743	10.785638	10.793814	10.802261	10.81097	10.819928	10.829128	10.838558	10.848208	10.858068	10.868129	10.878381	10.888812	10.899414	10.910177	10.921091	10.932146	10.943333	10.954642	10.966064	10.977591	10.989213	11.00092	11.012705	11.02456	11.036475	11.048442	11.060454
-5.0	11.117332	11.131597	11.145901	11.160237	11.174598	11.188977	11.203367	11.21776	11.232152	11.246536	11.260906	11.275257	11.289583	11.303879	11.318142	11.332366	11.346547	11.360683	11.374769	11.388802	11.40278	11.4167	11.43056	11.444358	11.458093	11.471763	11.485368	11.498907	11.51238	11.525786	11.539127	11.552402	11.565614	11.578763	11.59185	11.604879	11.61785	11.630767	11.643632	11.656448	11.669218	11.681946	11.694636	11.707292	11.719917	11.732517	11.745096	11.757658	11.77021	11.782755	11.795301	11.807851	11.820412	11.832989	11.845589	11.858218	11.870881	11.883584	11.896335	11.90914	11.922004	11.934934	11.947936	11.961018	11.974184	11.987442	12.000798	12.014257	12.027826	12.041511	12.055318	12.069252	12.083319	12.097524	12.111873	12.12637	12.141021	12.155829	12.1708	12.185938	12.201245	12.216726	12.232384	12.248221	12.264241	12.280446	12.296836	12.313415	12.330183	12.34714	12.364288	12.381626	12.399153	12.416869	12.434772	12.452861	12.471132	12.489585	12.508214	12.527017	12.545989	12.565126	12.584422	12.603872	12.62347	12.64321	12.663083	12.683083	12.703201	12.723429	12.743758	12.764177	12.784678	12.80525	12.825881	12.84656	12.867276	12.888016	12.908767	12.929516	12.95025	12.970954	12.991614	13.012216	13.032745	13.053185	13.07352	13.093735	13.113812	13.133737	13.153492	13.173059	13.192422	13.211564	13.230467	13.249113	13.267485	13.285565	13.303335	13.320778	13.337874	13.354607	13.370959	13.386912	13.402449	13.417551	13.432202	13.446384	13.460081	13.473276	13.485952	13.498094	13.509684	13.520709	13.531152	13.541	13.550236	13.558849	13.566823	13.574147	13.580807	13.586791	13.592089	13.596688	13.600579	13.603753	13.606199	13.607909	13.608875	13.60909	13.608548	13.607242	13.605167	13.602318	13.598692	13.594285	13.589095	13.583119	13.576358	13.56881	13.560476	13.551357	13.541455	13.530771	13.51931	13.507075	13.494071	13.480304	13.465778	13.450501	13.43448	13.417723	13.400239	13.382037	13.363127	13.343519	13.323225	13.302256	13.280625	13.258344	13.235427	13.211887	13.187739	13.162999	13.13768	13.111799	13.085372	13.058416	13.030948	13.002984	12.974544	12.945644	12.916303	12.88654	12.856373	12.825822	12.794906	12.763645	12.732057	12.700164	12.667984	12.635539	12.602848	12.569931	12.53681	12.503503	12.470032	12.436417	12.402678	12.368836	12.334911	12.300922	12.266891	12.232836	12.198778	12.164737	12.130731	12.09678	12.062904	12.029121	11.99545	11.961909	11.928517	11.895292	11.86225	11.82941	11.796789	11.764404	11.732271	11.700405	11.668824	11.637542	11.606575	11.575938	11.545644	11.515708	11.486144	11.456965	11.428183	11.399812	11.371863	11.344348	11.317279	11.290666	11.26452	11.238851	11.213669	11.188982	11.164801	11.141132	11.117985	11.095366	11.073283	11.051743	11.030752	11.010316	10.99044	10.97113	10.95239	10.934224	10.916637	10.899631	10.88321	10.867377	10.852133	10.837481	10.823421	10.809956	10.797086	10.78481	10.77313	10.762044	10.751551	10.741652	10.732343	10.723624	10.715491	10.707943	10.700977	10.694588	10.688775	10.683532	10.678855	10.674741	10.671184	10.66818	10.665722	10.663805	10.662424	10.661571	10.661242	10.661427	10.662122	10.663319	10.665009	10.667186	10.669842	10.672968	10.676557	10.680599	10.685087	10.69001	10.695361	10.70113	10.707308	10.713885	10.720852	10.728198	10.735915	10.743993	10.75242	10.761188	10.770285	10.779703	10.789429	10.799455	10.80977	10.820363	10.831223	10.842342	10.853707	10.865309	10.877137	10.889181	10.901431	10.913876	10.926507	10.939312	10.952283	10.965409	10.97868	10.992087	11.005621	11.019271	11.033028	11.046884	11.06083	11.074856	11.088954	11.103115
-4.0	11.149441	11.165886	11.182389	11.198941	11.215535	11.232163	11.248817	11.265492	11.282179	11.298872	11.315565	11.332251	11.348926	11.365583	11.382218	11.398825	11.415399	11.431937	11.448435	11.464888	11.481293	11.497647	11.513948	11.530193	11.54638	11.562506	11.578571	11.594573	11.610511	11.626385	11.642194	11.657939	11.673619	11.689236	11.70479	11.720282	11.735714	11.751088	11.766405	11.781669	11.796881	11.812044	11.827162	11.842237	11.857274	11.872276	11.887246	11.90219	11.917111	11.932013	11.946903	11.961783	11.976661	11.991539	12.006424	12.021322	12.036236	12.051174	12.06614	12.081139	12.096179	12.111264	12.1264	12.141592	12.156847	12.17217	12.187566	12.203041	12.2186	12.234248	12.249991	12.265834	12.281782	12.297838	12.314009	12.330297	12.346708	12.363245	12.379911	12.396711	12.413647	12.430723	12.44794	12.465301	12.482808	12.500462	12.518265	12.536218	12.554321	12.572574	12.590977	12.60953	12.62823	12.647077	12.666068	12.685202	12.704475	12.723884	12.743426	12.763095	12.782887	12.802798	12.822821	12.842951	12.86318	12.883501	12.903908	12.924391	12.944943	12.965554	12.986214	13.006915	13.027645	13.048393	13.069149	13.0899	13.110634	13.131338	13.152001	13.172607	13.193144	13.213596	13.233951	13.254192	13.274304	13.294273	13.314082	13.333715	13.353156	13.372389	13.391396	13.410161	13.428666	13.446895	13.46483	13.482454	13.499748	13.516697	13.533281	13.549484	13.565288	13.580675	13.595628	13.61013	13.624164	13.637712	13.650758	13.663285	13.675277	13.686718	13.697593	13.707884	13.717578	13.72666	13.735115	13.742929	13.750089	13.756582	13.762394	13.767515	13.771933	13.775635	13.778613	13.780855	13.782354	13.783099	13.783083	13.782299	13.78074	13.778399	13.775271	13.771352	13.766637	13.761122	13.754807	13.747687	13.739762	13.731032	13.721497	13.711157	13.700014	13.688071	13.675331	13.661797	13.647474	13.632367	13.616483	13.599827	13.582407	13.564231	13.545308	13.525646	13.505256	13.484149	13.462335	13.439826	13.416635	13.392775	13.368258	13.3431	13.317314	13.290915	13.26392	13.236344	13.208203	13.179515	13.150296	13.120564	13.090338	13.059636	13.028475	12.996876	12.964857	12.932439	12.89964	12.866481	12.832981	12.799162	12.765043	12.730646	12.695991	12.661098	12.62599	12.590685	12.555207	12.519574	12.48381	12.447933	12.411966	12.375929	12.339842	12.303727	12.267604	12.231493	12.195414	12.159388	12.123434	12.087572	12.051821	12.016201	11.98073	11.945427	11.910311	11.8754	11.840712	11.806263	11.772073	11.738156	11.704531	11.671213	11.638219	11.605563	11.573261	11.541328	11.509778	11.478626	11.447885	11.417568	11.387688	11.358259	11.329291	11.300796	11.272786	11.245272	11.218264	11.191772	11.165805	11.140374	11.115486	11.09115	11.067373	11.044164	11.021529	10.999476	10.978009	10.957135	10.93686	10.917188	10.898123	10.879671	10.861834	10.844616	10.82802	10.812049	10.796704	10.781987	10.767899	10.754442	10.741616	10.729421	10.717857	10.706923	10.696619	10.686943	10.677893	10.669467	10.661664	10.654479	10.647911	10.641956	10.63661	10.631869	10.627729	10.624185	10.621232	10.618865	10.617079	10.615867	10.615223	10.615142	10.615616	10.616639	10.618203	10.620302	10.622927	10.62607	10.629725	10.633881	10.638532	10.643668	10.64928	10.655359	10.661897	10.668884	10.676309	10.684165	10.69244	10.701125	10.710211	10.719685	10.72954	10.739763	10.750346	10.761276	10.772544	10.78414	10.796052	10.808269	10.820782	10.833579	10.84665	10.859984	10.873569	10.887397	10.901456	10.915735	10.930223	10.944912	10.959789	10.974845	10.99007	11.005454	11.020985	11.036656	11.052456	11.068375	11.084404	11.100535	11.116757	11.133062
-3.0	11.168729	11.187343	11.206033	11.22479	11.243606	11.262473	11.281383	11.300328	11.319301	11.338295	11.357303	11.376318	11.395334	11.414345	11.433345	11.452329	11.471291	11.490227	11.509132	11.528001	11.54683	11.565617	11.584356	11.603046	11.621683	11.640265	11.65879	11.677256	11.695661	11.714003	11.732283	11.750499	11.768651	11.786739	11.804762	11.822723	11.84062	11.858456	11.876232	11.893949	11.911608	11.929214	11.946766	11.964269	11.981724	11.999136	12.016506	12.033839	12.051138	12.068407	12.085649	12.10287	12.120072	12.137261	12.154441	12.171617	12.188792	12.205973	12.223163	12.240368	12.257593	12.274842	12.29212	12.309433	12.326785	12.34418	12.361625	12.379123	12.39668	12.414299	12.431986	12.449744	12.467577	12.485491	12.503488	12.521572	12.539746	12.558014	12.576379	12.594844	12.61341	12.632081	12.650857	12.66974	12.688733	12.707835	12.727047	12.74637	12.765803	12.785345	12.804997	12.824755	12.84462	12.864588	12.884657	12.904824	12.925086	12.945438	12.965876	12.986396	13.006992	13.027658	13.048389	13.069177	13.090015	13.110897	13.131813	13.152755	13.173714	13.194682	13.215646	13.236599	13.257528	13.278422	13.29927	13.320059	13.340778	13.361412	13.38195	13.402376	13.422678	13.442841	13.46285	13.482689	13.502345	13.521801	13.541041	13.560049	13.57881	13.597306	13.61552	13.633437	13.651039	13.668308	13.685228	13.701782	13.717952	13.733721	13.749072	13.763987	13.77845	13.792443	13.805949	13.818951	13.831434	13.84338	13.854773	13.865597	13.875837	13.885477	13.894503	13.902898	13.910649	13.917743	13.924165	13.929902	13.934942	13.939272	13.942881	13.945758	13.947893	13.949274	13.949894	13.949742	13.948811	13.947093	13.944582	13.941271	13.937154	13.932226	13.926484	13.919923	13.912542	13.904337	13.895307	13.885452	13.874772	13.863267	13.850939	13.837791	13.823824	13.809044	13.793453	13.777059	13.759865	13.741879	13.723108	13.70356	13.683243	13.662167	13.640341	13.617777	13.594485	13.570478	13.545767	13.520365	13.494287	13.467546	13.440157	13.412135	13.383496	13.354256	13.324432	13.294041	13.263099	13.231626	13.199639	13.167158	13.1342	13.100786	13.066935	13.032667	12.998002	12.96296	12.927563	12.89183	12.855783	12.819443	12.782831	12.745969	12.708877	12.671577	12.634092	12.596442	12.558649	12.520734	12.482719	12.444625	12.406475	12.368288	12.330086	12.291891	12.253722	12.215602	12.17755	12.139586	12.101732	12.064006	12.026429	11.989019	11.951797	11.914781	11.87799	11.841441	11.805154	11.769145	11.733433	11.698033	11.662964	11.62824	11.593879	11.559896	11.526306	11.493123	11.460363	11.428039	11.396165	11.364755	11.33382	11.303375	11.27343	11.243997	11.215087	11.186712	11.158881	11.131605	11.104893	11.078753	11.053195	11.028227	11.003857	10.980092	10.956938	10.934403	10.912492	10.891212	10.870566	10.850561	10.831201	10.812489	10.794429	10.777024	10.760277	10.744191	10.728767	10.714006	10.699911	10.686482	10.673719	10.661622	10.650191	10.639425	10.629323	10.619884	10.611105	10.602986	10.595522	10.588711	10.582551	10.577037	10.572166	10.567933	10.564335	10.561366	10.559021	10.557294	10.556181	10.555676	10.555771	10.55646	10.557737	10.559595	10.562027	10.565024	10.568579	10.572685	10.577332	10.582514	10.58822	10.594442	10.601171	10.608398	10.616114	10.624309	10.632973	10.642096	10.651669	10.661682	10.672124	10.682984	10.694253	10.70592	10.717974	10.730405	10.743201	10.756353	10.769848	10.783676	10.797827	10.812288	10.82705	10.842101	10.85743	10.873026	10.888879	10.904977	10.92131	10.937866	10.954636	10.971608	10.988772	11.006117	11.023633	11.041311	11.059139	11.077108	11.095208	11.11343	11.131763	11.150199
-2.0	11.175132	11.195897	11.216756	11.237701	11.258722	11.279811	11.300959	11.322159	11.343403	11.364682	11.38599	11.407319	11.428663	11.450014	11.471367	11.492715	11.514053	11.535374	11.556675	11.577949	11.599192	11.620401	11.641569	11.662695	11.683775	11.704805	11.725782	11.746704	11.767569	11.788375	11.809119	11.829802	11.850421	11.870975	11.891465	11.911891	11.932251	11.952547	11.972778	11.992947	12.013054	12.0331	12.053087	12.073016	12.092891	12.112713	12.132484	12.152207	12.171885	12.191522	12.211119	12.230681	12.250211	12.269713	12.28919	12.308646	12.328085	12.347512	12.366929	12.386342	12.405754	12.425169	12.444592	12.464027	12.483478	12.502949	12.522444	12.541967	12.561522	12.581113	12.600744	12.620417	12.640137	12.659907	12.679729	12.699607	12.719544	12.739541	12.759602	12.779727	12.79992	12.82018	12.84051	12.86091	12.881382	12.901924	12.922537	12.94322	12.963974	12.984795	13.005684	13.026637	13.047653	13.068728	13.08986	13.111045	13.132279	13.153556	13.174874	13.196225	13.217604	13.239005	13.260421	13.281845	13.30327	13.324686	13.346086	13.367461	13.3888	13.410095	13.431335	13.452509	13.473606	13.494614	13.515521	13.536316	13.556984	13.577514	13.59789	13.618101	13.63813	13.657965	13.677589	13.696989	13.716147	13.73505	13.75368	13.772022	13.79006	13.807777	13.825156	13.842181	13.858836	13.875102	13.890964	13.906403	13.921404	13.93595	13.950022	13.963606	13.976683	13.989237	14.001252	14.012712	14.023599	14.0339	14.043597	14.052676	14.061122	14.068919	14.076054	14.082513	14.088282	14.093348	14.097698	14.10132	14.104203	14.106336	14.107706	14.108306	14.108124	14.107152	14.105383	14.102807	14.099418	14.09521	14.090177	14.084313	14.077615	14.070078	14.061701	14.052479	14.042413	14.0315	14.019741	14.007137	13.993689	13.979399	13.96427	13.948305	13.931508	13.913885	13.895442	13.876185	13.85612	13.835256	13.813602	13.791166	13.767959	13.743991	13.719273	13.693817	13.667636	13.640743	13.61315	13.584873	13.555927	13.526326	13.496086	13.465224	13.433757	13.401701	13.369075	13.335897	13.302186	13.267959	13.233237	13.19804	13.162386	13.126297	13.089793	13.052894	13.015622	12.977998	12.940044	12.90178	12.863229	12.824413	12.785353	12.746071	12.70659	12.666931	12.627117	12.58717	12.547112	12.506965	12.46675	12.426491	12.386208	12.345924	12.305659	12.265436	12.225276	12.185199	12.145227	12.10538	12.065678	12.026142	11.986792	11.947648	11.908728	11.870052	11.831638	11.793506	11.755672	11.718156	11.680974	11.644144	11.607682	11.571604	11.535927	11.500667	11.465838	11.431456	11.397534	11.364087	11.331128	11.298671	11.266729	11.235313	11.204436	11.174109	11.144343	11.11515	11.086538	11.058519	11.031101	11.004293	10.978104	10.952542	10.927614	10.903328	10.879691	10.856708	10.834386	10.812731	10.791746	10.771438	10.75181	10.732866	10.71461	10.697044	10.680171	10.663993	10.648513	10.633731	10.619648	10.606266	10.593584	10.581602	10.57032	10.559737	10.549852	10.540663	10.532168	10.524365	10.517251	10.510823	10.505078	10.500013	10.495622	10.491903	10.48885	10.486459	10.484724	10.483639	10.4832	10.483399	10.484231	10.485689	10.487766	10.490455	10.493748	10.497638	10.502118	10.507178	10.51281	10.519007	10.525759	10.533057	10.540892	10.549256	10.558137	10.567527	10.577416	10.587794	10.598651	10.609976	10.621758	10.633989	10.646656	10.65975	10.673258	10.687172	10.701478	10.716167	10.731227	10.746647	10.762417	10.778523	10.794957	10.811705	10.828758	10.846103	10.86373	10.881627	10.899784	10.918188	10.93683	10.955698	10.974781	10.994068	11.013549	11.033214	11.053051	11.07305	11.093202	11.113496	11.133922	11.154471
-1.0	11.168623	11.191515	11.214519	11.237627	11.26083	11.284118	11.307482	11.330914	11.354405	11.377948	11.401534	11.425156	11.448806	11.472477	11.496163	11.519855	11.543549	11.567238	11.590916	11.614577	11.638217	11.66183	11.685411	11.708957	11.732463	11.755925	11.779341	11.802705	11.826016	11.849271	11.872468	11.895604	11.918678	11.941689	11.964634	11.987513	12.010326	12.033072	12.05575	12.078362	12.100907	12.123385	12.145799	12.168148	12.190435	12.21266	12.234825	12.256932	12.278984	12.300982	12.322929	12.344827	12.36668	12.388489	12.410259	12.431991	12.453689	12.475356	12.496996	12.518612	12.540207	12.561785	12.583348	12.604901	12.626446	12.647988	12.669528	12.691071	12.71262	12.734177	12.755746	12.777329	12.798929	12.820548	12.842189	12.863854	12.885545	12.907263	12.929011	12.950788	12.972597	12.994438	13.016311	13.038217	13.060155	13.082125	13.104126	13.126157	13.148217	13.170303	13.192413	13.214544	13.236694	13.25886	13.281036	13.30322	13.325406	13.347589	13.369763	13.391924	13.414063	13.436175	13.458253	13.480287	13.502271	13.524196	13.546053	13.567831	13.589522	13.611115	13.632599	13.653963	13.675196	13.696286	13.717219	13.737985	13.758569	13.778958	13.799138	13.819096	13.838816	13.858285	13.877487	13.896408	13.91503	13.93334	13.951321	13.968958	13.986233	14.00313	14.019634	14.035727	14.051393	14.066616	14.081378	14.095663	14.109454	14.122735	14.135489	14.1477	14.159351	14.170427	14.180912	14.190789	14.200043	14.20866	14.216624	14.22392	14.230534	14.236454	14.241663	14.246151	14.249904	14.25291	14.255156	14.256633	14.257329	14.257234	14.256338	14.254633	14.252109	14.24876	14.244578	14.239556	14.233688	14.22697	14.219397	14.210964	14.201669	14.191509	14.180483	14.16859	14.155829	14.1422	14.127706	14.112348	14.096128	14.07905	14.061119	14.042339	14.022715	14.002254	13.980964	13.958851	13.935925	13.912195	13.88767	13.86236	13.836278	13.809435	13.781843	13.753516	13.724467	13.694711	13.664262	13.633136	13.601349	13.568917	13.535858	13.502188	13.467926	13.433089	13.397698	13.361771	13.325328	13.288388	13.250972	13.213101	13.174794	13.136075	13.096963	13.057481	13.01765	12.977493	12.937031	12.896287	12.855283	12.814043	12.772587	12.73094	12.689123	12.64716	12.605074	12.562885	12.520619	12.478296	12.43594	12.393572	12.351215	12.308892	12.266623	12.224431	12.182338	12.140364	12.09853	12.056859	12.015369	11.974083	11.933019	11.892198	11.851639	11.811361	11.771383	11.731725	11.692403	11.653436	11.614842	11.576637	11.538838	11.501462	11.464525	11.428042	11.392028	11.356498	11.321467	11.286949	11.252957	11.219503	11.186602	11.154265	11.122503	11.091329	11.060754	11.030787	11.001439	10.97272	10.944638	10.917204	10.890424	10.864307	10.83886	10.814091	10.790006	10.766611	10.743912	10.721914	10.700622	10.680042	10.660176	10.641028	10.622602	10.604901	10.587927	10.571682	10.556168	10.541386	10.527336	10.51402	10.501437	10.489588	10.478471	10.468086	10.45843	10.449504	10.441303	10.433827	10.427071	10.421034	10.415711	10.411099	10.407194	10.403992	10.401487	10.399674	10.398549	10.398106	10.398338	10.39924	10.400805	10.403026	10.405897	10.40941	10.413558	10.418333	10.423726	10.429731	10.436337	10.443538	10.451323	10.459684	10.468611	10.478096	10.488127	10.498697	10.509794	10.521408	10.53353	10.546148	10.559253	10.572833	10.586878	10.601377	10.616319	10.631693	10.647488	10.663692	10.680294	10.697283	10.714647	10.732375	10.750456	10.768878	10.787629	10.806698	10.826074	10.845745	10.8657	10.885927	10.906416	10.927154	10.94813	10.969334	10.990755	11.012381	11.034201	11.056206	11.078384	11.100725	11.123219	11.145855
0.0	11.149214	11.174201	11.19932	11.224562	11.249916	11.275372	11.300923	11.326558	11.352268	11.378046	11.403882	11.429768	11.455697	11.48166	11.507651	11.533662	11.559685	11.585715	11.611745	11.637768	11.66378	11.689773	11.715744	11.741686	11.767596	11.793468	11.819299	11.845084	11.87082	11.896504	11.922133	11.947703	11.973213	11.99866	12.024042	12.049357	12.074605	12.099783	12.124892	12.149929	12.174896	12.199792	12.224617	12.249371	12.274054	12.298669	12.323214	12.347692	12.372103	12.39645	12.420734	12.444956	12.469119	12.493224	12.517273	12.54127	12.565215	12.589112	12.612963	12.636771	12.660538	12.684266	12.707959	12.731618	12.755246	12.778847	12.802422	12.825973	12.849504	12.873015	12.89651	12.919991	12.943458	12.966915	12.990362	13.0138	13.037232	13.060658	13.084078	13.107493	13.130904	13.154309	13.17771	13.201105	13.224494	13.247875	13.271246	13.294607	13.317954	13.341285	13.364597	13.387886	13.41115	13.434384	13.457583	13.480742	13.503857	13.526921	13.549929	13.572873	13.595748	13.618544	13.641256	13.663874	13.686389	13.708794	13.731077	13.75323	13.775241	13.797101	13.818798	13.84032	13.861656	13.882794	13.90372	13.924422	13.944887	13.9651	13.985048	14.004718	14.024093	14.04316	14.061903	14.080307	14.098357	14.116037	14.133331	14.150223	14.166698	14.182738	14.198328	14.213451	14.228091	14.242232	14.255857	14.26895	14.281494	14.293474	14.304873	14.315675	14.325865	14.335427	14.344346	14.352607	14.360194	14.367094	14.373292	14.378774	14.383527	14.387538	14.390793	14.393282	14.394991	14.39591	14.396028	14.395335	14.393821	14.391476	14.388293	14.384264	14.37938	14.373636	14.367026	14.359543	14.351184	14.341944	14.33182	14.32081	14.308911	14.296122	14.282444	14.267876	14.252419	14.236075	14.218847	14.200738	14.181752	14.161894	14.141169	14.119584	14.097144	14.073859	14.049737	14.024786	13.999016	13.972439	13.945064	13.916904	13.887972	13.85828	13.827842	13.796673	13.764787	13.732201	13.698929	13.664989	13.630398	13.595174	13.559334	13.522897	13.485882	13.448309	13.410197	13.371567	13.332439	13.292835	13.252774	13.21228	13.171373	13.130076	13.08841	13.046399	13.004065	12.961431	12.918519	12.875353	12.831955	12.78835	12.744559	12.700607	12.656517	12.612311	12.568014	12.523648	12.479236	12.434801	12.390367	12.345955	12.301589	12.25729	12.213082	12.168986	12.125024	12.081217	12.037588	11.994156	11.950944	11.907971	11.865257	11.822823	11.780689	11.738873	11.697394	11.656272	11.615524	11.575168	11.535222	11.495703	11.456628	11.418012	11.379873	11.342225	11.305083	11.268463	11.232379	11.196843	11.161871	11.127475	11.093667	11.060459	11.027864	10.995893	10.964555	10.933863	10.903825	10.874451	10.84575	10.817731	10.790403	10.763772	10.737846	10.712632	10.688136	10.664365	10.641324	10.619018	10.597452	10.57663	10.556556	10.537234	10.518667	10.500857	10.483807	10.467519	10.451993	10.437232	10.423236	10.410005	10.397539	10.385838	10.374901	10.364728	10.355315	10.346662	10.338766	10.331625	10.325237	10.319596	10.314701	10.310547	10.30713	10.304446	10.30249	10.301256	10.300739	10.300934	10.301834	10.303434	10.305726	10.308704	10.312361	10.316689	10.321681	10.327329	10.333625	10.340561	10.348128	10.356317	10.36512	10.374527	10.384529	10.395116	10.406279	10.418008	10.430292	10.443122	10.456487	10.470377	10.48478	10.499686	10.515085	10.530965	10.547314	10.564123	10.581379	10.599071	10.617187	10.635717	10.654648	10.673969	10.693668	10.713733	10.734154	10.754917	10.776012	10.797427	10.81915	10.841169	10.863473	10.88605	10.908889	10.931979	10.955307	10.978863	11.002636	11.026615	11.050788	11.075145	11.099676	11.124369
1.0	11.11695	11.143997	11.171195	11.198533	11.226002	11.253591	11.281292	11.309094	11.336988	11.364965	11.393016	11.421132	11.449305	11.477527	11.505789	11.534084	11.562404	11.590742	11.619092	11.647445	11.675796	11.704139	11.732468	11.760776	11.789059	11.817312	11.845529	11.873706	11.901839	11.929924	11.957956	11.985934	12.013852	12.041709	12.069502	12.097228	12.124885	12.152472	12.179986	12.207427	12.234792	12.262082	12.289295	12.316431	12.34349	12.370472	12.397376	12.424204	12.450955	12.47763	12.50423	12.530756	12.557209	12.58359	12.609901	12.636143	12.662317	12.688425	12.714469	12.74045	12.76637	12.792231	12.818035	12.843783	12.869477	12.895118	12.920709	12.946251	12.971745	12.997193	13.022596	13.047956	13.073273	13.098548	13.123782	13.148975	13.174128	13.199242	13.224315	13.249348	13.27434	13.299291	13.324198	13.349062	13.373879	13.398649	13.423369	13.448036	13.472647	13.4972	13.52169	13.546113	13.570466	13.594743	13.618938	13.643048	13.667065	13.690984	13.714797	13.738498	13.762078	13.785531	13.808847	13.832018	13.855035	13.877888	13.900567	13.923062	13.945362	13.967457	13.989333	14.010981	14.032387	14.053538	14.074423	14.095028	14.115338	14.135341	14.155023	14.174368	14.193363	14.211992	14.23024	14.248092	14.265534	14.282548	14.299119	14.315232	14.33087	14.346018	14.360659	14.374777	14.388357	14.401381	14.413835	14.425701	14.436965	14.447611	14.457623	14.466985	14.475682	14.4837	14.491024	14.497639	14.503531	14.508686	14.513091	14.516733	14.5196	14.521678	14.522956	14.523423	14.523068	14.521881	14.519852	14.516972	14.513231	14.508623	14.503139	14.496773	14.489519	14.481371	14.472324	14.462374	14.451518	14.439753	14.427077	14.413488	14.398987	14.383572	14.367245	14.350008	14.331864	14.312814	14.292863	14.272016	14.250277	14.227654	14.204153	14.179781	14.154547	14.12846	14.101529	14.073766	14.04518	14.015784	13.98559	13.954612	13.922863	13.890358	13.857111	13.823138	13.788455	13.75308	13.717028	13.680319	13.642969	13.604999	13.566427	13.527272	13.487556	13.447298	13.406519	13.36524	13.323484	13.281271	13.238624	13.195565	13.152117	13.108303	13.064146	13.019668	12.974894	12.929846	12.884549	12.839027	12.793301	12.747398	12.70134	12.655151	12.608855	12.562476	12.516037	12.469562	12.423074	12.376598	12.330155	12.28377	12.237464	12.191262	12.145185	12.099255	12.053495	12.007926	11.96257	11.917449	11.872582	11.827992	11.783698	11.73972	11.696078	11.652792	11.609879	11.56736	11.525252	11.483573	11.44234	11.401571	11.361283	11.321491	11.282211	11.243459	11.205251	11.167599	11.13052	11.094026	11.05813	11.022847	10.988187	10.954163	10.920787	10.888069	10.856021	10.824651	10.793972	10.76399	10.734717	10.706159	10.678325	10.651222	10.624858	10.599239	10.574371	10.550261	10.526914	10.504334	10.482527	10.461496	10.441245	10.421778	10.403098	10.385206	10.368105	10.351797	10.336283	10.321565	10.307642	10.294514	10.282183	10.270647	10.259904	10.249955	10.240797	10.232429	10.224847	10.21805	10.212034	10.206796	10.202332	10.198639	10.195712	10.193547	10.192138	10.19148	10.191568	10.192397	10.193959	10.196249	10.199261	10.202986	10.207418	10.21255	10.218374	10.224882	10.232066	10.239918	10.248428	10.257589	10.26739	10.277824	10.28888	10.300549	10.312821	10.325686	10.339134	10.353155	10.367738	10.382872	10.398547	10.414752	10.431475	10.448707	10.466434	10.484647	10.503334	10.522482	10.542081	10.562119	10.582584	10.603465	10.624748	10.646424	10.668479	10.690902	10.713681	10.736803	10.760258	10.784034	10.808117	10.832497	10.857163	10.882101	10.907301	10.932751	10.958439	10.984355	11.010486	11.036822	11.063352	11.090065
2.0	11.071918	11.100981	11.130214	11.159607	11.189149	11.218829	11.248637	11.278564	11.3086	11.338735	11.368959	11.399264	11.42964	11.460079	11.490572	11.521111	11.551688	11.582295	11.612924	11.643569	11.674221	11.704875	11.735524	11.76616	11.79678	11.827376	11.857943	11.888476	11.91897	11.94942	11.979822	12.010172	12.040466	12.070699	12.10087	12.130974	12.161008	12.190971	12.220859	12.250671	12.280405	12.310058	12.33963	12.369119	12.398523	12.427844	12.457078	12.486227	12.515289	12.544265	12.573154	12.601957	12.630674	12.659305	12.687851	12.716312	12.744689	12.772982	12.801194	12.829323	12.857372	12.885341	12.913231	12.941042	12.968777	12.996435	13.024018	13.051526	13.078959	13.106319	13.133606	13.16082	13.187962	13.215031	13.242027	13.268951	13.295801	13.322577	13.349279	13.375904	13.402452	13.428921	13.45531	13.481615	13.507836	13.533968	13.560009	13.585956	13.611804	13.637551	13.663191	13.68872	13.714133	13.739424	13.764587	13.789617	13.814507	13.83925	13.863838	13.888264	13.91252	13.936597	13.960486	13.984179	14.007665	14.030934	14.053977	14.076781	14.099337	14.121632	14.143655	14.165394	14.186835	14.207967	14.228776	14.249248	14.269371	14.289129	14.308509	14.327496	14.346075	14.364232	14.381951	14.399218	14.416016	14.43233	14.448145	14.463445	14.478214	14.492436	14.506096	14.519177	14.531664	14.543542	14.554794	14.565404	14.575359	14.584642	14.593238	14.601132	14.608311	14.614758	14.620462	14.625407	14.629581	14.63297	14.635561	14.637343	14.638304	14.638432	14.637716	14.636147	14.633714	14.630407	14.626219	14.621141	14.615166	14.608286	14.600495	14.591789	14.58216	14.571606	14.560123	14.547708	14.534358	14.520072	14.50485	14.488691	14.471596	14.453566	14.434604	14.414713	14.393896	14.372157	14.349503	14.325939	14.301471	14.276108	14.249857	14.222726	14.194727	14.165869	14.136163	14.105621	14.074255	14.042079	14.009106	13.97535	13.940827	13.905552	13.869542	13.832812	13.795381	13.757267	13.718487	13.67906	13.639007	13.598346	13.557099	13.515285	13.472926	13.430043	13.386659	13.342794	13.298473	13.253717	13.208549	13.162992	13.117071	13.070808	13.024228	12.977354	12.930211	12.882822	12.835212	12.787405	12.739426	12.691298	12.643046	12.594695	12.546268	12.497791	12.449286	12.400778	12.352291	12.303849	12.255474	12.207191	12.159023	12.110992	12.063122	12.015434	11.967951	11.920696	11.873689	11.826952	11.780507	11.734373	11.688572	11.643123	11.598047	11.553362	11.509087	11.465242	11.421843	11.37891	11.33646	11.294509	11.253074	11.212172	11.171818	11.132027	11.092814	11.054194	11.016181	10.978789	10.94203	10.905917	10.870462	10.835678	10.801575	10.768165	10.735458	10.703464	10.672192	10.641652	10.611853	10.582802	10.554507	10.526976	10.500216	10.474233	10.449034	10.424623	10.401006	10.378188	10.356173	10.334966	10.31457	10.294987	10.276221	10.258274	10.241148	10.224845	10.209365	10.19471	10.18088	10.167875	10.155694	10.144337	10.133804	10.124092	10.1152	10.107125	10.099866	10.093419	10.087782	10.08295	10.078921	10.07569	10.073253	10.071605	10.070741	10.070656	10.071344	10.0728	10.075016	10.077988	10.081708	10.08617	10.091365	10.097287	10.103928	10.111279	10.119334	10.128083	10.137517	10.147629	10.158408	10.169846	10.181932	10.194659	10.208014	10.221989	10.236574	10.251757	10.267528	10.283878	10.300794	10.318266	10.336282	10.354832	10.373905	10.393488	10.41357	10.43414	10.455185	10.476695	10.498656	10.521058	10.543888	10.567135	10.590785	10.614828	10.639251	10.664042	10.689188	10.714678	10.740501	10.766642	10.793092	10.819837	10.846866	10.874167	10.901728	10.929539	10.957586	10.985859	11.014346	11.043036
3.0	11.014238	11.045269	11.076489	11.107888	11.139453	11.171176	11.203044	11.235048	11.267177	11.299421	11.331771	11.364217	11.396749	11.429358	11.462035	11.494771	11.527558	11.560387	11.593251	11.62614	11.659049	11.691968	11.724892	11.757813	11.790724	11.82362	11.856494	11.889339	11.922152	11.954925	11.987655	12.020336	12.052963	12.085532	12.11804	12.150482	12.182854	12.215154	12.247377	12.279522	12.311586	12.343565	12.375458	12.407263	12.438977	12.4706	12.502129	12.533563	12.564902	12.596144	12.627288	12.658333	12.68928	12.720127	12.750875	12.781522	12.812069	12.842516	12.872862	12.903108	12.933254	12.963299	12.993243	13.023088	13.052832	13.082476	13.112019	13.141463	13.170805	13.200046	13.229187	13.258225	13.287161	13.315993	13.344722	13.373345	13.401862	13.43027	13.458569	13.486756	13.51483	13.542787	13.570625	13.598342	13.625934	13.653397	13.680729	13.707923	13.734978	13.761886	13.788645	13.815247	13.841688	13.867961	13.89406	13.919977	13.945707	13.971241	13.996571	14.021689	14.046586	14.071254	14.095683	14.119863	14.143784	14.167435	14.190807	14.213886	14.236663	14.259125	14.28126	14.303055	14.324498	14.345576	14.366274	14.386581	14.406481	14.42596	14.445004	14.463599	14.48173	14.499381	14.516539	14.533187	14.54931	14.564893	14.57992	14.594376	14.608245	14.621512	14.634161	14.646176	14.657543	14.668245	14.678269	14.687597	14.696217	14.704112	14.711269	14.717674	14.723311	14.728168	14.732232	14.735489	14.737926	14.739532	14.740295	14.740203	14.739245	14.737412	14.734692	14.731077	14.726558	14.721126	14.714775	14.707496	14.699284	14.690132	14.680036	14.668991	14.656993	14.64404	14.630128	14.615256	14.599424	14.58263	14.564876	14.546162	14.526491	14.505866	14.48429	14.461767	14.438303	14.413903	14.388573	14.362322	14.335156	14.307086	14.27812	14.248268	14.217542	14.185953	14.153513	14.120236	14.086136	14.051226	14.015521	13.979038	13.941792	13.9038	13.86508	13.82565	13.785528	13.744733	13.703284	13.661202	13.618507	13.57522	13.531362	13.486955	13.442021	13.396583	13.350662	13.304283	13.257468	13.210241	13.162626	13.114646	13.066327	13.017692	12.968766	12.919573	12.870138	12.820486	12.770642	12.720631	12.670477	12.620206	12.569841	12.519409	12.468933	12.418438	12.367949	12.31749	12.267086	12.216759	12.166535	12.116436	12.066486	12.016709	11.967126	11.917762	11.868638	11.819776	11.771198	11.722926	11.67498	11.627382	11.580152	11.533309	11.486875	11.440867	11.395305	11.350208	11.305594	11.26148	11.217884	11.174822	11.132311	11.090368	11.049007	11.008244	10.968094	10.928571	10.889688	10.85146	10.813899	10.777018	10.740828	10.705341	10.670569	10.636522	10.603211	10.570645	10.538833	10.507784	10.477508	10.448011	10.419302	10.391388	10.364275	10.33797	10.312478	10.287805	10.263956	10.240936	10.218749	10.197398	10.176887	10.157219	10.138396	10.120421	10.103295	10.08702	10.071597	10.057026	10.043308	10.030442	10.018429	10.007267	9.9969554	9.9874923	9.978876	9.9711043	9.9641746	9.9580842	9.9528297	9.9484077	9.9448144	9.9420456	9.9400968	9.9389634	9.9386402	9.939122	9.9404031	9.9424775	9.9453393	9.9489817	9.9533983	9.9585819	9.9645253	9.971221	9.9786614	9.9868384	9.9957438	10.005369	10.015706	10.026745	10.038477	10.050894	10.063985	10.07774	10.092151	10.107207	10.122897	10.139211	10.156139	10.17367	10.191793	10.210497	10.229771	10.249603	10.269982	10.290897	10.312336	10.334288	10.356739	10.37968	10.403097	10.426978	10.451312	10.476086	10.501289	10.526907	10.552929	10.579343	10.606135	10.633295	10.660809	10.688666	10.716852	10.745357	10.774168	10.803273	10.83266	10.862316	10.892231	10.922392	10.952788	10.983407
4.0	10.944067	10.977012	11.010166	11.043516	11.077051	11.110761	11.144635	11.178661	11.212829	11.247129	11.281551	11.316083	11.350717	11.385443	11.42025	11.45513	11.490074	11.525073	11.560118	11.5952	11.630312	11.665446	11.700593	11.735747	11.7709	11.806044	11.841174	11.876283	11.911364	11.946411	11.981419	12.016382	12.051295	12.086153	12.12095	12.155683	12.190346	12.224937	12.25945	12.293882	12.32823	12.362491	12.396661	12.430737	12.464718	12.498599	12.53238	12.566058	12.599631	12.633097	12.666454	12.699702	12.732837	12.765861	12.79877	12.831564	12.864241	12.896802	12.929244	12.961568	12.993772	13.025855	13.057816	13.089656	13.121372	13.152964	13.184431	13.215773	13.246987	13.278073	13.30903	13.339856	13.37055	13.40111	13.431534	13.461821	13.491968	13.521973	13.551834	13.581547	13.61111	13.64052	13.669773	13.698865	13.727792	13.756551	13.785137	13.813544	13.841768	13.869803	13.897644	13.925284	13.952717	13.979936	14.006934	14.033704	14.060237	14.086526	14.112562	14.138336	14.16384	14.189062	14.213995	14.238626	14.262946	14.286945	14.310609	14.333929	14.356891	14.379484	14.401696	14.423513	14.444923	14.465912	14.486466	14.506572	14.526216	14.545383	14.564059	14.582229	14.599879	14.616994	14.633558	14.649556	14.664974	14.679796	14.694006	14.707589	14.720531	14.732815	14.744427	14.755352	14.765573	14.775077	14.783849	14.791874	14.799137	14.805625	14.811324	14.81622	14.8203	14.823551	14.82596	14.827516	14.828205	14.828018	14.826942	14.824968	14.822085	14.818284	14.813557	14.807894	14.801288	14.793732	14.785219	14.775744	14.7653	14.753884	14.741491	14.728119	14.713763	14.698424	14.682099	14.664788	14.646492	14.627211	14.606947	14.585704	14.563484	14.540291	14.51613	14.491007	14.464928	14.437901	14.409933	14.381033	14.35121	14.320474	14.288836	14.256308	14.222902	14.188631	14.153509	14.117549	14.080767	14.043178	14.004799	13.965646	13.925738	13.885091	13.843724	13.801657	13.758909	13.715501	13.671452	13.626784	13.581518	13.535677	13.489282	13.442356	13.394923	13.347004	13.298625	13.249809	13.20058	13.150963	13.100981	13.05066	13.000025	12.949101	12.897912	12.846485	12.794844	12.743014	12.691022	12.638893	12.586651	12.534323	12.481933	12.429506	12.377069	12.324645	12.272259	12.219936	12.167701	12.115578	12.063591	12.011763	11.960119	11.908682	11.857474	11.806518	11.755838	11.705454	11.65539	11.605666	11.556303	11.507323	11.458746	11.410592	11.36288	11.315629	11.26886	11.222589	11.176836	11.131617	11.08695	11.042852	10.999338	10.956426	10.91413	10.872465	10.831446	10.791087	10.751402	10.712403	10.674104	10.636516	10.599653	10.563524	10.528141	10.493514	10.459654	10.42657	10.394271	10.362766	10.332063	10.302169	10.273093	10.244841	10.217419	10.190834	10.165091	10.140196	10.116153	10.092967	10.070641	10.04918	10.028586	10.008862	9.9900109	9.9720343	9.9549339	9.9387109	9.9233661	9.9089002	9.8953131	9.8826047	9.8707743	9.8598211	9.8497437	9.8405405	9.8322095	9.8247485	9.8181547	9.8124252	9.8075568	9.8035459	9.8003885	9.7980805	9.7966173	9.7959942	9.796206	9.7972473	9.7991126	9.8017959	9.8052908	9.8095911	9.8146898	9.8205801	9.8272546	9.8347059	9.8429262	9.8519075	9.8616416	9.87212	9.8833341	9.895275	9.9079335	9.9213005	9.9353663	9.9501213	9.9655555	9.9816589	9.9984213	10.015832	10.033881	10.052557	10.071849	10.091746	10.112238	10.133312	10.154957	10.177163	10.199916	10.223205	10.247019	10.271345	10.296171	10.321486	10.347277	10.373531	10.400237	10.427383	10.454955	10.482941	10.51133	10.540108	10.569263	10.598783	10.628656	10.658868	10.689409	10.720264	10.751423	10.782873	10.814602	10.846598	10.878849	10.911342
5.0	10.8616	10.8964	10.931426	10.966667	11.002113	11.037751	11.073569	11.109558	11.145706	11.182001	11.218434	11.254993	11.291669	11.328451	11.36533	11.402294	11.439336	11.476445	11.513612	11.550829	11.588086	11.625375	11.662688	11.700016	11.737353	11.774689	11.812018	11.849333	11.886627	11.923892	11.961123	11.998313	12.035456	12.072547	12.10958	12.14655	12.183451	12.220279	12.257029	12.293696	12.330277	12.366767	12.403162	12.43946	12.475656	12.511746	12.547729	12.583601	12.619359	12.655	12.690523	12.725924	12.761202	12.796353	12.831377	12.866271	12.901033	12.935662	12.970155	13.004511	13.038728	13.072804	13.106738	13.140529	13.174173	13.20767	13.241018	13.274214	13.307258	13.340146	13.372877	13.405449	13.437859	13.470104	13.502183	13.534092	13.565828	13.597388	13.62877	13.659968	13.69098	13.721801	13.752428	13.782855	13.813079	13.843093	13.872893	13.902473	13.931827	13.960949	13.989832	14.018471	14.046856	14.074982	14.102841	14.130423	14.157722	14.184727	14.211431	14.237823	14.263894	14.289634	14.315032	14.340078	14.36476	14.389067	14.412988	14.436511	14.459623	14.482312	14.504565	14.526369	14.547711	14.568576	14.588952	14.608824	14.628179	14.647001	14.665277	14.682991	14.700129	14.716677	14.732618	14.747938	14.762622	14.776656	14.790022	14.802708	14.814697	14.825975	14.836527	14.846338	14.855393	14.863678	14.87118	14.877883	14.883773	14.888839	14.893065	14.89644	14.898951	14.900585	14.90133	14.901176	14.900111	14.898125	14.895208	14.891349	14.886541	14.880775	14.874042	14.866336	14.857649	14.847976	14.837312	14.82565	14.812988	14.799322	14.784648	14.768966	14.752273	14.734569	14.715854	14.69613	14.675396	14.653657	14.630915	14.607174	14.582438	14.556713	14.530006	14.502323	14.473671	14.44406	14.413498	14.381996	14.349564	14.316214	14.281957	14.246806	14.210776	14.17388	14.136133	14.097551	14.058149	14.017946	13.976957	13.935202	13.892698	13.849466	13.805524	13.760892	13.715593	13.669645	13.623073	13.575896	13.528139	13.479823	13.430972	13.381609	13.331759	13.281445	13.230692	13.179525	13.127969	13.076048	13.023788	12.971215	12.918353	12.86523	12.811869	12.758298	12.704542	12.650627	12.596579	12.542424	12.488187	12.433895	12.379572	12.325245	12.270939	12.216678	12.162489	12.108396	12.054424	12.000596	11.946939	11.893475	11.840228	11.787221	11.734478	11.682022	11.629875	11.57806	11.526597	11.47551	11.424818	11.374542	11.324704	11.275322	11.226417	11.178007	11.130111	11.082749	11.035936	10.989692	10.944033	10.898975	10.854535	10.810729	10.767571	10.725076	10.68326	10.642135	10.601715	10.562013	10.523041	10.484812	10.447337	10.410628	10.374694	10.339547	10.305196	10.271649	10.238917	10.207008	10.175929	10.145688	10.116292	10.087749	10.060063	10.033241	10.007289	9.9822114	9.9580126	9.9346969	9.9122682	9.8907297	9.8700846	9.8503353	9.831484	9.8135326	9.7964826	9.7803349	9.7650903	9.7507492	9.7373114	9.7247767	9.7131443	9.7024131	9.6925818	9.6836486	9.6756113	9.6684677	9.662215	9.6568502	9.6523698	9.6487703	9.6460477	9.6441977	9.6432158	9.6430971	9.6438365	9.6454286	9.6478676	9.6511477	9.6552626	9.6602057	9.6659704	9.6725497	9.6799362	9.6881225	9.6971008	9.7068632	9.7174015	9.7287071	9.7407715	9.7535858	9.7671408	9.7814274	9.796436	9.8121569	9.8285802	9.845696	9.8634938	9.8819634	9.9010942	9.9208753	9.9412959	9.962345	9.9840113	10.006284	10.02915	10.0526	10.076621	10.101201	10.126328	10.151991	10.178178	10.204875	10.232072	10.259755	10.287912	10.316532	10.3456	10.375106	10.405035	10.435377	10.466118	10.497245	10.528747	10.56061	10.592822	10.625371	10.658244	10.691429	10.724913	10.758685	10.792731	10.82704
6.0	10.767065	10.803654	10.840488	10.877556	10.914846	10.952346	10.990044	11.027929	11.06599	11.104215	11.142594	11.181114	11.219767	11.25854	11.297423	11.336407	11.37548	11.414634	11.453859	11.493145	11.532482	11.571862	11.611276	11.650716	11.690171	11.729636	11.769101	11.808559	11.848002	11.887422	11.926814	11.966169	12.005481	12.044744	12.083952	12.123098	12.162176	12.201181	12.240108	12.278952	12.317706	12.356368	12.394931	12.433392	12.471745	12.509988	12.548117	12.586126	12.624014	12.661776	12.699408	12.736909	12.774274	12.8115	12.848585	12.885526	12.92232	12.958964	12.995456	13.031792	13.067972	13.10399	13.139846	13.175537	13.21106	13.246412	13.281591	13.316593	13.351417	13.386059	13.420517	13.454786	13.488864	13.522748	13.556434	13.589918	13.623197	13.656266	13.689122	13.72176	13.754176	13.786363	13.818319	13.850037	13.881511	13.912736	13.943707	13.974415	14.004856	14.035021	14.064905	14.094499	14.123795	14.152785	14.181462	14.209816	14.237838	14.265519	14.292849	14.319819	14.346417	14.372634	14.398459	14.423879	14.448885	14.473464	14.497604	14.521292	14.544517	14.567265	14.589523	14.611278	14.632517	14.653225	14.673389	14.692995	14.712028	14.730474	14.748318	14.765546	14.782144	14.798095	14.813386	14.828001	14.841926	14.855146	14.867645	14.87941	14.890425	14.900675	14.910147	14.918826	14.926698	14.933749	14.939964	14.945332	14.949838	14.953469	14.956214	14.958059	14.958993	14.959005	14.958083	14.956217	14.953398	14.949614	14.944857	14.939119	14.932391	14.924666	14.915937	14.906199	14.895444	14.883669	14.870868	14.857039	14.842178	14.826283	14.809353	14.791386	14.772383	14.752344	14.73127	14.709164	14.686029	14.661868	14.636685	14.610487	14.583278	14.555066	14.525858	14.495662	14.464487	14.432344	14.399242	14.365193	14.330208	14.294302	14.257486	14.219775	14.181184	14.141728	14.101424	14.060288	14.018338	13.975591	13.932066	13.887783	13.842761	13.79702	13.750582	13.703466	13.655696	13.607294	13.558281	13.508681	13.458518	13.407815	13.356596	13.304886	13.25271	13.200091	13.147057	13.093632	13.039842	12.985712	12.931269	12.876538	12.821546	12.76632	12.710885	12.655267	12.599494	12.543592	12.487586	12.431503	12.37537	12.319212	12.263055	12.206926	12.150849	12.094851	12.038957	11.983191	11.927579	11.872145	11.816914	11.76191	11.707156	11.652677	11.598494	11.544632	11.491113	11.437958	11.38519	11.332831	11.2809	11.229419	11.178409	11.127888	11.077877	11.028394	10.979458	10.931087	10.883299	10.836111	10.78954	10.743603	10.698314	10.653691	10.609747	10.566497	10.523956	10.482137	10.441053	10.400716	10.36114	10.322336	10.284314	10.247087	10.210664	10.175056	10.140272	10.10632	10.07321	10.04095	10.009547	9.9790094	9.949343	9.9205547	9.8926505	9.865636	9.8395163	9.8142961	9.78998	9.7665717	9.7440749	9.7224928	9.701828	9.6820831	9.6632599	9.6453602	9.6283852	9.6123359	9.5972127	9.5830158	9.5697452	9.5574002	9.5459801	9.5354836	9.5259092	9.5172551	9.5095191	9.5026988	9.4967913	9.4917935	9.487702	9.4845131	9.4822227	9.4808266	9.4803202	9.4806986	9.4819567	9.4840889	9.4870896	9.4909529	9.4956725	9.5012419	9.5076544	9.5149029	9.5229803	9.5318791	9.5415914	9.5521095	9.5634251	9.5755297	9.5884149	9.6020717	9.6164911	9.6316638	9.6475804	9.6642313	9.6816065	9.6996962	9.71849	9.7379776	9.7581484	9.7789918	9.8004968	9.8226524	9.8454475	9.8688708	9.8929107	9.9175557	9.9427942	9.9686143	9.995004	10.021951	10.049444	10.077471	10.106018	10.135074	10.164626	10.194662	10.22517	10.256136	10.287548	10.319393	10.351659	10.384333	10.417403	10.450855	10.484677	10.518856	10.553381	10.588237	10.623413	10.658897	10.694675	10.730735
7.0	10.660725	10.699033	10.737604	10.776428	10.815492	10.854783	10.89429	10.934001	10.973904	11.013988	11.054241	11.094651	11.135208	11.175901	11.216718	11.257649	11.298684	11.339812	11.381022	11.422306	11.463653	11.505054	11.546498	11.587978	11.629483	11.671006	11.712537	11.754068	11.795591	11.837098	11.878582	11.920034	11.961447	12.002814	12.044129	12.085384	12.126573	12.16769	12.208728	12.249681	12.290545	12.331312	12.371978	12.412538	12.452986	12.493318	12.533529	12.573614	12.613568	12.653389	12.69307	12.732609	12.772	12.811241	12.850328	12.889256	12.928023	12.966624	13.005056	13.043316	13.0814	13.119304	13.157025	13.19456	13.231905	13.269057	13.306012	13.342766	13.379316	13.415657	13.451787	13.487701	13.523394	13.558864	13.594105	13.629113	13.663883	13.69841	13.73269	13.766717	13.800485	13.83399	13.867225	13.900184	13.932861	13.965249	13.997341	14.029131	14.060611	14.091773	14.12261	14.153113	14.183274	14.213084	14.242534	14.271615	14.300317	14.328629	14.356543	14.384048	14.411132	14.437784	14.463994	14.489749	14.515039	14.539849	14.564169	14.587985	14.611285	14.634056	14.656283	14.677954	14.699055	14.719572	14.739491	14.758798	14.777478	14.795517	14.812901	14.829614	14.845643	14.860972	14.875587	14.889472	14.902615	14.914998	14.926609	14.937433	14.947454	14.95666	14.965036	14.972568	14.979243	14.985046	14.989966	14.993988	14.997101	14.999292	15.00055	15.000862	15.000219	14.998608	14.996021	14.992447	14.987877	14.982302	14.975714	14.968106	14.959471	14.949801	14.939092	14.927339	14.914535	14.900679	14.885766	14.869794	14.852761	14.834666	14.81551	14.795291	14.774012	14.751674	14.72828	14.703834	14.678339	14.6518	14.624224	14.595616	14.565984	14.535337	14.503682	14.471029	14.437389	14.402773	14.367192	14.330659	14.293187	14.254791	14.215485	14.175284	14.134204	14.092262	14.049476	14.005863	13.961441	13.916231	13.870251	13.823523	13.776066	13.727902	13.679054	13.629542	13.579391	13.528623	13.477262	13.425331	13.372856	13.31986	13.266369	13.212408	13.158003	13.103179	13.047961	12.992378	12.936453	12.880216	12.82369	12.766904	12.709885	12.652658	12.595251	12.537691	12.480004	12.422218	12.364358	12.306452	12.248526	12.190606	12.132719	12.074892	12.017148	11.959516	11.902019	11.844683	11.787534	11.730595	11.673892	11.617449	11.561289	11.505436	11.449913	11.394743	11.339949	11.285552	11.231575	11.178038	11.124963	11.072371	11.02028	10.968712	10.917685	10.867218	10.817329	10.768037	10.719359	10.671312	10.623913	10.577177	10.531121	10.48576	10.441107	10.397179	10.353988	10.311548	10.269872	10.228971	10.188859	10.149547	10.111045	10.073364	10.036515	10.000506	9.9653481	9.931049	9.8976172	9.8650606	9.8333867	9.8026025	9.7727147	9.7437293	9.7156521	9.6884885	9.6622434	9.6369214	9.6125265	9.5890624	9.5665326	9.54494	9.5242872	9.5045762	9.4858091	9.4679871	9.4511115	9.435183	9.4202019	9.4061683	9.3930818	9.380942	9.3697477	9.3594977	9.3501903	9.3418237	9.3343955	9.3279032	9.3223439	9.3177145	9.3140114	9.311231	9.3093691	9.3084215	9.3083834	9.3092501	9.3110163	9.3136766	9.3172253	9.3216565	9.3269639	9.3331411	9.3401813	9.3480775	9.3568227	9.3664093	9.3768296	9.3880758	9.4001397	9.413013	9.4266871	9.4411532	9.4564023	9.4724253	9.4892127	9.506755	9.5250423	9.5440648	9.5638122	9.5842743	9.6054405	9.6273003	9.6498426	9.6730567	9.6969314	9.7214553	9.7466172	9.7724054	9.7988082	9.8258139	9.8534106	9.8815863	9.9103288	9.9396259	9.9694654	9.9998348	10.030722	10.062114	10.093998	10.126362	10.159193	10.192478	10.226205	10.260361	10.294933	10.329908	10.365274	10.401017	10.437125	10.473585	10.510385	10.547511	10.584952	10.622694
8.0	10.542875	10.582827	10.623062	10.663566	10.704328	10.745335	10.786575	10.828035	10.869704	10.91157	10.95362	10.995844	11.038229	11.080764	11.123438	11.16624	11.209159	11.252184	11.295304	11.338509	11.381789	11.425133	11.468532	11.511976	11.555455	11.59896	11.642481	11.686011	11.729539	11.773057	11.816558	11.860032	11.903472	11.94687	11.990218	12.033509	12.076736	12.119891	12.162968	12.20596	12.24886	12.291662	12.334361	12.376949	12.419422	12.461773	12.503997	12.546088	12.588041	12.629852	12.671514	12.713024	12.754376	12.795565	12.836587	12.877438	12.918112	12.958605	12.998914	13.039032	13.078957	13.118684	13.158208	13.197525	13.236631	13.275521	13.314191	13.352636	13.390852	13.428834	13.466577	13.504077	13.541328	13.578326	13.615065	13.651539	13.687744	13.723673	13.759321	13.794682	13.82975	13.864517	13.898978	13.933125	13.966952	14.00045	14.033613	14.066433	14.098902	14.131011	14.162751	14.194114	14.225091	14.255673	14.285849	14.315609	14.344945	14.373844	14.402296	14.430291	14.457817	14.484862	14.511415	14.537463	14.562994	14.587997	14.612457	14.636363	14.6597	14.682456	14.704616	14.726168	14.747097	14.76739	14.787031	14.806008	14.824305	14.841908	14.858802	14.874974	14.890408	14.90509	14.919005	14.932138	14.944477	14.956005	14.966709	14.976574	14.985587	14.993734	15.001001	15.007375	15.012842	15.01739	15.021007	15.023679	15.025396	15.026145	15.025916	15.024697	15.022479	15.019252	15.015005	15.009732	15.003422	14.996069	14.987665	14.978203	14.967678	14.956084	14.943417	14.929672	14.914846	14.898936	14.88194	14.863857	14.844686	14.824428	14.803083	14.780653	14.75714	14.732548	14.706879	14.68014	14.652335	14.623471	14.593555	14.562594	14.530597	14.497573	14.463533	14.428487	14.392447	14.355425	14.317434	14.278489	14.238602	14.197791	14.15607	14.113457	14.069968	14.025621	13.980435	13.934428	13.887622	13.840035	13.791689	13.742605	13.692805	13.642311	13.591147	13.539334	13.486898	13.433862	13.380251	13.326089	13.271402	13.216215	13.160555	13.104446	13.047915	12.990989	12.933694	12.876058	12.818106	12.759867	12.701367	12.642634	12.583694	12.524576	12.465306	12.405911	12.34642	12.286858	12.227254	12.167633	12.108023	12.048451	11.988943	11.929525	11.870223	11.811063	11.752072	11.693273	11.634693	11.576356	11.518286	11.460508	11.403046	11.345923	11.289162	11.232787	11.176818	11.12128	11.066192	11.011577	10.957455	10.903846	10.850771	10.798248	10.746298	10.694939	10.644188	10.594064	10.544584	10.495764	10.447621	10.400171	10.35343	10.307411	10.26213	10.217601	10.173837	10.13085	10.088655	10.047263	10.006685	9.9669325	9.9280167	9.8899477	9.8527352	9.8163886	9.7809168	9.7463283	9.7126313	9.6798331	9.6479411	9.616962	9.5869021	9.5577672	9.529563	9.5022944	9.4759662	9.4505826	9.4261476	9.4026645	9.3801366	9.3585666	9.3379569	9.3183093	9.2996257	9.2819072	9.2651548	9.249369	9.2345501	9.220698	9.2078123	9.1958922	9.1849365	9.1749439	9.1659127	9.1578409	9.150726	9.1445655	9.1393565	9.1350956	9.1317794	9.1294041	9.1279656	9.1274596	9.1278813	9.129226	9.1314885	9.1346632	9.1387447	9.1437268	9.1496034	9.1563681	9.1640143	9.1725349	9.1819229	9.1921708	9.203271	9.2152158	9.227997	9.2416063	9.2560353	9.2712753	9.2873173	9.3041523	9.3217708	9.3401636	9.3593207	9.3792324	9.3998885	9.4212789	9.4433931	9.4662206	9.4897505	9.5139721	9.5388742	9.5644456	9.590675	9.6175509	9.6450616	9.6731955	9.7019407	9.7312852	9.7612168	9.7917235	9.8227929	9.8544127	9.8865703	9.9192533	9.9524491	9.986145	10.020328	10.054986	10.090106	10.125674	10.161679	10.198107	10.234945	10.27218	10.3098	10.347792	10.386142	10.424839	10.463868	10.503218
9.0	10.413844	10.455362	10.49718	10.539285	10.581665	10.624307	10.667198	10.710327	10.753681	10.797247	10.841013	10.884968	10.929099	10.973395	11.017845	11.062435	11.107156	11.151996	11.196943	11.241988	11.287118	11.332324	11.377596	11.422922	11.468292	11.513698	11.559129	11.604575	11.650027	11.695476	11.740914	11.78633	11.831716	11.877065	11.922367	11.967615	12.0128	12.057915	12.102953	12.147905	12.192765	12.237525	12.282179	12.326719	12.37114	12.415434	12.459596	12.503619	12.547497	12.591223	12.634793	12.678201	12.72144	12.764505	12.807391	12.850092	12.892603	12.934918	12.977033	13.018941	13.060639	13.102119	13.143378	13.18441	13.22521	13.265771	13.30609	13.346161	13.385978	13.425536	13.464828	13.50385	13.542596	13.581059	13.619233	13.657113	13.694692	13.731963	13.76892	13.805555	13.841863	13.877835	13.913464	13.948742	13.983662	14.018216	14.052394	14.08619	14.119593	14.152595	14.185186	14.217358	14.2491	14.280402	14.311254	14.341646	14.371566	14.401003	14.429948	14.458387	14.486309	14.513702	14.540554	14.566852	14.592585	14.617738	14.642299	14.666254	14.689591	14.712295	14.734353	14.75575	14.776474	14.796509	14.815842	14.834457	14.852342	14.869481	14.88586	14.901464	14.916279	14.930291	14.943485	14.955847	14.967363	14.978018	14.987799	14.996693	15.004685	15.011761	15.01791	15.023118	15.027373	15.030662	15.032973	15.034295	15.034616	15.033926	15.032215	15.029472	15.025688	15.020853	15.014961	15.008002	14.999969	14.990855	14.980654	14.969362	14.956971	14.943479	14.928882	14.913176	14.89636	14.878431	14.859389	14.839234	14.817966	14.795587	14.772098	14.747503	14.721805	14.695009	14.66712	14.638143	14.608086	14.576955	14.54476	14.511509	14.477212	14.44188	14.405523	14.368155	14.329788	14.290435	14.250111	14.208831	14.16661	14.123465	14.079414	14.034473	13.988661	13.941998	13.894502	13.846194	13.797095	13.747227	13.69661	13.645268	13.593223	13.540498	13.487119	13.433107	13.378489	13.32329	13.267533	13.211246	13.154455	13.097184	13.039462	12.981315	12.922769	12.863852	12.804591	12.745013	12.685147	12.625019	12.564657	12.504089	12.443343	12.382447	12.321428	12.260313	12.199131	12.137908	12.076672	12.015451	11.954271	11.89316	11.832143	11.771247	11.710499	11.649925	11.589549	11.529399	11.469498	11.409872	11.350544	11.29154	11.232883	11.174597	11.116704	11.059227	11.002189	10.945611	10.889515	10.833922	10.778853	10.724327	10.670364	10.616984	10.564206	10.512048	10.460527	10.409662	10.359469	10.309965	10.261166	10.213087	10.165743	10.11915	10.073321	10.02827	9.98401	9.940554	9.897914	9.856102	9.8151293	9.7750067	9.7357447	9.6973531	9.6598416	9.6232191	9.5874943	9.5526753	9.5187699	9.4857853	9.4537285	9.4226059	9.3924236	9.3631871	9.3349017	9.3075722	9.2812031	9.2557983	9.2313615	9.207896	9.1854046	9.1638899	9.1433541	9.1237989	9.1052258	9.0876359	9.07103	9.0554084	9.0407712	9.0271182	9.0144489	9.0027623	8.9920572	8.9823322	8.9735854	8.9658147	8.9590177	8.9531917	8.9483337	8.9444405	8.9415084	8.9395337	8.9385122	8.9384397	8.9393114	8.9411225	8.9438678	8.9475419	8.9521392	8.9576538	8.9640795	8.97141	8.9796385	8.9887584	8.9987624	9.0096433	9.0213936	9.0340054	9.0474709	9.0617818	9.0769297	9.092906	9.1097019	9.1273084	9.1457163	9.1649162	9.1848984	9.2056533	9.2271708	9.2494409	9.2724532	9.2961971	9.3206622	9.3458375	9.3717122	9.398275	9.4255148	9.4534201	9.4819793	9.5111809	9.541013	9.5714637	9.602521	9.6341727	9.6664066	9.6992103	9.7325714	9.7664774	9.8009157	9.8358736	9.8713384	9.9072973	9.9437374	9.9806459	10.01801	10.055816	10.094052	10.132705	10.171761	10.211208	10.251032	10.29122	10.331761	10.37264
10.0	10.273992	10.316991	10.360308	10.40393	10.447843	10.492035	10.536494	10.581205	10.626158	10.671338	10.716734	10.762334	10.808125	10.854095	10.900232	10.946525	10.99296	11.039528	11.086215	11.133012	11.179906	11.226887	11.273943	11.321065	11.36824	11.41546	11.462713	11.509989	11.557279	11.604573	11.65186	11.699133	11.74638	11.793594	11.840765	11.887885	11.934944	11.981935	12.028849	12.075678	12.122414	12.169049	12.215575	12.261986	12.308273	12.354429	12.400448	12.446322	12.492044	12.537607	12.583005	12.628232	12.67328	12.718143	12.762815	12.80729	12.851561	12.895623	12.939468	12.983091	13.026486	13.069647	13.112567	13.155241	13.197662	13.239824	13.281721	13.323346	13.364694	13.405758	13.446531	13.487007	13.527179	13.567041	13.606585	13.645804	13.684691	13.723239	13.761441	13.799288	13.836773	13.873887	13.910623	13.946972	13.982926	14.018475	14.053611	14.088324	14.122605	14.156444	14.189831	14.222756	14.255209	14.287179	14.318655	14.349626	14.380081	14.410008	14.439395	14.468231	14.496503	14.524198	14.551305	14.57781	14.6037	14.628963	14.653584	14.67755	14.700848	14.723463	14.745383	14.766592	14.787076	14.806822	14.825815	14.844041	14.861485	14.878133	14.893971	14.908985	14.923159	14.93648	14.948934	14.960507	14.971185	14.980953	14.989799	14.99771	15.004671	15.010671	15.015696	15.019734	15.022774	15.024803	15.025811	15.025786	15.024717	15.022596	15.019412	15.015156	15.009819	15.003394	14.995872	14.987247	14.977513	14.966663	14.954692	14.941596	14.92737	14.912012	14.895519	14.87789	14.859121	14.839215	14.81817	14.795988	14.77267	14.748219	14.722639	14.695933	14.668106	14.639165	14.609114	14.577962	14.545716	14.512386	14.47798	14.44251	14.405985	14.368418	14.329822	14.29021	14.249595	14.207993	14.16542	14.12189	14.077423	14.032033	13.985742	13.938566	13.890525	13.84164	13.791932	13.741421	13.69013	13.63808	13.585295	13.531799	13.477614	13.422765	13.367277	13.311175	13.254485	13.197232	13.139442	13.081142	13.022359	12.963119	12.90345	12.843379	12.782933	12.722141	12.661031	12.599629	12.537965	12.476066	12.413961	12.351678	12.289244	12.226688	12.164038	12.101321	12.038567	11.975801	11.913053	11.850349	11.787717	11.725183	11.662775	11.600518	11.53844	11.476566	11.414922	11.353534	11.292426	11.231623	11.17115	11.111031	11.05129	10.99195	10.933033	10.874563	10.816561	10.75905	10.70205	10.645582	10.589667	10.534324	10.479574	10.425435	10.371925	10.319064	10.266868	10.215354	10.164539	10.114441	10.065073	10.016452	9.9685915	9.9215069	9.8752116	9.829719	9.7850419	9.7411927	9.6981833	9.6560252	9.6147293	9.5743063	9.5347661	9.4961184	9.4583724	9.4215367	9.3856197	9.3506292	9.3165726	9.283457	9.2512888	9.2200743	9.1898192	9.1605288	9.132208	9.1048615	9.0784934	9.0531074	9.028707	9.0052952	8.9828746	8.9614476	8.941016	8.9215816	8.9031456	8.8857088	8.8692719	8.8538352	8.8393985	8.8259615	8.8135234	8.8020834	8.79164	8.7821917	8.7737366	8.7662725	8.7597969	8.754307	8.7497999	8.7462722	8.7437203	8.7421405	8.7415285	8.74188	8.7431905	8.745455	8.7486685	8.7528255	8.7579204	8.7639475	8.7709005	8.7787733	8.7875593	8.7972516	8.8078433	8.8193272	8.8316958	8.8449414	8.8590563	8.8740323	8.8898611	8.9065343	8.9240431	8.9423787	8.961532	8.9814936	9.0022542	9.0238041	9.0461334	9.0692322	9.0930902	9.1176971	9.1430424	9.1691153	9.1959051	9.2234008	9.2515911	9.2804647	9.3100104	9.3402164	9.3710711	9.4025626	9.434679	9.4674081	9.500738	9.5346561	9.5691503	9.6042079	9.6398165	9.6759633	9.7126357	9.7498209	9.787506	9.8256781	9.8643244	9.9034317	9.9429871	9.9829775	10.02339	10.064211	10.105428	10.147028	10.188997	10.231322
11.0	10.123706	10.1681	10.212829	10.257879	10.303237	10.34889	10.394826	10.44103	10.487491	10.534196	10.581131	10.628285	10.675645	10.723197	10.770931	10.818833	10.866892	10.915095	10.963431	11.011888	11.060453	11.109117	11.157866	11.206691	11.25558	11.304521	11.353505	11.40252	11.451556	11.500602	11.549649	11.598686	11.647704	11.696692	11.745642	11.794543	11.843387	11.892164	11.940865	11.989482	12.038005	12.086427	12.134738	12.182931	12.230997	12.278929	12.326718	12.374356	12.421837	12.469152	12.516294	12.563255	12.610028	12.656606	12.702982	12.749148	12.795098	12.840824	12.88632	12.931578	12.976591	13.021353	13.065856	13.110094	13.154059	13.197744	13.241143	13.284249	13.327053	13.369549	13.411729	13.453586	13.495113	13.536302	13.577144	13.617633	13.657759	13.697516	13.736894	13.775886	13.814482	13.852673	13.890451	13.927807	13.964731	14.001213	14.037245	14.072815	14.107914	14.142531	14.176656	14.210278	14.243386	14.275968	14.308014	14.339512	14.370449	14.400814	14.430595	14.459778	14.488352	14.516303	14.543619	14.570287	14.596292	14.621622	14.646262	14.6702	14.693421	14.715911	14.737657	14.758643	14.778856	14.798282	14.816906	14.834714	14.851691	14.867824	14.883098	14.897499	14.911012	14.923624	14.935322	14.94609	14.955916	14.964787	14.972688	14.979608	14.985533	14.990451	14.994351	14.99722	14.999046	14.99982	14.99953	14.998166	14.995718	14.992177	14.987535	14.981782	14.974912	14.966916	14.957788	14.947523	14.936114	14.923556	14.909847	14.894981	14.878957	14.861771	14.843423	14.823912	14.803237	14.7814	14.758401	14.734244	14.70893	14.682464	14.65485	14.626093	14.5962	14.565178	14.533033	14.499775	14.465412	14.429954	14.393414	14.3558	14.317127	14.277407	14.236654	14.194883	14.152108	14.108346	14.063613	14.017927	13.971306	13.923768	13.875333	13.826021	13.775852	13.724848	13.673031	13.620422	13.567044	13.512921	13.458077	13.402536	13.346322	13.289461	13.231979	13.173901	13.115253	13.056063	12.996357	12.936162	12.875505	12.814415	12.752919	12.691045	12.628821	12.566276	12.503437	12.440334	12.376995	12.313448	12.249722	12.185845	12.121846	12.057754	11.993596	11.929401	11.865196	11.801011	11.736872	11.672807	11.608844	11.545009	11.481329	11.417832	11.354543	11.291488	11.228694	11.166185	11.103986	11.042123	10.98062	10.9195	10.858787	10.798505	10.738675	10.679321	10.620465	10.562127	10.504329	10.447092	10.390435	10.334379	10.278942	10.224143	10.17	10.116532	10.063756	10.011687	9.960344	9.9097411	9.8598941	9.8108181	9.7625273	9.7150357	9.6683569	9.6225036	9.5774885	9.5333236	9.4900205	9.4475901	9.4060433	9.36539	9.3256401	9.2868029	9.2488871	9.2119011	9.1758528	9.1407499	9.1065993	9.0734078	9.0411816	9.0099265	8.9796481	8.9503512	8.9220407	8.8947207	8.8683952	8.8430677	8.8187414	8.7954189	8.7731029	8.7517953	8.7314978	8.712212	8.6939389	8.6766791	8.6604332	8.6452013	8.630983	8.617778	8.6055853	8.594404	8.5842325	8.5750692	8.5669121	8.559759	8.5536073	8.5484542	8.5442966	8.5411313	8.5389545	8.5377626	8.5375513	8.5383164	8.5400532	8.5427569	8.5464224	8.5510444	8.5566174	8.5631356	8.5705929	8.5789831	8.5882998	8.5985364	8.6096858	8.621741	8.6346946	8.6485392	8.6632669	8.6788699	8.6953399	8.7126687	8.7308476	8.7498679	8.7697206	8.7903968	8.8118869	8.8341815	8.857271	8.8811454	8.9057947	8.9312087	8.9573771	8.9842892	9.0119344	9.0403018	9.0693804	9.099159	9.1296264	9.160771	9.1925813	9.2250455	9.2581518	9.2918882	9.3262427	9.361203	9.3967568	9.4328918	9.4695954	9.506855	9.5446579	9.5829915	9.6218428	9.661199	9.7010471	9.7413741	9.782167	9.8234127	9.8650981	9.9072099	9.9497352	9.9926606	10.035973	10.079659
12.0	9.9634043	10.009102	10.055151	10.101538	10.148248	10.195269	10.242589	10.290193	10.338069	10.386203	10.434583	10.483196	10.532028	10.581068	10.630303	10.679719	10.729305	10.779048	10.828935	10.878955	10.929096	10.979346	11.029692	11.080123	11.130628	11.181195	11.231812	11.28247	11.333155	11.383858	11.434569	11.485275	11.535967	11.586634	11.637267	11.687855	11.738388	11.788856	11.83925	11.88956	11.939778	11.989892	12.039896	12.089778	12.139531	12.189146	12.238614	12.287927	12.337075	12.386052	12.434847	12.483454	12.531864	12.580069	12.62806	12.675831	12.723373	12.770678	12.817738	12.864545	12.911093	12.957372	13.003375	13.049094	13.094522	13.13965	13.184471	13.228976	13.273157	13.317007	13.360517	13.403678	13.446483	13.488923	13.53099	13.572674	13.613967	13.65486	13.695344	13.735409	13.775046	13.814246	13.852998	13.891294	13.929122	13.966472	14.003335	14.039699	14.075554	14.110888	14.14569	14.17995	14.213654	14.246793	14.279353	14.311322	14.342688	14.373439	14.403561	14.433043	14.46187	14.490029	14.517508	14.544293	14.57037	14.595725	14.620345	14.644215	14.667322	14.68965	14.711187	14.731918	14.751828	14.770904	14.78913	14.806493	14.822979	14.838573	14.853261	14.86703	14.879864	14.891752	14.902678	14.91263	14.921594	14.929558	14.936508	14.942433	14.94732	14.951156	14.953932	14.955635	14.956254	14.95578	14.954203	14.951512	14.947699	14.942756	14.936674	14.929446	14.921064	14.911524	14.900818	14.888942	14.875891	14.861662	14.846251	14.829655	14.811873	14.792904	14.772747	14.751403	14.728873	14.705158	14.680261	14.654186	14.626936	14.598517	14.568934	14.538194	14.506303	14.473271	14.439105	14.403816	14.367414	14.329909	14.291315	14.251643	14.210907	14.169121	14.126301	14.082462	14.03762	13.991793	13.944998	13.897254	13.84858	13.798995	13.748521	13.697178	13.644988	13.591973	13.538155	13.483559	13.428207	13.372124	13.315336	13.257866	13.19974	13.140986	13.081628	13.021693	12.96121	12.900204	12.838703	12.776736	12.71433	12.651514	12.588316	12.524764	12.460887	12.396715	12.332275	12.267597	12.202709	12.137641	12.072421	12.007078	11.941642	11.876139	11.8106	11.745053	11.679525	11.614045	11.548641	11.48334	11.41817	11.353159	11.288332	11.223716	11.159338	11.095224	11.0314	10.96789	10.90472	10.841915	10.779498	10.717493	10.655924	10.594813	10.534184	10.474058	10.414457	10.355403	10.296915	10.239015	10.181721	10.125055	10.069033	10.013676	9.9589999	9.9050232	9.8517627	9.7992348	9.7474554	9.6964401	9.646204	9.5967614	9.5481265	9.5003128	9.4533334	9.4072009	9.3619274	9.3175245	9.2740035	9.231375	9.1896494	9.1488363	9.1089452	9.069985	9.0319641	8.9948906	8.9587719	8.9236155	8.8894278	8.8562154	8.8239842	8.7927396	8.7624869	8.7332307	8.7049755	8.6777252	8.6514834	8.6262535	8.6020383	8.5788404	8.556662	8.5355049	8.5153707	8.4962606	8.4781755	8.4611159	8.4450821	8.4300741	8.4160914	8.4031336	8.3911995	8.3802881	8.3703978	8.3615268	8.3536731	8.3468343	8.341008	8.3361912	8.3323808	8.3295736	8.3277659	8.3269538	8.3271333	8.3283001	8.3304496	8.333577	8.3376773	8.3427452	8.3487753	8.3557618	8.3636989	8.3725804	8.3823999	8.3931509	8.4048266	8.41742	8.4309239	8.4453309	8.4606334	8.4768236	8.4938935	8.5118349	8.5306393	8.5502983	8.570803	8.5921444	8.6143134	8.6373007	8.6610968	8.6856918	8.711076	8.7372394	8.7641717	8.7918625	8.8203012	8.8494773	8.8793798	8.9099977	8.9413198	8.9733349	9.0060314	9.0393978	9.0734224	9.1080934	9.1433986	9.1793262	9.2158637	9.2529991	9.2907197	9.3290131	9.3678668	9.4072679	9.4472037	9.4876614	9.528628	9.5700906	9.612036	9.6544512	9.6973231	9.7406385	9.7843842	9.8285468	9.8731132	9.9180702
13.0	9.7935302	9.840438	9.8877122	9.9353396	9.9833067	10.0316	10.080207	10.129113	10.178306	10.227772	10.277498	10.327471	10.377678	10.428106	10.478741	10.529572	10.580585	10.631767	10.683106	10.734589	10.786204	10.837939	10.889781	10.941718	10.993738	11.04583	11.09798	11.150179	11.202413	11.254672	11.306945	11.35922	11.411486	11.463733	11.515948	11.568123	11.620246	11.672306	11.724294	11.776199	11.828012	11.879722	11.931319	11.982794	12.034137	12.085339	12.13639	12.18728	12.238001	12.288544	12.338899	12.389058	12.439011	12.488749	12.538265	12.587548	12.63659	12.685383	12.733918	12.782186	12.830179	12.877887	12.925303	12.972417	13.019221	13.065707	13.111864	13.157685	13.20316	13.248281	13.293039	13.337424	13.381428	13.425041	13.468253	13.511055	13.553438	13.595391	13.636906	13.677971	13.718576	13.758713	13.798368	13.837534	13.876197	13.914348	13.951975	13.989067	14.025613	14.061601	14.097019	14.131855	14.166096	14.199732	14.232748	14.265133	14.296873	14.327956	14.358368	14.388097	14.417128	14.445448	14.473044	14.499901	14.526006	14.551344	14.575902	14.599666	14.622621	14.644752	14.666047	14.68649	14.706066	14.724763	14.742565	14.759458	14.775429	14.790463	14.804546	14.817664	14.829805	14.840953	14.851097	14.860223	14.868318	14.875369	14.881365	14.886293	14.890142	14.8929	14.894557	14.895102	14.894524	14.892814	14.889963	14.885963	14.880804	14.874479	14.866981	14.858303	14.848439	14.837385	14.825134	14.811683	14.797028	14.781166	14.764096	14.745815	14.726323	14.70562	14.683707	14.660584	14.636255	14.610721	14.583988	14.556059	14.526939	14.496635	14.465154	14.432502	14.39869	14.363725	14.327618	14.290379	14.252021	14.212555	14.171994	14.130354	14.087647	14.04389	13.999098	13.953289	13.906479	13.858688	13.809934	13.760236	13.709616	13.658092	13.605688	13.552425	13.498326	13.443414	13.387712	13.331244	13.274036	13.216113	13.1575	13.098222	13.038307	12.977782	12.916672	12.855007	12.792812	12.730118	12.66695	12.603339	12.539312	12.474898	12.410127	12.345027	12.279628	12.213958	12.148048	12.081925	12.01562	11.949161	11.882578	11.8159	11.749156	11.682374	11.615584	11.548814	11.482092	11.415447	11.348906	11.282498	11.216249	11.150187	11.084338	11.01873	10.953388	10.888339	10.823607	10.759219	10.695199	10.63157	10.568359	10.505587	10.443278	10.381455	10.32014	10.259356	10.199122	10.139461	10.080393	10.021937	9.9641134	9.9069413	9.8504389	9.7946244	9.7395154	9.6851289	9.6314814	9.5785892	9.5264677	9.4751321	9.424597	9.3748766	9.3259844	9.2779337	9.230737	9.1844067	9.1389544	9.0943914	9.0507284	9.0079759	8.9661436	8.9252409	8.8852769	8.8462601	8.8081985	8.7710999	8.7349714	8.6998199	8.6656518	8.6324731	8.6002893	8.5691058	8.5389274	8.5097584	8.481603	8.4544649	8.4283474	8.4032535	8.3791859	8.356147	8.3341386	8.3131624	8.2932197	8.2743117	8.2564389	8.2396017	8.2238003	8.2090345	8.1953037	8.1826073	8.1709441	8.1603129	8.1507121	8.1421397	8.1345938	8.1280718	8.1225713	8.1180894	8.1146228	8.1121684	8.1107224	8.1102811	8.1108404	8.112396	8.1149434	8.1184778	8.1229944	8.1284879	8.134953	8.1423839	8.150775	8.1601202	8.1704133	8.1816477	8.1938169	8.2069141	8.2209321	8.2358636	8.2517014	8.2684377	8.2860646	8.3045742	8.3239582	8.3442082	8.3653156	8.3872717	8.4100673	8.4336935	8.4581409	8.4833999	8.5094609	8.536314	8.5639492	8.5923563	8.621525	8.6514446	8.6821046	8.713494	8.745602	8.7784173	8.8119287	8.8461247	8.8809938	8.9165242	8.9527042	8.9895217	9.0269648	9.0650211	9.1036784	9.1429242	9.1827461	9.2231315	9.2640675	9.3055415	9.3475405	9.3900516	9.4330618	9.476558	9.5205271	9.5649558	9.609831	9.6551393	9.7008675	9.7470023
14.0	9.6145522	9.6625726	9.7109746	9.7597448	9.8088696	9.8583357	9.9081296	9.9582377	10.008647	10.059343	10.110314	10.161545	10.213024	10.264737	10.31667	10.368812	10.421148	10.473666	10.526352	10.579194	10.632179	10.685295	10.738528	10.791866	10.845297	10.898808	10.952386	11.006021	11.0597	11.11341	11.167141	11.22088	11.274616	11.328337	11.382031	11.435689	11.489298	11.542847	11.596325	11.649723	11.703028	11.75623	11.80932	11.862285	11.915117	11.967804	12.020337	12.072706	12.1249	12.17691	12.228726	12.280338	12.331737	12.382912	12.433854	12.484554	12.535002	12.585189	12.635104	12.684739	12.734084	12.78313	12.831867	12.880285	12.928376	12.976129	13.023535	13.070584	13.117266	13.163573	13.209493	13.255018	13.300137	13.344839	13.389115	13.432955	13.476348	13.519283	13.561751	13.603739	13.645238	13.686235	13.726721	13.766684	13.806111	13.844992	13.883315	13.921068	13.958239	13.994815	14.030784	14.066133	14.100851	14.134923	14.168337	14.20108	14.233139	14.2645	14.295149	14.325073	14.354258	14.38269	14.410355	14.43724	14.463329	14.488609	14.513065	14.536684	14.55945	14.58135	14.602369	14.622493	14.641707	14.659997	14.677349	14.693749	14.709183	14.723637	14.737097	14.74955	14.760983	14.771382	14.780734	14.789026	14.796247	14.802384	14.807425	14.811359	14.814174	14.81586	14.816407	14.815805	14.814043	14.811114	14.807008	14.801718	14.795236	14.787555	14.778669	14.768572	14.757259	14.744726	14.730968	14.715982	14.699765	14.682317	14.663635	14.643719	14.62257	14.600188	14.576575	14.551734	14.525667	14.49838	14.469877	14.440163	14.409246	14.377131	14.343827	14.309344	14.273689	14.236875	14.198911	14.159811	14.119586	14.07825	14.035818	13.992304	13.947724	13.902094	13.855433	13.807757	13.759085	13.709436	13.658832	13.607291	13.554835	13.501487	13.447268	13.392201	13.33631	13.27962	13.222154	13.163937	13.104996	13.045356	12.985043	12.924084	12.862507	12.800338	12.737606	12.674339	12.610564	12.546311	12.481608	12.416484	12.350969	12.285091	12.21888	12.152366	12.085578	12.018545	11.951297	11.883864	11.816275	11.74856	11.680748	11.612869	11.54495	11.477023	11.409114	11.341254	11.27347	11.205791	11.138245	11.070859	11.00366	10.936677	10.869935	10.803462	10.737282	10.671423	10.605909	10.540766	10.476017	10.411688	10.347802	10.284383	10.221452	10.159033	10.097149	10.035819	9.9750656	9.9149093	9.85537	9.7964675	9.7382208	9.6806487	9.6237692	9.5676001	9.5121585	9.4574611	9.4035241	9.3503632	9.2979935	9.2464298	9.1956862	9.1457766	9.0967139	9.0485112	9.0011805	8.9547337	8.909182	8.8645364	8.8208071	8.7780042	8.736137	8.6952146	8.6552456	8.6162381	8.5781998	8.541138	8.5050596	8.469971	8.4358784	8.4027872	8.370703	8.3396304	8.3095741	8.2805381	8.2525263	8.2255421	8.1995886	8.1746685	8.1507842	8.1279377	8.1061309	8.0853651	8.0656416	8.046961	8.0293239	8.0127306	7.997181	7.9826747	7.9692112	7.9567895	7.9454086	7.9350669	7.9257629	7.9174945	7.9102597	7.904056	7.8988808	7.8947312	7.8916041	7.889496	7.8884035	7.8883227	7.8892497	7.8911801	7.8941096	7.8980334	7.9029466	7.9088443	7.9157211	7.9235714	7.9323897	7.9421699	7.952906	7.9645917	7.9772205	7.9907857	8.0052803	8.0206974	8.0370296	8.0542694	8.0724093	8.0914413	8.1113575	8.1321496	8.1538091	8.1763277	8.1996963	8.2239062	8.2489482	8.2748129	8.301491	8.3289728	8.3572483	8.3863077	8.4161409	8.4467373	8.4780867	8.5101783	8.5430014	8.576545	8.6107979	8.645749	8.6813868	8.7176999	8.7546764	8.7923047	8.8305728	8.8694687	8.9089801	8.9490948	8.9898003	9.0310843	9.0729339	9.1153366	9.1582795	9.2017498	9.2457345	9.2902205	9.3351948	9.3806441	9.4265553	9.472915	9.51971	9.5669268
15.0	9.4269618	9.4759953	9.5254248	9.5752369	9.6254181	9.6759547	9.7268332	9.77804	9.8295616	9.8813844	9.9334947	9.9858791	10.038524	10.091416	10.144542	10.197888	10.25144	10.305186	10.359113	10.413206	10.467454	10.521842	10.576358	10.630989	10.685722	10.740544	10.795443	10.850405	10.90542	10.960473	11.015553	11.070648	11.125745	11.180832	11.235898	11.29093	11.345918	11.400848	11.45571	11.510493	11.565184	11.619773	11.674248	11.728599	11.782814	11.836882	11.890793	11.944535	11.998099	12.051474	12.104648	12.157611	12.210354	12.262864	12.315133	12.36715	12.418904	12.470386	12.521584	12.572489	12.62309	12.673377	12.723339	12.772968	12.822251	12.871179	12.919742	12.967928	13.015728	13.06313	13.110125	13.156702	13.202849	13.248556	13.293812	13.338605	13.382926	13.426761	13.470101	13.512934	13.555247	13.59703	13.63827	13.678955	13.719073	13.758612	13.79756	13.835904	13.873631	13.910728	13.947183	13.982982	14.018112	14.052561	14.086313	14.119356	14.151676	14.18326	14.214092	14.24416	14.273449	14.301944	14.329633	14.356499	14.38253	14.40771	14.432025	14.455461	14.478003	14.499637	14.520348	14.540122	14.558945	14.576803	14.593681	14.609566	14.624444	14.6383	14.651122	14.662897	14.673611	14.683251	14.691804	14.69926	14.705605	14.710827	14.714916	14.717861	14.71965	14.720275	14.719724	14.717989	14.715062	14.710932	14.705594	14.69904	14.691262	14.682255	14.672014	14.660532	14.647807	14.633835	14.618612	14.602136	14.584406	14.565421	14.54518	14.523684	14.500935	14.476934	14.451684	14.42519	14.397454	14.368483	14.338283	14.306859	14.27422	14.240374	14.20533	14.169098	14.131688	14.093113	14.053384	14.012514	13.970517	13.927409	13.883203	13.837917	13.791566	13.74417	13.695745	13.64631	13.595886	13.544493	13.492151	13.438883	13.384709	13.329654	13.273739	13.21699	13.159431	13.101086	13.041981	12.982142	12.921594	12.860366	12.798483	12.735973	12.672864	12.609185	12.544963	12.480227	12.415006	12.34933	12.283227	12.216726	12.149859	12.082653	12.015139	11.947347	11.879307	11.811048	11.742601	11.673994	11.605259	11.536424	11.46752	11.398575	11.329619	11.26068	11.191789	11.122973	11.054262	10.985682	10.917263	10.849031	10.781015	10.713241	10.645736	10.578526	10.511637	10.445094	10.378924	10.313151	10.247798	10.18289	10.118451	10.054504	9.9910707	9.9281737	9.8658348	9.804075	9.7429152	9.6823755	9.6224758	9.5632352	9.5046725	9.446806	9.3896534	9.333232	9.2775586	9.2226494	9.1685201	9.1151861	9.062662	9.0109621	8.9601003	8.9100897	8.8609432	8.812673	8.765291	8.7188086	8.6732365	8.6285853	8.5848649	8.5420847	8.5002538	8.4593809	8.4194741	8.3805411	8.3425894	8.3056257	8.2696565	8.2346881	8.200726	8.1677756	8.1358419	8.1049293	8.0750422	8.0461842	8.018359	7.9915696	7.9658188	7.9411092	7.9174428	7.8948216	7.873247	7.8527202	7.8332422	7.8148136	7.7974348	7.7811058	7.7658263	7.751596	7.7384141	7.7262796	7.7151912	7.7051474	7.6961465	7.6881866	7.6812653	7.6753803	7.6705289	7.6667081	7.6639149	7.662146	7.6613976	7.6616662	7.6629477	7.665238	7.6685326	7.672827	7.6781163	7.6843957	7.6916599	7.6999035	7.709121	7.7193065	7.7304542	7.7425579	7.7556112	7.7696076	7.7845404	7.8004027	7.8171874	7.8348873	7.8534948	7.8730024	7.8934021	7.9146861	7.9368461	7.9598737	7.9837604	8.0084976	8.0340762	8.0604872	8.0877213	8.1157692	8.1446212	8.1742676	8.2046984	8.2359035	8.2678728	8.3005956	8.3340615	8.3682598	8.4031795	8.4388095	8.4751387	8.5121557	8.5498491	8.5882072	8.6272182	8.6668703	8.7071515	8.7480495	8.7895522	8.8316471	8.8743217	8.9175635	8.9613598	9.0056977	9.0505644	9.0959469	9.1418322	9.1882071	9.2350584	9.2823729	9.3301372	9.378338
16.0	9.2312721	9.2812168	9.3315714	9.3823223	9.4334559	9.4849587	9.5368168	9.5890167	9.6415446	9.6943869	9.7475299	9.8009598	9.8546629	9.9086257	9.9628343	10.017275	10.071935	10.126799	10.181856	10.23709	10.292489	10.348039	10.403726	10.459539	10.515462	10.571484	10.627591	10.68377	10.740009	10.796293	10.852611	10.90895	10.965296	11.021639	11.077964	11.134261	11.190515	11.246716	11.302851	11.358908	11.414876	11.470741	11.526493	11.582119	11.637609	11.692949	11.74813	11.803139	11.857965	11.912597	11.967023	12.021233	12.075214	12.128956	12.182448	12.235678	12.288636	12.34131	12.39369	12.445764	12.497521	12.54895	12.600041	12.650781	12.701161	12.751168	12.800792	12.850022	12.898845	12.947252	12.99523	13.042768	13.089854	13.136477	13.182625	13.228287	13.27345	13.318102	13.362232	13.405827	13.448875	13.491363	13.533279	13.574611	13.615344	13.655468	13.694968	13.733832	13.772045	13.809596	13.84647	13.882653	13.918133	13.952895	13.986925	14.020209	14.052734	14.084484	14.115446	14.145606	14.174948	14.203459	14.231123	14.257927	14.283856	14.308895	14.33303	14.356246	14.378529	14.399864	14.420236	14.439633	14.458038	14.475439	14.491821	14.507171	14.521474	14.534718	14.546889	14.557974	14.56796	14.576835	14.584587	14.591203	14.596673	14.600985	14.604128	14.606092	14.606866	14.606442	14.60481	14.601962	14.597889	14.592583	14.586039	14.578248	14.569206	14.558908	14.547347	14.534521	14.520426	14.505059	14.488418	14.470502	14.45131	14.430843	14.4091	14.386084	14.361798	14.336243	14.309424	14.281346	14.252014	14.221434	14.189613	14.156559	14.122281	14.086788	14.05009	14.012199	13.973125	13.932882	13.891483	13.848942	13.805274	13.760494	13.71462	13.667667	13.619654	13.5706	13.520523	13.469444	13.417383	13.364361	13.310401	13.255524	13.199754	13.143114	13.085629	13.027324	12.968222	12.908351	12.847736	12.786405	12.724383	12.661698	12.598378	12.534452	12.469947	12.404892	12.339317	12.27325	12.20672	12.139758	12.072393	12.004655	11.936574	11.86818	11.799503	11.730573	11.66142	11.592075	11.522568	11.452927	11.383185	11.31337	11.243511	11.173639	11.103783	11.033972	10.964235	10.8946	10.825096	10.755751	10.686594	10.61765	10.548949	10.480516	10.412378	10.344561	10.277092	10.209994	10.143294	10.077016	10.011183	9.9458206	9.8809504	9.8165957	9.7527787	9.6895213	9.6268447	9.5647697	9.5033167	9.4425056	9.3823556	9.3228857	9.2641141	9.2060587	9.1487368	9.0921653	9.0363604	8.981338	8.9271134	8.8737014	8.8211162	8.7693717	8.7184812	8.6684574	8.6193129	8.5710593	8.5237081	8.4772702	8.431756	8.3871754	8.343538	8.300853	8.2591288	8.2183737	8.1785954	8.1398013	8.1019984	8.065193	8.0293915	7.9945994	7.9608221	7.9280646	7.8963315	7.865627	7.835955	7.807319	7.7797222	7.7531674	7.7276572	7.7031939	7.6797792	7.6574148	7.636102	7.6158418	7.5966349	7.5784818	7.5613826	7.5453373	7.5303454	7.5164065	7.5035195	7.4916834	7.480897	7.4711585	7.4624661	7.454818	7.4482117	7.4426448	7.4381146	7.4346183	7.4321527	7.4307144	7.4303	7.4309058	7.4325278	7.435162	7.4388039	7.4434492	7.4490931	7.4557308	7.4633571	7.4719669	7.4815547	7.492115	7.5036418	7.5161292	7.529571	7.543961	7.5592925	7.5755589	7.5927532	7.6108685	7.6298975	7.6498326	7.6706665	7.6923912	7.7149988	7.7384812	7.76283	7.7880368	7.814093	7.8409896	7.8687178	7.8972682	7.9266316	7.9567984	7.987759	8.0195034	8.0520217	8.0853037	8.119339	8.1541171	8.1896273	8.2258588	8.2628007	8.3004417	8.3387707	8.3777761	8.4174465	8.4577701	8.498735	8.5403293	8.5825409	8.6253576	8.668767	8.7127566	8.7573139	8.8024261	8.8480806	8.8942644	8.9409646	8.988168	9.0358616	9.0840322	9.1326663	9.1817508
17.0	9.0280153	9.0787677	9.129943	9.1815277	9.233508	9.2858704	9.3386012	9.3916864	9.4451125	9.4988655	9.5529317	9.6072972	9.6619482	9.7168707	9.7720511	9.8274754	9.8831298	9.9390005	9.9950737	10.051336	10.107773	10.164371	10.221117	10.277997	10.334997	10.392104	10.449305	10.506586	10.563934	10.621335	10.678776	10.736244	10.793726	10.851209	10.90868	10.966126	11.023534	11.080891	11.138186	11.195404	11.252534	11.309563	11.366479	11.423269	11.479921	11.536423	11.592762	11.648927	11.704905	11.760685	11.816254	11.8716	11.926712	11.981578	12.036186	12.090523	12.144579	12.198341	12.251798	12.304937	12.357747	12.410217	12.462334	12.514087	12.565463	12.616451	12.667039	12.717215	12.766967	12.816282	12.865149	12.913556	12.96149	13.008939	13.05589	13.102331	13.148249	13.193632	13.238467	13.282741	13.326441	13.369555	13.412068	13.453967	13.49524	13.535872	13.575851	13.615162	13.653792	13.691726	13.728952	13.765454	13.801218	13.836231	13.870478	13.903944	13.936615	13.968477	13.999515	14.029714	14.059059	14.087537	14.115132	14.141829	14.167614	14.192472	14.216388	14.239348	14.261338	14.282342	14.302347	14.321338	14.339301	14.356222	14.372087	14.386883	14.400596	14.413214	14.424722	14.435109	14.444361	14.452468	14.459417	14.465196	14.469794	14.473202	14.475408	14.476402	14.476176	14.47472	14.472026	14.468086	14.462892	14.456438	14.448717	14.439724	14.429453	14.4179	14.405061	14.390933	14.375514	14.358801	14.340794	14.321492	14.300895	14.279004	14.255822	14.231351	14.205593	14.178554	14.150238	14.120651	14.089799	14.05769	14.024331	13.989732	13.953901	13.91685	13.87859	13.839133	13.798492	13.756679	13.71371	13.6696	13.624365	13.578021	13.530586	13.482077	13.432514	13.381916	13.330304	13.277697	13.224118	13.169589	13.114133	13.057772	13.000531	12.942434	12.883507	12.823774	12.763261	12.701996	12.640004	12.577314	12.513952	12.449948	12.385328	12.320122	12.254359	12.188068	12.121279	12.05402	11.986323	11.918216	11.84973	11.780896	11.711743	11.642302	11.572603	11.502677	11.432554	11.362264	11.291838	11.221306	11.150697	11.080042	11.00937	10.938711	10.868094	10.797549	10.727104	10.656788	10.586629	10.516655	10.446894	10.377373	10.30812	10.239161	10.170522	10.102229	10.034308	9.9667838	9.899681	9.8330238	9.7668361	9.7011411	9.6359617	9.5713203	9.5072387	9.4437384	9.3808403	9.3185647	9.2569317	9.1959607	9.1356704	9.0760795	9.0172056	8.9590663	8.9016784	8.8450582	8.7892216	8.734184	8.6799602	8.6265644	8.5740106	8.5223121	8.4714817	8.4215317	8.3724741	8.3243201	8.2770808	8.2307666	8.1853873	8.1409527	8.0974717	8.0549529	8.0134047	7.9728346	7.9332501	7.8946582	7.8570652	7.8204774	7.7849005	7.7503399	7.7168005	7.6842869	7.6528033	7.6223538	7.5929418	7.5645705	7.5372429	7.5109615	7.4857286	7.4615461	7.4384156	7.4163386	7.3953161	7.3753489	7.3564376	7.3385823	7.3217832	7.3060399	7.2913519	7.2777186	7.2651389	7.2536117	7.2431354	7.2337086	7.2253292	7.2179952	7.2117043	7.206454	7.2022417	7.1990644	7.196919	7.1958023	7.1957107	7.1966406	7.1985882	7.2015494	7.20552	7.2104956	7.2164716	7.2234433	7.2314058	7.2403539	7.2502824	7.2611858	7.2730584	7.2858946	7.2996882	7.3144331	7.3301231	7.3467516	7.3643119	7.3827972	7.4022006	7.4225147	7.4437322	7.4658457	7.4888473	7.5127292	7.5374834	7.5631016	7.5895754	7.6168963	7.6450554	7.674044	7.7038528	7.7344726	7.7658941	7.7981075	7.8311032	7.8648711	7.8994013	7.9346834	7.970707	8.0074615	8.0449362	8.0831202	8.1220024	8.1615716	8.2018165	8.2427255	8.2842871	8.3264894	8.3693205	8.4127684	8.4568208	8.5014656	8.5466901	8.592482	8.6388285	8.6857169	8.7331343	8.7810678	8.8295042	8.8784304	8.9278332	8.9776993
18.0	8.8177411	8.8691962	8.9210864	8.9733983	9.0261181	9.0792321	9.1327267	9.1865881	9.2408023	9.2953555	9.3502337	9.4054232	9.4609097	9.5166795	9.5727184	9.6290124	9.6855476	9.7423099	9.7992854	9.8564599	9.9138195	9.9713503	10.029038	10.08687	10.14483	10.202907	10.261084	10.31935	10.37769	10.436091	10.494538	10.553019	10.61152	10.670026	10.728526	10.787004	10.845449	10.903847	10.962184	11.020448	11.078625	11.136702	11.194666	11.252505	11.310205	11.367753	11.425138	11.482345	11.539362	11.596177	11.652777	11.709149	11.765281	11.821161	11.876774	11.93211	11.987155	12.041898	12.096325	12.150424	12.204182	12.257587	12.310627	12.363289	12.41556	12.467428	12.51888	12.569903	12.620485	12.670613	12.720273	12.769454	12.818142	12.866323	12.913986	12.961116	13.007701	13.053728	13.099181	13.14405	13.188318	13.231974	13.275003	13.317391	13.359125	13.40019	13.440573	13.480258	13.519232	13.557481	13.594989	13.631743	13.667727	13.702928	13.73733	13.770919	13.803679	13.835597	13.866657	13.896843	13.926143	13.954539	13.982018	14.008565	14.034164	14.058802	14.082462	14.105132	14.126795	14.147438	14.167047	14.185607	14.203104	14.219524	14.234854	14.24908	14.26219	14.274169	14.285007	14.294689	14.303204	14.310541	14.316688	14.321634	14.325368	14.32788	14.329161	14.329201	14.327992	14.325524	14.321791	14.316784	14.310498	14.302926	14.294062	14.283902	14.272441	14.259676	14.245604	14.230221	14.213528	14.195522	14.176203	14.155573	14.133632	14.110382	14.085826	14.059967	14.032811	14.004361	13.974624	13.943607	13.911317	13.877762	13.842951	13.806895	13.769603	13.731088	13.691362	13.650437	13.608327	13.565048	13.520614	13.475042	13.428348	13.38055	13.331666	13.281716	13.23072	13.178696	13.125668	13.071655	13.016682	12.96077	12.903944	12.846227	12.787644	12.72822	12.667982	12.606954	12.545164	12.48264	12.419408	12.355496	12.290932	12.225746	12.159966	12.093621	12.026741	11.959355	11.891493	11.823186	11.754463	11.685354	11.615891	11.546104	11.476023	11.405679	11.335102	11.264324	11.193373	11.122282	11.051081	10.979798	10.908466	10.837113	10.765769	10.694464	10.623227	10.552087	10.481073	10.410214	10.339537	10.269071	10.198842	10.128879	10.059208	9.9898552	9.9208468	9.8522085	9.7839655	9.7161425	9.6487639	9.5818535	9.5154348	9.4495307	9.3841636	9.3193555	9.2551279	9.1915019	9.1284979	9.0661358	9.0044352	8.9434149	8.8830936	8.8234891	8.7646187	8.7064995	8.6491479	8.5925796	8.53681	8.4818541	8.4277261	8.3744399	8.3220089	8.2704458	8.219763	8.1699725	8.1210855	8.073113	8.0260654	7.9799527	7.9347845	7.8905696	7.8473169	7.8050345	7.7637301	7.723411	7.6840842	7.6457563	7.6084332	7.5721208	7.5368244	7.5025489	7.4692991	7.437079	7.4058927	7.3757438	7.3466353	7.3185703	7.2915514	7.2655808	7.2406605	7.2167922	7.1939774	7.1722171	7.1515121	7.1318632	7.1132707	7.0957345	7.0792546	7.0638306	7.0494618	7.0361473	7.0238862	7.012677	7.0025183	6.9934084	6.9853453	6.9783269	6.972351	6.9674149	6.963516	6.9606514	6.958818	6.9580127	6.9582319	6.9594721	6.9617294	6.9650001	6.9692798	6.9745645	6.9808495	6.9881303	6.9964021	7.0056599	7.0158986	7.027113	7.0392975	7.0524467	7.0665546	7.0816154	7.0976229	7.1145708	7.1324528	7.1512622	7.1709922	7.1916359	7.2131862	7.2356358	7.2589772	7.2832029	7.308305	7.3342756	7.3611065	7.3887895	7.4173161	7.4466776	7.4768652	7.50787	7.5396828	7.5722943	7.6056949	7.639875	7.6748248	7.7105343	7.7469934	7.7841916	7.8221186	7.8607636	7.9001159	7.9401645	7.9808982	8.0223059	8.064376	8.107097	8.1504572	8.1944448	8.2390476	8.2842537	8.3300508	8.3764264	8.4233681	8.4708632	8.5188989	8.5674626	8.616541	8.6661213	8.7161903	8.7667347
19.0	8.6010144	8.6530661	8.7055644	8.7584957	8.8118465	8.8656031	8.9197516	8.9742784	9.0291695	9.084411	9.1399888	9.1958891	9.2520976	9.3086003	9.3653831	9.4224317	9.4797321	9.53727	9.5950313	9.6530016	9.7111668	9.7695127	9.8280251	9.8866897	9.9454925	10.004419	10.063456	10.122588	10.181801	10.241083	10.300417	10.359792	10.419191	10.478602	10.538011	10.597404	10.656767	10.716086	10.775348	10.834538	10.893644	10.952652	11.011547	11.070317	11.128948	11.187427	11.24574	11.303874	11.361816	11.419552	11.477068	11.534353	11.591391	11.648171	11.704679	11.760902	11.816827	11.87244	11.927728	11.982678	12.037277	12.091512	12.145369	12.198835	12.251897	12.304542	12.356756	12.408525	12.459837	12.510678	12.561035	12.610893	12.660239	12.70906	12.757341	12.805069	12.85223	12.898811	12.944796	12.990172	13.034925	13.07904	13.122503	13.1653	13.207416	13.248836	13.289547	13.329532	13.368779	13.407271	13.444994	13.481932	13.518072	13.553397	13.587893	13.621545	13.654338	13.686256	13.717284	13.747407	13.776611	13.804879	13.832197	13.858551	13.883924	13.908303	13.931672	13.954017	13.975323	13.995576	14.014762	14.032866	14.049875	14.065775	14.080553	14.094196	14.10669	14.118023	14.128182	14.137156	14.144933	14.151501	14.15685	14.16097	14.163849	14.165478	14.165849	14.164952	14.16278	14.159324	14.154577	14.148533	14.141186	14.13253	14.122561	14.111274	14.098666	14.084734	14.069476	14.05289	14.034976	14.015733	13.995163	13.973266	13.950045	13.925503	13.899643	13.872471	13.84399	13.814208	13.78313	13.750766	13.717123	13.68221	13.646038	13.608617	13.569959	13.530077	13.488983	13.446693	13.403219	13.358579	13.312788	13.265864	13.217824	13.168687	13.118471	13.067198	13.014887	12.96156	12.907239	12.851945	12.795704	12.738537	12.68047	12.621528	12.561735	12.501117	12.439702	12.377516	12.314586	12.25094	12.186605	12.121612	12.055987	11.98976	11.922961	11.85562	11.787765	11.719427	11.650637	11.581425	11.511821	11.441856	11.37156	11.300965	11.2301	11.158998	11.087688	11.016202	10.944569	10.872821	10.800987	10.729099	10.657186	10.585277	10.513404	10.441594	10.369877	10.298283	10.22684	10.155576	10.084519	10.013696	9.9431361	9.872865	9.8029094	9.7332956	9.6640491	9.5951955	9.5267594	9.4587653	9.3912372	9.3241986	9.2576724	9.1916813	9.1262472	9.0613918	8.997136	8.9335004	8.870505	8.8081693	8.7465124	8.6855528	8.6253083	8.5657965	8.5070342	8.4490379	8.3918234	8.3354062	8.2798011	8.2250224	8.1710839	8.1179991	8.0657807	8.0144411	7.9639922	7.9144452	7.8658111	7.8181004	7.7713229	7.7254881	7.6806052	7.6366826	7.5937286	7.5517508	7.5107567	7.470753	7.4317464	7.3937427	7.3567479	7.3207672	7.2858056	7.2518676	7.2189576	7.1870793	7.1562365	7.1264322	7.0976695	7.0699509	7.0432787	7.0176549	6.9930814	6.9695593	6.9470901	6.9256745	6.9053132	6.8860065	6.8677548	6.8505577	6.8344151	6.8193264	6.8052909	6.7923074	6.780375	6.7694921	6.7596572	6.7508686	6.7431242	6.7364219	6.7307593	6.7261341	6.7225433	6.7199843	6.7184539	6.717949	6.7184662	6.720002	6.7225527	6.7261144	6.7306831	6.7362547	6.7428249	6.7503891	6.7589428	6.7684811	6.7789991	6.7904917	6.8029537	6.8163796	6.8307638	6.8461007	6.8623844	6.8796087	6.8977676	6.9168545	6.9368631	6.9577867	6.9796183	7.002351	7.0259776	7.0504908	7.075883	7.1021466	7.1292737	7.1572563	7.1860863	7.2157553	7.2462548	7.277576	7.3097102	7.3426482	7.3763809	7.410899	7.4461928	7.4822527	7.5190688	7.556631	7.5949291	7.6339528	7.6736914	7.7141344	7.7552708	7.7970896	7.8395796	7.8827294	7.9265277	7.9709627	8.0160227	8.0616957	8.1079696	8.1548324	8.2022715	8.2502746	8.2988291	8.3479222	8.3975411	8.4476729	8.4983045	8.5494228
20.0	8.3784133	8.4309549	8.4839535	8.537396	8.5912685	8.6455576	8.7002494	8.7553302	8.810786	8.8666029	8.9227669	8.9792638	9.0360796	9.0932001	9.1506109	9.2082979	9.2662467	9.324443	9.3828724	9.4415205	9.5003728	9.5594151	9.6186327	9.6780114	9.7375366	9.7971939	9.8569688	9.916847	9.9768139	10.036855	10.096957	10.157104	10.217282	10.277477	10.337675	10.397861	10.458022	10.518142	10.578208	10.638205	10.69812	10.757939	10.817646	10.877229	10.936672	10.995963	11.055087	11.11403	11.172779	11.231319	11.289636	11.347717	11.405548	11.463115	11.520403	11.5774	11.634092	11.690464	11.746503	11.802194	11.857525	11.91248	11.967047	12.021212	12.074959	12.128276	12.181149	12.233562	12.285503	12.336957	12.38791	12.438348	12.488256	12.537621	12.586427	12.63466	12.682306	12.72935	12.775778	12.821575	12.866726	12.911216	12.955031	12.998155	13.040574	13.082273	13.123236	13.163448	13.202894	13.241559	13.279427	13.316484	13.352714	13.388101	13.42263	13.456286	13.489053	13.520916	13.55186	13.581869	13.610929	13.639023	13.666136	13.692255	13.717363	13.741445	13.764488	13.786476	13.807395	13.827231	13.845969	13.863595	13.880096	13.895459	13.90967	13.922717	13.934585	13.945265	13.954742	13.963006	13.970046	13.97585	13.980408	13.98371	13.985747	13.986509	13.985987	13.984174	13.981062	13.976643	13.970913	13.963863	13.95549	13.945788	13.934753	13.922383	13.908674	13.893624	13.877232	13.859497	13.84042	13.820001	13.798241	13.775144	13.750711	13.724947	13.697857	13.669446	13.63972	13.608687	13.576353	13.542728	13.507821	13.471641	13.434202	13.395513	13.355587	13.314439	13.272081	13.22853	13.1838	13.137909	13.090873	13.04271	12.993439	12.94308	12.891652	12.839176	12.785674	12.731168	12.675679	12.619233	12.561852	12.503562	12.444386	12.384351	12.323483	12.261808	12.199353	12.136146	12.072214	12.007586	11.94229	11.876356	11.809812	11.742688	11.675013	11.606819	11.538134	11.46899	11.399416	11.329444	11.259105	11.188429	11.117446	11.046189	10.974687	10.902972	10.831075	10.759026	10.686856	10.614595	10.542274	10.469923	10.397572	10.325251	10.252989	10.180816	10.108761	10.036852	9.9651183	9.8935873	9.8222871	9.7512451	9.6804882	9.6100432	9.5399361	9.4701929	9.400839	9.3318991	9.263398	9.1953595	9.1278072	9.0607642	8.9942531	8.928296	8.8629144	8.7981295	8.7339619	8.6704315	8.607558	8.5453603	8.483857	8.423066	8.3630048	8.3036904	8.2451391	8.1873669	8.130389	8.0742204	8.0188753	7.9643677	7.9107108	7.8579174	7.8059999	7.75497	7.7048392	7.6556183	7.6073176	7.5599471	7.5135163	7.4680341	7.423509	7.3799494	7.3373627	7.2957563	7.2551371	7.2155115	7.1768856	7.139265	7.102655	7.0670606	7.0324864	6.9989366	6.9664149	6.9349251	6.9044702	6.8750533	6.8466769	6.8193432	6.7930544	6.7678121	6.7436178	6.7204726	6.6983776	6.6773333	6.6573403	6.6383987	6.6205084	6.6036693	6.5878808	6.5731423	6.5594529	6.5468114	6.5352167	6.5246673	6.5151615	6.5066974	6.4992731	6.4928864	6.4875349	6.4832161	6.4799274	6.477666	6.4764287	6.4762126	6.4770142	6.4788303	6.481657	6.4854908	6.4903277	6.4961637	6.5029946	6.5108161	6.5196237	6.5294128	6.5401787	6.5519164	6.5646208	6.5782868	6.592909	6.608482	6.625	6.6424573	6.6608479	6.6801657	6.7004045	6.7215579	6.7436192	6.7665818	6.7904387	6.8151829	6.8408072	6.8673042	6.8946664	6.922886	6.9519553	6.981866	7.0126101	7.0441791	7.0765645	7.1097576	7.1437494	7.1785309	7.2140929	7.2504259	7.2875204	7.3253667	7.3639547	7.4032744	7.4433155	7.4840676	7.5255202	7.5676624	7.6104833	7.6539718	7.6981168	7.7429067	7.7883301	7.8343751	7.8810301	7.9282829	7.9761214	8.0245334	8.0735064	8.1230278	8.1730849	8.2236651	8.2747552	8.3263424
21.0	8.1505269	8.2034512	8.2568424	8.3106871	8.3649718	8.419683	8.4748069	8.5303297	8.5862376	8.6425166	8.6991527	8.7561317	8.8134395	8.8710618	8.9289843	8.9871927	9.0456724	9.104409	9.1633881	9.2225951	9.2820153	9.3416342	9.4014372	9.4614095	9.5215366	9.5818036	9.6421959	9.7026988	9.7632976	9.8239775	9.8847239	9.945522	10.006357	10.067214	10.128079	10.188937	10.249774	10.310573	10.371322	10.432005	10.492608	10.553116	10.613515	10.67379	10.733926	10.793909	10.853725	10.913359	10.972796	11.032022	11.091023	11.149784	11.20829	11.266528	11.324482	11.382139	11.439484	11.496502	11.55318	11.609501	11.665453	11.72102	11.776189	11.830943	11.88527	11.939154	11.99258	12.045534	12.098002	12.149968	12.201418	12.252336	12.302709	12.352521	12.401756	12.450401	12.49844	12.545858	12.59264	12.63877	12.684233	12.729014	12.773097	12.816468	12.859111	12.901009	12.942148	12.982513	13.022086	13.060854	13.098799	13.135907	13.172162	13.207548	13.24205	13.275651	13.308337	13.340092	13.370899	13.400744	13.429612	13.457486	13.484353	13.510195	13.535	13.558751	13.581434	13.603034	13.623537	13.64293	13.661197	13.678325	13.6943	13.70911	13.722742	13.735182	13.746418	13.756439	13.765233	13.772788	13.779094	13.78414	13.787917	13.790414	13.791623	13.791534	13.790141	13.787435	13.78341	13.778059	13.771376	13.763355	13.753994	13.743287	13.731231	13.717823	13.703062	13.686946	13.669475	13.650649	13.630469	13.608936	13.586054	13.561824	13.536252	13.509341	13.481097	13.451527	13.420638	13.388438	13.354935	13.320139	13.28406	13.246709	13.208098	13.16824	13.127149	13.084838	13.041323	12.996619	12.950743	12.903713	12.855546	12.806261	12.755878	12.704417	12.651898	12.598344	12.543776	12.488217	12.43169	12.374221	12.315832	12.25655	12.1964	12.135408	12.073601	12.011005	11.947649	11.883561	11.818768	11.7533	11.687184	11.620452	11.553132	11.485255	11.41685	11.347947	11.278578	11.208773	11.138562	11.067977	10.997048	10.925807	10.854284	10.78251	10.710517	10.638336	10.565996	10.49353	10.420967	10.348339	10.275674	10.203004	10.130359	10.057767	9.9852591	9.9128634	9.8406092	9.7685248	9.6966384	9.624978	9.5535708	9.4824442	9.4116247	9.3411386	9.2710118	9.2012698	9.1319375	9.0630395	8.9945998	8.9266421	8.8591895	8.7922645	8.7258893	8.6600856	8.5948743	8.5302763	8.4663114	8.4029993	8.340359	8.278409	8.2171673	8.1566513	8.096878	8.0378638	7.9796245	7.9221755	7.8655315	7.8097071	7.7547158	7.7005711	7.6472856	7.5948718	7.5433413	7.4927054	7.4429751	7.3941605	7.3462717	7.299318	7.2533083	7.2082512	7.1641548	7.1210266	7.078874	7.0377036	6.9975221	6.9583352	6.9201488	6.882968	6.8467977	6.8116424	6.7775064	6.7443934	6.712307	6.6812504	6.6512265	6.6222377	6.5942865	6.5673748	6.5415042	6.5166764	6.4928924	6.4701532	6.4484596	6.4278118	6.4082103	6.389655	6.3721456	6.3556819	6.3402631	6.3258884	6.3125569	6.3002673	6.2890183	6.2788083	6.2696357	6.2614985	6.2543947	6.2483222	6.2432785	6.2392612	6.2362676	6.2342949	6.2333402	6.2334004	6.2344723	6.2365525	6.2396376	6.2437239	6.2488076	6.2548849	6.2619517	6.2700039	6.2790371	6.2890469	6.3000288	6.311978	6.3248897	6.3387589	6.3535805	6.3693493	6.3860597	6.4037064	6.4222836	6.4417854	6.4622059	6.483539	6.5057783	6.5289174	6.5529497	6.5778686	6.603667	6.6303378	6.657874	6.686268	6.7155123	6.7455992	6.7765208	6.808269	6.8408356	6.8742122	6.9083902	6.9433609	6.9791153	7.0156443	7.0529388	7.0909891	7.1297858	7.169319	7.2095787	7.2505549	7.2922372	7.3346151	7.377678	7.4214151	7.4658153	7.5108676	7.5565607	7.6028829	7.6498229	7.6973687	7.7455084	7.7942299	7.843521	7.8933694	7.9437625	7.9946876	8.046132	8.0980828
22.0	7.9179529	7.971153	8.0248288	8.0789671	8.1335544	8.1885773	8.244022	8.2998749	8.3561222	8.4127498	8.4697439	8.5270901	8.5847744	8.6427825	8.7010999	8.7597123	8.8186051	8.8777639	8.9371738	8.9968204	9.0566888	9.1167644	9.1770321	9.2374774	9.2980851	9.3588405	9.4197286	9.4807343	9.5418429	9.6030391	9.6643081	9.7256348	9.7870041	9.848401	9.9098105	9.9712176	10.032607	10.093964	10.155273	10.21652	10.277689	10.338765	10.399734	10.460579	10.521287	10.581842	10.642229	10.702434	10.76244	10.822234	10.8818	10.941123	11.000188	11.058981	11.117485	11.175687	11.23357	11.291121	11.348324	11.405164	11.461626	11.517694	11.573354	11.628591	11.683389	11.737733	11.791608	11.844999	11.897891	11.950267	12.002113	12.053413	12.104152	12.154315	12.203885	12.252848	12.301187	12.348887	12.395933	12.442309	12.487998	12.532985	12.577255	12.620791	12.663577	12.705598	12.746838	12.78728	12.826909	12.865709	12.903664	12.940757	12.976973	13.012297	13.046711	13.0802	13.112749	13.144341	13.174962	13.204594	13.233224	13.260835	13.287412	13.31294	13.337403	13.360788	13.38308	13.404263	13.424325	13.443249	13.461024	13.477635	13.493069	13.507312	13.520354	13.53218	13.542779	13.552139	13.560249	13.567099	13.572677	13.576975	13.579981	13.581688	13.582086	13.581169	13.578927	13.575355	13.570445	13.564193	13.556593	13.54764	13.53733	13.525661	13.51263	13.498235	13.482474	13.465348	13.446856	13.426999	13.40578	13.3832	13.359263	13.333973	13.307335	13.279354	13.250037	13.219391	13.187424	13.154144	13.119562	13.083687	13.046531	13.008106	12.968424	12.9275	12.885346	12.84198	12.797415	12.75167	12.704761	12.656707	12.607526	12.557237	12.505862	12.453421	12.399936	12.345429	12.289922	12.23344	12.176005	12.117644	12.058381	11.998242	11.937253	11.87544	11.812832	11.749455	11.685338	11.620509	11.554996	11.48883	11.422038	11.354652	11.2867	11.218214	11.149223	11.079758	11.00985	10.93953	10.868828	10.797775	10.726404	10.654744	10.582827	10.510683	10.438345	10.365842	10.293206	10.220467	10.147656	10.074803	10.001939	9.9290924	9.8562941	9.7835734	9.7109593	9.6384807	9.5661663	9.4940441	9.4221422	9.3504881	9.2791089	9.2080312	9.1372816	9.0668858	8.9968694	8.9272574	8.8580743	8.7893442	8.7210908	8.6533372	8.5861061	8.5194195	8.4532991	8.3877661	8.322841	8.2585439	8.1948944	8.1319114	8.0696136	8.0080188	7.9471445	7.8870075	7.8276244	7.7690108	7.7111822	7.6541534	7.5979385	7.5425514	7.4880053	7.434313	7.3814867	7.3295381	7.2784784	7.2283185	7.1790686	7.1307386	7.0833378	7.036875	6.9913588	6.9467972	6.9031977	6.8605675	6.8189133	6.7782416	6.7385582	6.6998688	6.6621785	6.6254921	6.5898142	6.5551488	6.5214998	6.4888706	6.4572644	6.4266839	6.3971319	6.3686104	6.3411215	6.3146668	6.2892479	6.2648659	6.2415216	6.2192159	6.1979492	6.1777217	6.1585335	6.1403844	6.1232739	6.1072017	6.0921668	6.0781683	6.0652052	6.0532761	6.0423796	6.0325141	6.0236778	6.0158688	6.0090851	6.0033244	5.9985844	5.9948626	5.9921563	5.990463	5.9897795	5.990103	5.9914304	5.9937583	5.9970833	6.001402	6.0067108	6.0130058	6.0202833	6.0285392	6.0377693	6.0479695	6.0591354	6.0712625	6.0843461	6.0983815	6.1133638	6.1292881	6.1461491	6.1639415	6.18266	6.2022991	6.2228529	6.2443156	6.2666814	6.2899439	6.314097	6.3391342	6.3650489	6.3918343	6.4194836	6.4479896	6.4773452	6.5075429	6.5385752	6.5704344	6.6031125	6.6366015	6.6708931	6.7059789	6.7418503	6.7784986	6.8159148	6.8540898	6.8930143	6.9326788	6.9730737	7.0141891	7.056015	7.0985414	7.1417577	7.1856535	7.230218	7.2754404	7.3213097	7.3678147	7.4149439	7.4626858	7.5110287	7.5599608	7.60947	7.6595442	7.710171	7.7613379	7.8130324	7.8652417
23.0	7.6812958	7.7346651	7.7885182	7.8428416	7.8976223	7.9528468	8.0085016	8.0645729	8.1210471	8.1779102	8.2351483	8.2927472	8.3506927	8.4089706	8.4675665	8.5264658	8.585654	8.6451166	8.7048387	8.7648057	8.8250026	8.8854146	8.9460267	9.006824	9.0677912	9.1289135	9.1901755	9.2515621	9.3130581	9.3746482	9.4363172	9.4980498	9.5598305	9.6216442	9.6834753	9.7453086	9.8071286	9.8689199	9.930667	9.9923547	10.053967	10.11549	10.176906	10.238201	10.299359	10.360365	10.421203	10.481858	10.542314	10.602556	10.662568	10.722335	10.781841	10.841071	10.900009	10.95864	11.016948	11.074917	11.132532	11.189778	11.246638	11.303097	11.359139	11.414749	11.469911	11.524609	11.578828	11.632551	11.685762	11.738447	11.790588	11.842171	11.893178	11.943595	11.993405	12.042591	12.091139	12.139031	12.186252	12.232785	12.278614	12.323724	12.368097	12.411717	12.454568	12.496635	12.5379	12.578347	12.61796	12.656723	12.694619	12.731632	12.767747	12.802946	12.837214	12.870535	12.902892	12.93427	12.964653	12.994026	13.022372	13.049677	13.075924	13.1011	13.125188	13.148175	13.170044	13.190784	13.210378	13.228813	13.246076	13.262152	13.27703	13.290697	13.303139	13.314345	13.324304	13.333003	13.340433	13.346583	13.351442	13.355002	13.357253	13.358186	13.357795	13.35607	13.353006	13.348596	13.342834	13.335716	13.327236	13.317391	13.306177	13.293593	13.279635	13.264304	13.247599	13.229519	13.210067	13.189243	13.167051	13.143493	13.118574	13.092298	13.064671	13.0357	13.005392	12.973755	12.940797	12.906528	12.870959	12.834101	12.795965	12.756565	12.715915	12.674028	12.630919	12.586605	12.541103	12.494429	12.446601	12.39764	12.347563	12.296392	12.244148	12.190851	12.136525	12.081191	12.024875	11.967599	11.909389	11.850269	11.790266	11.729405	11.667713	11.605218	11.541947	11.477929	11.413191	11.347762	11.281672	11.21495	11.147626	11.079729	11.01129	10.94234	10.872908	10.803026	10.732725	10.662035	10.590988	10.519614	10.447945	10.376012	10.303846	10.231478	10.158939	10.08626	10.013471	9.9406039	9.8676878	9.7947534	9.7218307	9.6489494	9.5761391	9.5034289	9.4308477	9.3584243	9.2861867	9.214163	9.1423806	9.0708668	8.9996483	8.9287515	8.8582022	8.788026	8.7182479	8.6488925	8.5799839	8.5115458	8.4436011	8.3761727	8.3092826	8.2429525	8.1772034	8.112056	8.0475304	7.9836459	7.9204218	7.8578764	7.7960276	7.734893	7.6744893	7.6148329	7.5559396	7.4978247	7.4405029	7.3839885	7.3282951	7.273436	7.2194239	7.1662709	7.1139887	7.0625885	7.012081	6.9624764	6.9137844	6.8660144	6.8191752	6.7732752	6.7283223	6.684324	6.6412874	6.5992192	6.5581256	6.5180126	6.4788857	6.4407499	6.4036101	6.3674707	6.3323356	6.2982088	6.2650934	6.2329928	6.2019095	6.1718463	6.1428051	6.114788	6.0877967	6.0618325	6.0368966	6.01299	5.9901132	5.9682668	5.947451	5.9276659	5.9089112	5.8911867	5.8744918	5.8588258	5.8441877	5.8305766	5.8179912	5.8064301	5.7958918	5.7863747	5.7778769	5.7703964	5.7639313	5.7584792	5.7540379	5.7506049	5.7481776	5.7467533	5.7463293	5.7469024	5.7484698	5.7510283	5.7545746	5.7591053	5.764617	5.771106	5.7785686	5.787001	5.7963993	5.8067595	5.8180772	5.8303484	5.8435685	5.8577331	5.8728376	5.8888771	5.9058467	5.9237416	5.9425565	5.9622861	5.9829251	6.0044679	6.0269088	6.050242	6.0744615	6.0995612	6.1255348	6.1523759	6.180078	6.2086342	6.2380377	6.2682815	6.2993582	6.3312606	6.3639811	6.3975119	6.4318451	6.4669727	6.5028864	6.5395778	6.5770383	6.6152591	6.6542312	6.6939455	6.7343927	6.7755633	6.8174475	6.8600355	6.9033173	6.9472827	6.9919211	7.0372221	7.0831749	7.1297685	7.1769919	7.2248337	7.2732825	7.3223267	7.3719545	7.4221538	7.4729127	7.5242189	7.5760598	7.6284231
24.0	7.441164	7.494597	7.5485205	7.6029217	7.6577874	7.7131043	7.7688589	7.8250378	7.8816272	7.9386133	7.9959821	8.0537197	8.1118118	8.1702442	8.2290025	8.2880722	8.3474387	8.4070874	8.4670034	8.527172	8.5875782	8.648207	8.7090433	8.7700721	8.831278	8.8926458	8.9541603	9.015806	9.0775675	9.1394293	9.201376	9.2633919	9.3254614	9.3875691	9.4496991	9.5118358	9.5739635	9.6360665	9.6981289	9.760135	9.822069	9.8839151	9.9456574	10.00728	10.068767	10.130103	10.191271	10.252256	10.313042	10.373613	10.433953	10.494046	10.553875	10.613425	10.672681	10.731625	10.790242	10.848515	10.90643	10.963968	11.021115	11.077854	11.134169	11.190044	11.245462	11.300407	11.354863	11.408814	11.462243	11.515134	11.567471	11.619237	11.670415	11.720989	11.770943	11.82026	11.868924	11.916918	11.964225	12.010828	12.056712	12.10186	12.146254	12.189879	12.232717	12.274753	12.315968	12.356348	12.395875	12.434532	12.472303	12.509172	12.545123	12.580138	12.614202	12.647299	12.679411	12.710525	12.740622	12.769689	12.797708	12.824665	12.850545	12.875332	12.899011	12.921568	12.942988	12.963257	12.982361	13.000287	13.01702	13.032548	13.046858	13.059938	13.071775	13.082358	13.091675	13.099716	13.10647	13.111928	13.116079	13.118915	13.120426	13.120606	13.119447	13.116941	13.113083	13.107867	13.101287	13.093339	13.08402	13.073325	13.061253	13.047802	13.032971	13.016759	12.999166	12.980194	12.959844	12.938119	12.915022	12.890558	12.86473	12.837545	12.80901	12.779131	12.747916	12.715374	12.681516	12.64635	12.609889	12.572144	12.533129	12.492856	12.45134	12.408597	12.364641	12.319491	12.273162	12.225674	12.177045	12.127294	12.076442	12.02451	11.97152	11.917492	11.862452	11.806421	11.749424	11.691486	11.632632	11.572888	11.512279	11.450832	11.388575	11.325536	11.261742	11.197221	11.132003	11.066116	10.999591	10.932456	10.864742	10.796478	10.727696	10.658426	10.588698	10.518544	10.447994	10.37708	10.305832	10.234282	10.162461	10.090399	10.018129	9.9456802	9.8730843	9.8003717	9.7275731	9.654719	9.5818394	9.5089644	9.4361237	9.3633469	9.2906632	9.2181014	9.1456901	9.0734577	9.001432	8.9296405	8.8581106	8.7868688	8.7159416	8.6453548	8.575134	8.5053041	8.4358898	8.3669152	8.2984038	8.2303787	8.1628627	8.0958778	8.0294456	7.9635871	7.8983231	7.8336734	7.7696576	7.7062947	7.6436031	7.5816007	7.5203049	7.4597324	7.3998997	7.3408223	7.2825157	7.2249944	7.1682726	7.112364	7.0572817	7.0030384	6.9496461	6.8971164	6.8454605	6.794689	6.7448121	6.6958394	6.64778	6.6006429	6.5544362	6.5091679	6.4648454	6.4214756	6.3790652	6.3376204	6.297147	6.2576504	6.2191356	6.1816074	6.14507	6.1095275	6.0749836	6.0414415	6.0089043	5.9773747	5.9468552	5.9173479	5.8888546	5.8613771	5.8349166	5.8094743	5.785051	5.7616475	5.7392642	5.7179012	5.6975587	5.6782364	5.659934	5.6426511	5.6263868	5.6111404	5.5969108	5.5836968	5.5714971	5.5603104	5.5501349	5.5409689	5.5328107	5.5256582	5.5195093	5.5143619	5.5102135	5.5070619	5.5049044	5.5037384	5.5035612	5.5043699	5.5061616	5.5089332	5.5126816	5.5174035	5.5230957	5.5297546	5.5373767	5.5459584	5.555496	5.5659856	5.5774231	5.5898047	5.6031261	5.6173831	5.6325712	5.648686	5.6657229	5.683677	5.7025436	5.7223177	5.7429942	5.7645678	5.7870331	5.8103847	5.8346169	5.8597238	5.8856997	5.9125383	5.9402334	5.9687787	5.9981676	6.0283933	6.0594491	6.0913278	6.1240223	6.1575253	6.191829	6.2269259	6.262808	6.2994673	6.3368955	6.3750841	6.4140246	6.4537082	6.4941258	6.5352683	6.5771264	6.6196904	6.6629507	6.7068974	6.7515204	6.7968093	6.8427538	6.8893432	6.9365666	6.984413	7.0328713	7.08193	7.1315777	7.1818026	7.2325929	7.2839365	7.3358211	7.3882345
25.0	7.1981682	7.2515602	7.305449	7.3598215	7.414665	7.4699661	7.5257116	7.5818882	7.6384821	7.6954798	7.7528673	7.8106306	7.8687557	7.9272283	7.986034	8.0451585	8.104587	8.164305	8.2242976	8.2845499	8.345047	8.4057737	8.466715	8.5278555	8.58918	8.6506731	8.7123193	8.774103	8.8360087	8.8980206	8.9601232	9.0223006	9.084537	9.1468165	9.2091232	9.2714412	9.3337544	9.3960468	9.4583024	9.5205051	9.5826386	9.6446869	9.7066337	9.7684628	9.830158	9.891703	9.9530814	10.014277	10.075273	10.136054	10.196603	10.256904	10.316939	10.376693	10.43615	10.495292	10.554104	10.612568	10.670668	10.728388	10.78571	10.842619	10.899097	10.955128	11.010696	11.065782	11.120371	11.174447	11.227991	11.280987	11.333419	11.385269	11.43652	11.487157	11.537161	11.586516	11.635204	11.68321	11.730515	11.777103	11.822958	11.868061	11.912395	11.955945	11.998693	12.040622	12.081715	12.121956	12.161326	12.199811	12.237393	12.274055	12.30978	12.344553	12.378357	12.411175	12.442992	12.473791	12.503556	12.532272	12.559923	12.586493	12.611968	12.636332	12.65957	12.681669	12.702613	12.722388	12.740981	12.758379	12.774567	12.789533	12.803265	12.815751	12.826979	12.836937	12.845615	12.853001	12.859087	12.863863	12.867319	12.869446	12.870238	12.869686	12.867784	12.864525	12.859903	12.853914	12.846553	12.837815	12.827699	12.8162	12.803319	12.789052	12.7734	12.756364	12.737943	12.718141	12.696959	12.674401	12.65047	12.625173	12.598513	12.570498	12.541135	12.510432	12.478397	12.445041	12.410373	12.374404	12.337148	12.298615	12.25882	12.217778	12.175503	12.13201	12.087318	12.041442	11.994401	11.946214	11.8969	11.84648	11.794974	11.742403	11.688791	11.634159	11.578532	11.521932	11.464386	11.405917	11.346551	11.286316	11.225236	11.16334	11.100655	11.037209	10.97303	10.908147	10.842589	10.776385	10.709566	10.64216	10.574198	10.505711	10.436729	10.367282	10.297401	10.227118	10.156464	10.085469	10.014164	9.9425808	9.8707502	9.7987032	9.7264707	9.6540835	9.5815723	9.5089677	9.4363	9.3635993	9.2908957	9.2182188	9.1455981	9.0730629	9.0006419	8.9283639	8.8562569	8.7843489	8.7126674	8.6412395	8.570092	8.4992511	8.4287429	8.3585927	8.2888255	8.2194658	8.1505378	8.082065	8.0140704	7.9465768	7.879606	7.8131798	7.7473192	7.6820446	7.617376	7.553333	7.4899344	7.4271987	7.3651436	7.3037864	7.2431441	7.1832326	7.1240679	7.065665	7.0080385	6.9512026	6.8951708	6.8399563	6.7855715	6.7320284	6.6793387	6.6275132	6.5765627	6.5264971	6.4773261	6.4290587	6.3817037	6.3352692	6.289763	6.2451925	6.2015645	6.1588856	6.117162	6.0763992	6.0366027	5.9977774	5.9599278	5.9230584	5.8871729	5.8522749	5.8183677	5.7854543	5.7535373	5.722619	5.6927016	5.6637869	5.6358763	5.6089713	5.5830729	5.5581819	5.5342989	5.5114244	5.4895586	5.4687014	5.4488527	5.4300121	5.4121792	5.3953532	5.3795332	5.3647183	5.3509074	5.3380991	5.3262921	5.3154848	5.3056755	5.2968626	5.289044	5.2822179	5.2763821	5.2715345	5.2676726	5.2647942	5.2628968	5.2619777	5.2620344	5.263064	5.2650637	5.2680307	5.2719618	5.276854	5.2827041	5.2895088	5.2972647	5.3059684	5.3156164	5.326205	5.3377305	5.350189	5.3635767	5.3778895	5.3931233	5.4092738	5.4263367	5.4443076	5.4631818	5.4829548	5.5036216	5.5251774	5.5476172	5.5709356	5.5951275	5.6201873	5.6461094	5.6728882	5.7005176	5.7289918	5.7583044	5.7884491	5.8194194	5.8512086	5.88381	5.9172164	5.9514206	5.9864155	6.0221933	6.0587464	6.0960668	6.1341466	6.1729775	6.2125509	6.2528583	6.2938909	6.3356395	6.3780952	6.4212483	6.4650895	6.5096088	6.5547963	6.600642	6.6471353	6.6942659	6.7420229	6.7903955	6.8393726	6.8889429	6.939095	6.9898172	7.0410977	7.0929244	7.1452854
26.0	6.9529186	7.0061668	7.0599169	7.114156	7.1688714	7.2240502	7.2796792	7.3357451	7.3922344	7.4491337	7.5064291	7.5641067	7.6221526	7.6805524	7.7392921	7.798357	7.8577327	7.9174045	7.9773576	8.0375771	8.0980479	8.158755	8.2196832	8.280817	8.3421412	8.4036403	8.4652985	8.5271004	8.58903	8.6510718	8.7132096	8.7754277	8.8377099	8.9000402	8.9624024	9.0247804	9.087158	9.1495187	9.2118464	9.2741245	9.3363367	9.3984664	9.4604972	9.5224125	9.5841958	9.6458303	9.7072994	9.7685865	9.8296748	9.8905475	9.951188	10.011579	10.071705	10.131547	10.19109	10.250316	10.309208	10.36775	10.425924	10.483714	10.541101	10.59807	10.654604	10.710684	10.766294	10.821417	10.876035	10.930131	10.983689	11.03669	11.089118	11.140955	11.192184	11.242788	11.292749	11.34205	11.390673	11.438602	11.485819	11.532306	11.578047	11.623024	11.66722	11.710617	11.753198	11.794947	11.835845	11.875877	11.915024	11.95327	11.990598	12.026991	12.062433	12.096906	12.130395	12.162883	12.194353	12.224791	12.254178	12.282501	12.309743	12.335889	12.360924	12.384833	12.407601	12.429214	12.449657	12.468917	12.48698	12.503833	12.519463	12.533857	12.547004	12.558891	12.569507	12.578841	12.586882	12.593621	12.599048	12.603154	12.60593	12.607368	12.607461	12.606201	12.603583	12.5996	12.594248	12.587522	12.579418	12.569932	12.559063	12.546808	12.533167	12.518138	12.501722	12.48392	12.464733	12.444165	12.422218	12.398897	12.374205	12.34815	12.320736	12.291972	12.261864	12.230422	12.197656	12.163575	12.128191	12.091515	12.05356	12.01434	11.973868	11.93216	11.889232	11.845099	11.79978	11.753291	11.705653	11.656883	11.607003	11.556032	11.503993	11.450908	11.396798	11.341688	11.285601	11.228561	11.170595	11.111727	11.051983	10.991389	10.929974	10.867764	10.804787	10.741071	10.676646	10.611539	10.54578	10.479399	10.412426	10.34489	10.276822	10.208252	10.13921	10.069729	9.9998377	9.9295679	9.8589503	9.7880159	9.7167958	9.6453209	9.5736221	9.5017303	9.4296761	9.3574903	9.2852033	9.2128453	9.1404466	9.0680369	8.995646	8.9233033	8.8510378	8.7788784	8.7068536	8.6349917	8.5633204	8.4918671	8.4206591	8.3497229	8.2790848	8.2087706	8.1388058	8.0692153	8.0000236	7.9312546	7.862932	7.7950787	7.7277173	7.6608697	7.5945576	7.5288018	7.4636229	7.3990407	7.3350747	7.2717437	7.2090661	7.1470595	7.0857414	7.0251282	6.9652363	6.9060812	6.847678	6.7900413	6.7331851	6.6771229	6.6218676	6.5674318	6.5138274	6.4610657	6.4091579	6.3581142	6.3079448	6.258659	6.210266	6.1627742	6.1161919	6.0705266	6.0257856	5.9819759	5.9391036	5.897175	5.8561955	5.8161705	5.7771047	5.7390028	5.7018688	5.6657066	5.6305196	5.596311	5.5630838	5.5308404	5.4995831	5.469314	5.4400347	5.4117468	5.3844515	5.3581498	5.3328425	5.3085302	5.2852132	5.2628916	5.2415655	5.2212346	5.2018987	5.183557	5.1662089	5.1498537	5.1344902	5.1201174	5.106734	5.0943386	5.0829298	5.072506	5.0630654	5.0546062	5.0471265	5.0406243	5.0350976	5.0305441	5.0269615	5.0243476	5.0226999	5.0220159	5.022293	5.0235286	5.0257199	5.0288641	5.0329583	5.0379997	5.0439851	5.0509114	5.0587755	5.0675741	5.0773038	5.0879613	5.099543	5.1120454	5.1254647	5.1397972	5.1550391	5.1711863	5.1882347	5.2061804	5.2250189	5.2447458	5.2653568	5.2868471	5.309212	5.3324468	5.3565463	5.3815055	5.4073191	5.4339817	5.4614878	5.4898317	5.5190076	5.5490094	5.5798311	5.6114662	5.6439084	5.677151	5.7111872	5.7460099	5.7816121	5.8179864	5.8551252	5.8930208	5.9316654	5.9710509	6.011169	6.0520112	6.0935689	6.1358332	6.178795	6.2224452	6.2667744	6.3117728	6.3574306	6.4037378	6.4506843	6.4982595	6.5464529	6.5952537	6.6446509	6.6946333	6.7451895	6.7963079	6.8479769	6.9001845
27.0	6.706023	6.7590264	6.8125358	6.8665385	6.9210221	6.9759738	7.0313806	7.0872294	7.1435069	7.2001997	7.2572941	7.3147764	7.3726325	7.4308486	7.4894103	7.5483033	7.607513	7.6670249	7.7268241	7.7868959	7.8472251	7.9077966	7.9685952	8.0296056	8.0908122	8.1521995	8.2137518	8.2754535	8.3372885	8.3992411	8.4612951	8.5234345	8.585643	8.6479045	8.7102026	8.7725209	8.8348429	8.8971522	8.9594321	9.0216661	9.0838373	9.1459291	9.2079247	9.2698073	9.3315598	9.3931655	9.4546073	9.5158682	9.5769311	9.637779	9.6983947	9.758761	9.8188608	9.8786768	9.9381917	9.9973882	10.056249	10.114757	10.172894	10.230644	10.287988	10.344909	10.40139	10.457413	10.512961	10.568016	10.622561	10.676577	10.730048	10.782955	10.835282	10.887009	10.938121	10.988598	11.038424	11.087581	11.136051	11.183816	11.230859	11.277162	11.322708	11.367479	11.411457	11.454625	11.496966	11.538461	11.579095	11.618849	11.657706	11.69565	11.732662	11.768727	11.803827	11.837946	11.871067	11.903174	11.93425	11.96428	11.993247	12.021136	12.047931	12.073617	12.098179	12.121602	12.143872	12.164974	12.184894	12.203619	12.221135	12.23743	12.25249	12.266303	12.278858	12.290144	12.300148	12.308861	12.316272	12.322372	12.327151	12.330602	12.332715	12.333484	12.332901	12.33096	12.327655	12.32298	12.316933	12.309507	12.300701	12.290511	12.278936	12.265974	12.251624	12.235888	12.218765	12.200259	12.18037	12.159102	12.136459	12.112445	12.087067	12.06033	12.032242	12.00281	11.972042	11.939949	11.90654	11.871826	11.835819	11.798532	11.759978	11.720171	11.679125	11.636857	11.593382	11.548718	11.502883	11.455895	11.407773	11.358537	11.308209	11.256808	11.204357	11.150879	11.096397	11.040934	10.984514	10.927163	10.868906	10.809769	10.749778	10.68896	10.627343	10.564953	10.501819	10.43797	10.373434	10.308241	10.24242	10.176	10.109011	10.041484	9.9734483	9.9049352	9.835975	9.7665983	9.696836	9.6267188	9.5562777	9.4855436	9.4145471	9.3433193	9.2718907	9.2002921	9.1285539	9.0567065	8.98478	8.9128047	8.8408101	8.7688258	8.6968813	8.6250055	8.5532271	8.4815746	8.4100761	8.3387593	8.2676516	8.1967801	8.1261712	8.0558512	7.9858458	7.9161805	7.8468799	7.7779686	7.7094705	7.641409	7.5738071	7.5066873	7.4400714	7.373981	7.3084368	7.2434594	7.1790685	7.1152835	7.0521232	6.9896058	6.9277489	6.8665698	6.8060851	6.7463108	6.6872625	6.6289552	6.5714034	6.5146209	6.4586212	6.4034172	6.3490212	6.2954451	6.2427002	6.1907975	6.1397472	6.0895592	6.040243	5.9918074	5.9442609	5.8976115	5.8518669	5.807034	5.7631198	5.7201304	5.6780718	5.6369495	5.5967686	5.5575339	5.5192498	5.4819203	5.4455492	5.4101398	5.3756952	5.3422182	5.3097112	5.2781765	5.247616	5.2180312	5.1894237	5.1617946	5.1351448	5.109475	5.0847857	5.0610772	5.0383497	5.0166031	4.995837	4.9760511	4.9572449	4.9394176	4.9225683	4.906696	4.8917997	4.8778781	4.8649297	4.8529533	4.8419471	4.8319095	4.8228388	4.8147331	4.8075906	4.801409	4.7961865	4.7919209	4.7886098	4.7862511	4.7848423	4.784381	4.7848648	4.786291	4.7886571	4.7919603	4.796198	4.8013673	4.8074654	4.8144893	4.822436	4.8313025	4.8410857	4.8517822	4.863389	4.8759025	4.8893193	4.9036361	4.918849	4.9349546	4.9519489	4.9698281	4.9885882	5.0082252	5.0287349	5.050113	5.072355	5.0954565	5.1194128	5.1442191	5.1698706	5.1963621	5.2236885	5.2518445	5.2808245	5.3106231	5.3412343	5.3726523	5.4048709	5.437884	5.4716849	5.5062673	5.5416241	5.5777486	5.6146334	5.6522714	5.690655	5.7297764	5.7696278	5.810201	5.8514879	5.8934798	5.9361681	5.9795439	6.0235981	6.0683214	6.1137044	6.1597374	6.2064104	6.2537133	6.3016359	6.3501677	6.3992979	6.4490157	6.4993099	6.5501694	6.6015825	6.6535377
28.0	6.4580845	6.5107443	6.5639132	6.6175789	6.6717291	6.7263513	6.7814325	6.83696	6.8929205	6.9493009	7.0060876	7.063267	7.1208253	7.1787486	7.2370227	7.2956333	7.3545661	7.4138065	7.4733397	7.5331508	7.593225	7.6535471	7.7141019	7.7748739	7.8358476	7.8970076	7.958338	8.019823	8.0814468	8.1431932	8.2050462	8.2669895	8.3290068	8.3910817	8.4531978	8.5153385	8.577487	8.6396269	8.7017411	8.763813	8.8258256	8.8877618	8.9496048	9.0113373	9.0729422	9.1344023	9.1957004	9.2568191	9.3177411	9.378449	9.4389254	9.4991527	9.5591135	9.6187901	9.678165	9.7372205	9.795939	9.8543027	9.912294	9.969895	10.027088	10.083855	10.140178	10.19604	10.251423	10.306308	10.360677	10.414514	10.467799	10.520515	10.572644	10.624168	10.675069	10.725329	10.77493	10.823854	10.872083	10.919599	10.966385	11.012422	11.057692	11.102179	11.145863	11.188728	11.230755	11.271927	11.312227	11.351637	11.390141	11.427719	11.464356	11.500035	11.534738	11.568449	11.601152	11.632829	11.663465	11.693044	11.721549	11.748966	11.775278	11.80047	11.824529	11.847438	11.869183	11.889751	11.909128	11.9273	11.944255	11.959979	11.97446	11.987686	11.999646	12.010329	12.019724	12.02782	12.034609	12.04008	12.044226	12.047037	12.048507	12.048629	12.047395	12.044801	12.04084	12.035508	12.028801	12.020716	12.01125	12.000401	11.988167	11.974549	11.959546	11.943159	11.925389	11.906239	11.885713	11.863812	11.840543	11.815911	11.789921	11.762581	11.733898	11.703881	11.672539	11.639882	11.60592	11.570666	11.534132	11.49633	11.457276	11.416982	11.375466	11.332743	11.288829	11.243743	11.197503	11.150128	11.101637	11.052052	11.001393	10.949681	10.89694	10.843191	10.78846	10.732768	10.676143	10.618608	10.560189	10.500912	10.440805	10.379893	10.318205	10.255769	10.192612	10.128764	10.064253	9.9991086	9.93336	9.8670371	9.8001697	9.7327881	9.6649225	9.5966032	9.527861	9.4587263	9.3892298	9.3194022	9.2492743	9.1788768	9.1082402	9.0373952	8.9663722	8.8952016	8.8239137	8.7525385	8.6811058	8.6096454	8.5381867	8.4667588	8.3953907	8.324111	8.252948	8.1819297	8.1110837	8.0404373	7.9700174	7.8998504	7.8299625	7.7603793	7.6911261	7.6222276	7.5537081	7.4855914	7.417901	7.3506596	7.2838897	7.217613	7.151851	7.0866244	7.0219535	6.9578582	6.8943575	6.8314702	6.7692145	6.707608	6.6466677	6.5864101	6.5268512	6.4680065	6.4098909	6.3525187	6.2959038	6.2400595	6.1849985	6.1307332	6.0772753	6.024636	5.9728261	5.9218558	5.8717349	5.8224727	5.774078	5.7265591	5.6799241	5.6341802	5.5893347	5.545394	5.5023644	5.4602516	5.4190611	5.378798	5.3394667	5.3010717	5.2636169	5.2271058	5.1915418	5.1569279	5.1232666	5.0905604	5.0588114	5.0280213	4.9981918	4.9693242	4.9414195	4.9144785	4.888502	4.8634903	4.8394437	4.8163622	4.7942457	4.7730938	4.7529062	4.7336821	4.7154209	4.6981216	4.6817833	4.6664047	4.6519847	4.6385219	4.6260148	4.6144618	4.6038615	4.5942119	4.5855114	4.577758	4.5709498	4.5650849	4.560161	4.5561762	4.5531282	4.5510147	4.5498336	4.5495823	4.5502586	4.55186	4.5543839	4.5578279	4.5621893	4.5674656	4.5736538	4.5807515	4.5887556	4.5976634	4.6074719	4.6181782	4.6297792	4.6422717	4.6556527	4.6699188	4.6850667	4.7010931	4.7179943	4.7357669	4.7544072	4.7739113	4.7942755	4.8154958	4.837568	4.860488	4.8842515	4.908854	4.9342911	4.9605579	4.9876498	5.0155617	5.0442884	5.0738249	5.1041656	5.1353051	5.1672375	5.199957	5.2334575	5.2677329	5.3027766	5.3385822	5.3751428	5.4124515	5.4505012	5.4892845	5.5287939	5.5690216	5.6099599	5.6516004	5.693935	5.736955	5.7806518	5.8250164	5.8700397	5.9157123	5.9620247	6.008967	6.0565294	6.1047016	6.1534733	6.2028339	6.2527725	6.3032782	6.3543397	6.4059456
29.0	6.2096989	6.261919	6.3146503	6.3678809	6.4215987	6.4757914	6.5304463	6.5855507	6.6410918	6.6970564	6.7534313	6.8102029	6.8673577	6.9248817	6.9827611	7.0409816	7.099529	7.1583886	7.217546	7.2769864	7.3366947	7.3966559	7.4568548	7.5172761	7.5779042	7.6387235	7.6997183	7.7608728	7.8221709	7.8835966	7.9451336	8.0067657	8.0684765	8.1302494	8.1920679	8.2539152	8.3157746	8.3776293	8.4394622	8.5012563	8.5629946	8.6246598	8.6862348	8.7477022	8.8090446	8.8702447	8.9312848	8.9921475	9.0528151	9.11327	9.1734945	9.2334707	9.293181	9.3526074	9.4117321	9.4705371	9.5290045	9.5871162	9.6448542	9.7022005	9.7591369	9.8156454	9.8717077	9.9273057	9.9824212	10.037036	10.091132	10.144691	10.197694	10.250124	10.301962	10.353189	10.403788	10.453741	10.503029	10.551634	10.599537	10.646721	10.693168	10.738859	10.783776	10.827902	10.871218	10.913707	10.95535	10.996131	11.036031	11.075033	11.11312	11.150273	11.186477	11.221714	11.255967	11.289219	11.321455	11.352656	11.382808	11.411894	11.439899	11.466806	11.492601	11.517269	11.540794	11.563163	11.584362	11.604375	11.62319	11.640795	11.657174	11.672318	11.686213	11.698848	11.710211	11.720292	11.729082	11.736569	11.742744	11.7476	11.751127	11.753319	11.754167	11.753665	11.751808	11.748589	11.744005	11.738051	11.730724	11.72202	11.711939	11.700477	11.687635	11.673413	11.657812	11.640831	11.622475	11.602746	11.581647	11.559183	11.535359	11.510181	11.483656	11.455791	11.426595	11.396077	11.364246	11.331113	11.296689	11.260988	11.224021	11.185802	11.146346	11.105668	11.063784	11.02071	10.976465	10.931066	10.884531	10.836881	10.788136	10.738316	10.687443	10.635539	10.582627	10.528729	10.473871	10.418075	10.361368	10.303775	10.245321	10.186032	10.125937	10.065061	10.003434	9.9410816	9.8780336	9.8143182	9.7499646	9.6850018	9.6194595	9.5533673	9.4867551	9.419653	9.3520912	9.2841001	9.2157099	9.1469512	9.0778544	9.0084502	8.9387689	8.868841	8.798697	8.7283671	8.6578815	8.5872703	8.5165633	8.4457902	8.3749807	8.3041638	8.2333687	8.1626241	8.0919585	8.0214001	7.9509766	7.8807156	7.8106442	7.7407892	7.6711769	7.6018333	7.5327839	7.4640538	7.3956676	7.3276496	7.2600235	7.1928124	7.1260393	7.0597262	6.9938949	6.9285668	6.8637624	6.7995019	6.7358051	6.672691	6.6101782	6.5482847	6.4870281	6.4264254	6.3664928	6.3072464	6.2487013	6.1908726	6.1337743	6.0774202	6.0218236	5.9669971	5.9129528	5.8597025	5.8072572	5.7556275	5.7048237	5.6548554	5.6057316	5.5574613	5.5100525	5.4635132	5.4178506	5.3730716	5.3291828	5.2861902	5.2440995	5.202916	5.1626446	5.1232898	5.0848559	5.0473466	5.0107654	4.9751155	4.9403998	4.9066208	4.8737808	4.8418817	4.8109253	4.7809131	4.7518462	4.7237257	4.6965522	4.6703264	4.6450486	4.6207189	4.5973373	4.5749035	4.5534173	4.5328781	4.5132852	4.4946379	4.4769351	4.4601759	4.444359	4.4294832	4.4155472	4.4025494	4.3904884	4.3793624	4.3691699	4.3599089	4.3515778	4.3441745	4.3376973	4.3321439	4.3275125	4.3238009	4.3210069	4.3191285	4.3181632	4.318109	4.3189635	4.3207244	4.3233892	4.3269556	4.3314211	4.3367832	4.3430394	4.3501872	4.3582238	4.3671467	4.3769531	4.3876403	4.3992054	4.4116457	4.424958	4.4391396	4.4541872	4.4700978	4.4868682	4.504495	4.522975	4.5423046	4.5624803	4.5834984	4.6053553	4.628047	4.6515696	4.675919	4.7010911	4.7270814	4.7538855	4.7814988	4.8099166	4.8391341	4.8691461	4.8999475	4.931533	4.963897	4.9970339	5.0309378	5.0656027	5.1010225	5.1371907	5.1741007	5.2117459	5.2501193	5.2892137	5.3290217	5.3695359	5.4107485	5.4526516	5.4952369	5.5384961	5.5824208	5.6270019	5.6722307	5.7180977	5.7645938	5.8117091	5.8594338	5.9077579	5.9566711	6.0061629	6.0562226	6.1068393	6.1580018
30.0	5.9614533	6.0131403	6.0653398	6.1180401	6.1712294	6.2248955	6.2790262	6.3336089	6.3886309	6.4440793	6.4999411	6.556203	6.6128514	6.6698727	6.727253	6.7849784	6.8430347	6.9014075	6.9600822	7.0190441	7.0782785	7.1377703	7.1975043	7.2574652	7.3176375	7.3780057	7.4385541	7.4992667	7.5601276	7.6211207	7.6822296	7.7434382	7.8047298	7.8660879	7.9274959	7.9889368	8.050394	8.1118503	8.1732887	8.234692	8.296043	8.3573244	8.4185187	8.4796084	8.540576	8.6014039	8.6620744	8.7225697	8.7828719	8.8429632	8.9028257	8.9624414	9.0217922	9.08086	9.1396266	9.198074	9.2561839	9.313938	9.3713181	9.4283057	9.4848825	9.5410303	9.5967304	9.6519646	9.7067143	9.7609611	9.8146866	9.8678721	9.9204993	9.9725496	10.024005	10.074846	10.125055	10.174613	10.223502	10.271703	10.319198	10.365969	10.411998	10.457265	10.501754	10.545445	10.588321	10.630364	10.671556	10.711878	10.751315	10.789847	10.827457	10.864128	10.899843	10.934585	10.968337	11.001082	11.032803	11.063485	11.093111	11.121665	11.149132	11.175497	11.200743	11.224857	11.247823	11.269628	11.290257	11.309698	11.327936	11.344958	11.360753	11.375308	11.388612	11.400653	11.41142	11.420904	11.429094	11.43598	11.441555	11.445809	11.448735	11.450326	11.450575	11.449477	11.447024	11.443214	11.438041	11.431501	11.423593	11.414314	11.403662	11.391637	11.378238	11.363465	11.347321	11.329807	11.310926	11.290681	11.269077	11.246118	11.221811	11.196162	11.169178	11.140868	11.11124	11.080304	11.048071	11.01455	10.979756	10.943699	10.906394	10.867855	10.828096	10.787134	10.744985	10.701666	10.657195	10.611591	10.564872	10.517058	10.468171	10.418231	10.36726	10.31528	10.262315	10.208388	10.153524	10.097746	10.04108	9.9835519	9.9251875	9.8660134	9.8060565	9.7453443	9.6839044	9.6217649	9.5589543	9.4955012	9.4314347	9.3667838	9.3015782	9.2358473	9.169621	9.1029292	9.0358021	8.9682697	8.9003622	8.83211	8.7635433	8.6946923	8.6255873	8.5562585	8.4867359	8.4170494	8.347229	8.2773043	8.2073048	8.1372598	8.0671984	7.9971494	7.9271414	7.8572026	7.7873612	7.7176446	7.6480803	7.5786953	7.509516	7.4405687	7.3718793	7.303473	7.2353749	7.1676094	7.1002006	7.033172	6.9665469	6.9003477	6.8345965	6.7693151	6.7045245	6.6402453	6.5764976	6.5133008	6.4506739	6.3886355	6.3272035	6.2663951	6.2062274	6.1467165	6.0878783	6.0297279	5.97228	5.9155488	5.8595479	5.8042904	5.7497889	5.6960553	5.6431012	5.5909376	5.5395751	5.4890236	5.4392928	5.3903916	5.3423286	5.295112	5.2487495	5.2032483	5.1586151	5.1148563	5.071978	5.0299856	4.9888844	4.948679	4.909374	4.8709734	4.8334809	4.7968998	4.7612333	4.726484	4.6926544	4.6597467	4.6277627	4.5967041	4.5665721	4.537368	4.5090925	4.4817464	4.45533	4.4298437	4.4052874	4.3816612	4.3589646	4.3371973	4.3163586	4.2964478	4.277464	4.2594064	4.2422736	4.2260647	4.2107782	4.1964127	4.1829668	4.1704389	4.1588274	4.1481305	4.1383467	4.1294739	4.1215104	4.1144542	4.1083035	4.1030561	4.0987102	4.0952636	4.0927142	4.09106	4.0902987	4.0904283	4.0914464	4.093351	4.0961396	4.0998102	4.1043603	4.1097876	4.1160898	4.1232645	4.1313092	4.1402215	4.1499989	4.1606389	4.1721388	4.1844962	4.1977082	4.2117721	4.2266852	4.2424446	4.2590474	4.2764906	4.2947711	4.3138858	4.3338315	4.3546048	4.3762023	4.3986205	4.4218558	4.4459044	4.4707626	4.4964262	4.5228913	4.5501536	4.5782087	4.6070522	4.6366793	4.6670854	4.6982653	4.7302141	4.7629263	4.7963967	4.8306194	4.8655888	4.9012988	4.9377433	4.9749158	5.0128099	5.0514188	5.0907355	5.1307529	5.1714635	5.2128599	5.2549343	5.2976786	5.3410846	5.385144	5.4298481	5.475188	5.5211547	5.5677388	5.6149309	5.6627212	5.7110998	5.7600565	5.809581	5.8596625	5.9102903
31.0	5.7139231	5.764987	5.8165636	5.8686417	5.9212096	5.9742554	6.0277671	6.0817325	6.1361391	6.1909742	6.2462248	6.3018781	6.3579205	6.4143388	6.4711191	6.5282477	6.5857105	6.6434933	6.7015816	6.7599609	6.8186164	6.8775333	6.9366964	6.9960905	7.0557003	7.11551	7.1755042	7.2356668	7.295982	7.3564336	7.4170054	7.477681	7.538444	7.5992776	7.6601651	7.7210897	7.7820345	7.8429824	7.9039161	7.9648185	8.0256722	8.0864597	8.1471636	8.207766	8.2682495	8.3285961	8.388788	8.4488074	8.5086361	8.5682562	8.6276495	8.6867978	8.7456828	8.8042864	8.8625902	8.9205756	8.9782245	9.0355181	9.0924381	9.1489659	9.205083	9.2607706	9.3160103	9.3707832	9.4250709	9.4788546	9.5321155	9.5848351	9.6369946	9.6885753	9.7395586	9.7899258	9.8396582	9.8887371	9.9371441	9.9848605	10.031868	10.078147	10.123681	10.16845	10.212437	10.255623	10.297989	10.339519	10.380193	10.419995	10.458905	10.496908	10.533984	10.570118	10.605291	10.639487	10.672689	10.70488	10.736044	10.766165	10.795226	10.823212	10.850107	10.875896	10.900565	10.924098	10.946481	10.9677	10.987741	11.006592	11.024239	11.040669	11.055871	11.069832	11.082541	11.093988	11.104162	11.113052	11.120651	11.126948	11.131935	11.135604	11.137949	11.138961	11.138636	11.136967	11.13395	11.12958	11.123854	11.116768	11.108321	11.09851	11.087334	11.074793	11.060889	11.045621	11.028991	11.011003	10.991659	10.970963	10.948921	10.925538	10.90082	10.874775	10.847409	10.818733	10.788755	10.757485	10.724935	10.691115	10.656039	10.61972	10.582171	10.543408	10.503445	10.462299	10.419987	10.376526	10.331934	10.286231	10.239436	10.191569	10.14265	10.092703	10.041748	9.9898084	9.9369073	9.8830686	9.8283165	9.7726759	9.7161721	9.6588308	9.6006784	9.5417413	9.4820467	9.421622	9.3604949	9.2986935	9.2362462	9.1731817	9.1095287	9.0453165	8.9805745	8.9153319	8.8496187	8.7834644	8.7168989	8.6499523	8.5826544	8.5150352	8.4471247	8.378953	8.3105498	8.241945	8.1731683	8.1042493	8.0352174	7.9661019	7.8969319	7.8277362	7.7585434	7.6893818	7.6202796	7.5512646	7.4823641	7.4136053	7.3450149	7.2766195	7.2084449	7.1405168	7.0728604	7.0055005	6.9384614	6.871767	6.8054407	6.7395055	6.6739838	6.6088975	6.5442682	6.4801168	6.4164637	6.3533288	6.2907316	6.2286908	6.1672249	6.1063515	6.0460881	5.9864512	5.927457	5.8691212	5.8114589	5.7544845	5.6982122	5.6426555	5.5878272	5.5337399	5.4804053	5.4278351	5.37604	5.3250304	5.2748162	5.2254069	5.1768114	5.1290381	5.0820951	5.0359899	4.9907296	4.9463209	4.90277	4.8600827	4.8182646	4.7773206	4.7372554	4.6980733	4.6597782	4.6223738	4.5858632	4.5502494	4.515535	4.4817224	4.4488135	4.4168102	4.3857139	4.3555259	4.3262471	4.2978784	4.2704202	4.243873	4.2182369	4.1935118	4.1696975	4.1467937	4.1247999	4.1037152	4.0835391	4.0642704	4.0459082	4.0284512	4.0118983	3.9962481	3.9814992	3.9676499	3.9546989	3.9426443	3.9314845	3.9212177	3.9118422	3.9033561	3.8957575	3.8890445	3.8832152	3.8782675	3.8741995	3.8710092	3.8686945	3.8672534	3.8666838	3.8669837	3.8681509	3.8701834	3.873079	3.8768356	3.881451	3.8869231	3.8932497	3.9004286	3.9084575	3.9173342	3.9270564	3.9376219	3.9490281	3.9612729	3.9743537	3.9882682	4.0030136	4.0185876	4.0349874	4.0522104	4.0702538	4.0891148	4.1087904	4.1292777	4.1505736	4.1726748	4.1955781	4.2192802	4.2437775	4.2690664	4.2951432	4.3220041	4.3496449	4.3780617	4.4072501	4.4372056	4.4679239	4.4994	4.5316291	4.5646061	4.5983258	4.6327828	4.6679715	4.7038861	4.7405206	4.7778688	4.8159245	4.8546809	4.8941314	4.934269	4.9750865	5.0165765	5.0587314	5.1015433	5.1450042	5.1891059	5.2338398	5.2791972	5.3251692	5.3717466	5.41892	5.4666799	5.5150163	5.5639193	5.6133784	5.6633833
32.0	5.4676708	5.5180249	5.5688911	5.6202584	5.6721155	5.7244508	5.7772524	5.8305085	5.8842068	5.9383348	5.9928799	6.0478293	6.1031698	6.1588882	6.214971	6.2714046	6.328175	6.3852682	6.44267	6.5003659	6.5583413	6.6165814	6.6750712	6.7337956	6.7927392	6.8518867	6.9112223	6.9707303	7.0303948	7.0901997	7.1501287	7.2101655	7.2702935	7.3304963	7.3907569	7.4510586	7.5113843	7.571717	7.6320393	7.692334	7.7525837	7.8127707	7.8728775	7.9328864	7.9927795	8.052539	8.1121468	8.171585	8.2308353	8.2898796	8.3486996	8.407277	8.4655934	8.5236303	8.5813692	8.6387916	8.6958789	8.7526124	8.8089735	8.8649434	8.9205034	8.9756347	9.0303185	9.084536	9.1382683	9.1914967	9.2442022	9.296366	9.3479693	9.3989932	9.4494188	9.4992274	9.5484002	9.5969183	9.6447632	9.691916	9.7383582	9.7840712	9.8290364	9.8732355	9.91665	9.9592616	10.001052	10.042004	10.082098	10.121317	10.159644	10.19706	10.233548	10.269092	10.303673	10.337275	10.369881	10.401475	10.43204	10.46156	10.490019	10.517403	10.543694	10.568879	10.592943	10.615871	10.637648	10.658263	10.6777	10.695946	10.71299	10.728819	10.743421	10.756785	10.768899	10.779754	10.789338	10.797644	10.80466	10.81038	10.814795	10.817897	10.819681	10.820138	10.819265	10.817055	10.813505	10.80861	10.802368	10.794775	10.78583	10.775532	10.76388	10.750875	10.736517	10.720809	10.703752	10.685349	10.665605	10.644525	10.622112	10.598374	10.573318	10.546951	10.51928	10.490317	10.46007	10.42855	10.395768	10.361737	10.32647	10.289979	10.25228	10.213388	10.173318	10.132087	10.089711	10.04621	10.001602	9.9559053	9.9091404	9.8613276	9.8124882	9.7626438	9.7118168	9.6600301	9.607307	9.5536715	9.4991481	9.4437617	9.3875378	9.3305021	9.272681	9.214101	9.1547894	9.0947733	9.0340806	8.9727393	8.9107776	8.8482242	8.7851077	8.7214572	8.6573018	8.5926708	8.5275937	8.4620999	8.396219	8.3299808	8.2634149	8.1965509	8.1294185	8.0620473	7.9944668	7.9267064	7.8587955	7.7907631	7.7226384	7.65445	7.5862265	7.5179963	7.4497876	7.3816281	7.3135453	7.2455666	7.1777187	7.1100282	7.0425214	6.975224	6.9081614	6.8413586	6.7748402	6.7086303	6.6427527	6.5772305	6.5120866	6.4473431	6.383022	6.3191444	6.2557312	6.1928027	6.1303785	6.068478	6.0071199	5.9463223	5.8861029	5.8264787	5.7674664	5.7090819	5.6513408	5.5942581	5.5378481	5.4821247	5.4271013	5.3727907	5.3192053	5.2663567	5.2142563	5.1629149	5.1123427	5.0625495	5.0135446	4.9653368	4.9179343	4.8713452	4.8255768	4.7806361	4.7365296	4.6932635	4.6508435	4.6092748	4.5685625	4.5287109	4.4897244	4.4516067	4.4143613	4.3779912	4.3424994	4.3078882	4.27416	4.2413166	4.2093596	4.1782905	4.1481103	4.1188199	4.0904201	4.0629112	4.0362934	4.0105668	3.9857314	3.9617866	3.9387322	3.9165674	3.8952916	3.8749037	3.8554029	3.8367879	3.8190576	3.8022106	3.7862454	3.7711607	3.7569549	3.7436263	3.7311733	3.7195941	3.7088869	3.69905	3.6900816	3.6819796	3.6747423	3.6683677	3.6628538	3.6581988	3.6544007	3.6514575	3.6493672	3.6481279	3.6477375	3.6481942	3.6494958	3.6516405	3.6546263	3.658451	3.6631129	3.6686097	3.6749396	3.6821005	3.6900904	3.6989072	3.7085488	3.7190133	3.7302984	3.742402	3.755322	3.7690561	3.7836022	3.7989578	3.8151207	3.8320884	3.8498586	3.8684286	3.8877959	3.9079577	3.9289114	3.9506541	3.9731829	3.9964946	4.0205862	4.0454544	4.0710959	4.0975071	4.1246844	4.1526241	4.1813222	4.2107748	4.2409776	4.2719262	4.3036163	4.336043	4.3692015	4.4030869	4.4376939	4.4730172	4.509051	4.5457898	4.5832274	4.6213578	4.6601745	4.699671	4.7398405	4.7806759	4.82217	4.8643154	4.9071044	4.9505291	4.9945814	5.039253	5.0845351	5.1304192	5.176896	5.2239564	5.2715908	5.3197895	5.3685426	5.4178398
33.0	5.2232433	5.2728047	5.3228767	5.3734486	5.4245093	5.4760475	5.5280518	5.5805104	5.6334113	5.6867424	5.7404914	5.7946454	5.8491918	5.9041175	5.9594091	6.0150533	6.0710363	6.1273444	6.1839633	6.2408788	6.2980765	6.3555418	6.4132597	6.4712152	6.5293932	6.5877783	6.646355	6.7051075	6.7640201	6.8230766	6.8822609	6.9415568	7.0009476	7.0604169	7.1199479	7.1795238	7.2391274	7.2987418	7.3583496	7.4179335	7.4774761	7.5369597	7.5963666	7.6556792	7.7148795	7.7739495	7.8328712	7.8916265	7.950197	8.0085646	8.0667108	8.1246173	8.1822654	8.2396367	8.2967125	8.3534741	8.4099028	8.4659799	8.5216866	8.5770039	8.631913	8.686395	8.7404311	8.7940021	8.8470893	8.8996735	8.9517359	9.0032574	9.0542192	9.1046021	9.1543874	9.2035561	9.2520893	9.2999682	9.3471739	9.3936877	9.4394909	9.4845649	9.5288911	9.572451	9.6152261	9.6571983	9.6983493	9.738661	9.7781154	9.8166947	9.8543813	9.8911574	9.9270059	9.9619094	9.9958509	10.028814	10.060781	10.091736	10.121664	10.150547	10.178371	10.20512	10.230779	10.255333	10.278767	10.301068	10.322221	10.342213	10.361031	10.378662	10.395094	10.410315	10.424313	10.437078	10.448598	10.458864	10.467866	10.475595	10.482041	10.487198	10.491058	10.493613	10.494857	10.494785	10.493391	10.490671	10.48662	10.481236	10.474515	10.466456	10.457057	10.446317	10.434238	10.420819	10.406061	10.389968	10.372542	10.353786	10.333705	10.312304	10.289589	10.265566	10.240243	10.213628	10.18573	10.156558	10.126122	10.094435	10.061507	10.027351	9.9919799	9.9554086	9.9176515	9.878724	9.8386422	9.7974231	9.7550841	9.7116434	9.6671198	9.6215329	9.5749028	9.5272503	9.4785965	9.4289635	9.3783738	9.3268502	9.2744165	9.2210966	9.1669151	9.1118969	9.0560675	8.9994528	8.942079	8.8839727	8.825161	8.7656711	8.7055307	8.6447676	8.58341	8.5214863	8.4590251	8.396055	8.3326052	8.2687045	8.2043821	8.1396674	8.0745895	8.0091777	7.9434615	7.87747	7.8112326	7.7447785	7.6781366	7.611336	7.5444056	7.477374	7.4102697	7.3431209	7.2759558	7.2088022	7.1416876	7.0746393	7.0076841	6.9408489	6.8741598	6.8076428	6.7413234	6.6752269	6.609378	6.543801	6.4785199	6.4135581	6.3489387	6.2846842	6.2208168	6.157358	6.0943288	6.0317501	5.9696417	5.9080233	5.8469141	5.7863324	5.7262963	5.6668234	5.6079305	5.5496341	5.49195	5.4348936	5.3784797	5.3227226	5.267636	5.2132331	5.1595266	5.1065288	5.0542512	5.0027049	4.9519007	4.9018486	4.8525583	4.804039	4.7562992	4.7093473	4.663191	4.6178375	4.5732937	4.5295661	4.4866605	4.4445827	4.4033378	4.3629305	4.3233653	4.2846462	4.2467769	4.2097607	4.1736007	4.1382995	4.1038595	4.0702827	4.037571	4.0057258	3.9747485	3.94464	3.9154011	3.8870323	3.859534	3.8329062	3.807149	3.782262	3.7582449	3.735097	3.7128177	3.6914061	3.6708612	3.6511819	3.6323671	3.6144153	3.5973252	3.5810953	3.5657242	3.55121	3.5375513	3.5247462	3.512793	3.5016899	3.4914351	3.4820267	3.4734627	3.4657415	3.4588609	3.4528192	3.4476143	3.4432444	3.4397075	3.4370018	3.4351253	3.4340762	3.4338525	3.4344523	3.4358738	3.4381152	3.4411744	3.4450498	3.4497395	3.4552416	3.4615542	3.4686756	3.476604	3.4853374	3.494874	3.505212	3.5163494	3.5282845	3.5410152	3.5545396	3.5688557	3.5839616	3.5998551	3.6165341	3.6339966	3.6522401	3.6712626	3.6910615	3.7116346	3.7329792	3.7550927	3.7779725	3.8016158	3.8260197	3.8511811	3.8770969	3.9037639	3.9311786	3.9593376	3.9882372	4.0178736	4.0482428	4.0793406	4.1111629	4.143705	4.1769625	4.2109305	4.245604	4.2809778	4.3170465	4.3538046	4.3912462	4.4293654	4.4681561	4.5076117	4.5477256	4.5884911	4.629901	4.6719481	4.7146249	4.7579235	4.8018361	4.8463543	4.8914699	4.937174	4.9834578	5.0303121	5.0777275	5.1256945	5.1742031
34.0	4.9811704	5.0298602	5.0790583	5.1287541	5.1789368	5.2295956	5.2807192	5.3322962	5.3843149	5.4367634	5.4896295	5.542901	5.5965652	5.6506093	5.7050203	5.7597849	5.8148897	5.8703209	5.9260648	5.9821073	6.0384339	6.0950304	6.1518819	6.2089736	6.2662905	6.3238174	6.3815387	6.439439	6.4975025	6.5557132	6.6140552	6.672512	6.7310674	6.7897047	6.8484074	6.9071585	6.9659411	7.0247382	7.0835324	7.1423064	7.2010428	7.259724	7.3183322	7.3768498	7.4352586	7.4935408	7.5516783	7.6096529	7.6674462	7.72504	7.7824158	7.839555	7.8964392	7.9530497	8.0093678	8.0653747	8.1210516	8.1763797	8.2313401	8.2859138	8.340082	8.3938255	8.4471254	8.4999627	8.5523184	8.6041733	8.6555084	8.7063047	8.7565431	8.8062047	8.8552704	8.9037213	8.9515385	8.9987029	9.0451959	9.0909986	9.1360923	9.1804583	9.2240781	9.2669332	9.3090052	9.3502758	9.3907268	9.4303402	9.4690982	9.5069828	9.5439765	9.5800619	9.6152216	9.6494386	9.6826959	9.7149769	9.7462651	9.7765442	9.8057982	9.8340115	9.8611685	9.8872541	9.9122533	9.9361517	9.9589348	9.9805889	10.0011	10.020456	10.038643	10.055649	10.071462	10.08607	10.099462	10.111628	10.122558	10.132241	10.140668	10.147831	10.153721	10.158331	10.161654	10.163683	10.164412	10.163836	10.16195	10.15875	10.154233	10.148395	10.141235	10.132751	10.122942	10.111808	10.099349	10.085567	10.070463	10.054041	10.036304	10.017255	9.9969001	9.9752442	9.9522937	9.9280557	9.902538	9.875749	9.8476982	9.8183954	9.7878515	9.7560778	9.7230866	9.6888909	9.6535043	9.6169411	9.5792164	9.5403459	9.5003462	9.4592343	9.417028	9.3737458	9.3294066	9.2840303	9.2376371	9.1902479	9.1418842	9.0925679	9.0423218	8.9911689	8.9391327	8.8862374	8.8325075	8.777968	8.7226444	8.6665623	8.6097481	8.5522282	8.4940295	8.4351792	8.3757048	8.3156339	8.2549945	8.1938147	8.1321229	8.0699477	8.0073175	7.9442612	7.8808075	7.8169854	7.7528238	7.6883516	7.6235978	7.5585911	7.4933604	7.4279344	7.3623418	7.296611	7.2307704	7.1648481	7.098872	7.03287	6.9668695	6.9008977	6.8349816	6.7691478	6.7034228	6.6378325	6.5724025	6.5071582	6.4421245	6.3773259	6.3127864	6.2485299	6.1845794	6.1209579	6.0576876	5.9947905	5.9322878	5.8702005	5.808549	5.7473533	5.6866326	5.6264059	5.5666915	5.5075073	5.4488705	5.390798	5.333306	5.2764102	5.2201257	5.1644673	5.1094491	5.0550847	5.001387	4.9483687	4.8960419	4.8444179	4.7935078	4.7433221	4.6938707	4.6451633	4.5972088	4.5500157	4.5035922	4.4579457	4.4130836	4.3690125	4.3257387	4.283268	4.2416059	4.2007575	4.1607275	4.12152	4.083139	4.0455881	4.0088705	3.972989	3.9379462	3.9037443	3.8703854	3.837871	3.8062025	3.7753811	3.7454077	3.7162829	3.6880072	3.6605807	3.6340034	3.6082752	3.5833957	3.5593643	3.5361805	3.5138434	3.492352	3.4717052	3.4519019	3.4329407	3.4148203	3.3975391	3.3810957	3.3654884	3.3507155	3.3367753	3.323666	3.3113858	3.2999328	3.2893053	3.2795012	3.2705187	3.262356	3.255011	3.2484819	3.2427667	3.2378636	3.2337707	3.2304861	3.228008	3.2263344	3.2254637	3.2253939	3.2261234	3.2276502	3.2299728	3.2330894	3.2369982	3.2416976	3.2471859	3.2534615	3.2605226	3.2683678	3.2769952	3.2864033	3.2965904	3.3075549	3.3192951	3.3318094	3.3450961	3.3591534	3.3739796	3.3895729	3.4059315	3.4230536	3.4409371	3.4595802	3.4789807	3.4991367	3.5200458	3.5417058	3.5641144	3.5872691	3.6111673	3.6358064	3.6611837	3.6872961	3.7141408	3.7417145	3.770014	3.7990358	3.8287763	3.8592319	3.8903985	3.9222721	3.9548486	3.9881234	4.0220919	4.0567494	4.0920909	4.1281111	4.1648048	4.2021662	4.2401897	4.2788692	4.3181984	4.3581709	4.3987801	4.4400189	4.4818804	4.524357	4.5674413	4.6111253	4.6554011	4.7002602	4.7456942	4.7916942	4.8382512	4.885356	4.9329989
35.0	4.7419628	4.7897065	4.837955	4.8866983	4.9359258	4.9856271	5.035791	5.0864066	5.1374625	5.188947	5.2408482	5.2931542	5.3458525	5.3989307	5.4523759	5.5061751	5.5603152	5.6147826	5.6695637	5.7246446	5.7800113	5.8356495	5.8915446	5.947682	6.0040467	6.0606238	6.1173979	6.1743537	6.2314754	6.2887473	6.3461534	6.4036775	6.4613035	6.5190148	6.5767948	6.6346267	6.6924937	6.7503787	6.8082646	6.866134	6.9239694	6.9817534	7.0394683	7.0970962	7.1546194	7.2120196	7.269279	7.3263792	7.3833021	7.4400291	7.4965419	7.552822	7.6088506	7.6646093	7.7200791	7.7752414	7.8300773	7.8845679	7.9386942	7.9924374	8.0457784	8.0986981	8.1511775	8.2031976	8.2547393	8.3057835	8.356311	8.406303	8.4557401	8.5046036	8.5528742	8.6005331	8.6475614	8.69394	8.7396502	8.7846733	8.8289904	8.8725831	8.9154327	8.9575208	8.9988291	9.0393393	9.0790335	9.1178935	9.1559016	9.1930401	9.2292915	9.2646384	9.2990638	9.3325507	9.3650823	9.3966421	9.4272138	9.4567814	9.4853291	9.5128414	9.539303	9.564699	9.5890147	9.6122359	9.6343486	9.6553392	9.6751943	9.6939012	9.7114473	9.7278206	9.7430095	9.7570026	9.7697892	9.781359	9.7917023	9.8008096	9.8086721	9.8152816	9.8206302	9.8247108	9.8275167	9.8290418	9.8292806	9.8282282	9.8258803	9.8222333	9.8172842	9.8110305	9.8034706	9.7946033	9.7844284	9.7729461	9.7601573	9.7460639	9.7306681	9.7139732	9.6959828	9.6767016	9.6561349	9.6342885	9.6111694	9.5867848	9.5611431	9.5342531	9.5061244	9.4767675	9.4461935	9.4144142	9.3814421	9.3472905	9.3119733	9.2755052	9.2379015	9.1991782	9.1593521	9.1184404	9.0764612	9.033433	8.9893751	8.9443074	8.8982502	8.8512246	8.8032521	8.7543549	8.7045554	8.653877	8.6023431	8.5499778	8.4968056	8.4428515	8.3881408	8.3326991	8.2765525	8.2197275	8.1622506	8.1041489	8.0454497	7.9861803	7.9263685	7.8660421	7.8052292	7.743958	7.6822567	7.6201537	7.5576775	7.4948565	7.4317192	7.3682942	7.3046099	7.2406947	7.1765769	7.1122848	7.0478463	6.9832896	6.9186424	6.8539321	6.7891864	6.7244322	6.6596965	6.5950059	6.5303867	6.465865	6.4014664	6.3372164	6.2731399	6.2092615	6.1456054	6.0821956	6.0190554	5.9562077	5.8936753	5.83148	5.7696436	5.7081871	5.6471314	5.5864965	5.5263022	5.4665676	5.4073113	5.3485517	5.2903062	5.2325921	5.1754259	5.1188236	5.0628009	5.0073727	4.9525535	4.8983573	4.8447976	4.7918871	4.7396383	4.6880631	4.6371729	4.5869784	4.5374901	4.4887178	4.4406708	4.3933581	4.346788	4.3009685	4.255907	4.2116106	4.1680859	4.125339	4.0833756	4.0422011	4.0018204	3.962238	3.9234581	3.8854844	3.8483204	3.8119691	3.7764334	3.7417156	3.7078178	3.674742	3.6424895	3.6110617	3.5804596	3.550684	3.5217353	3.493614	3.4663199	3.4398532	3.4142134	3.3894001	3.3654126	3.3422502	3.3199119	3.2983968	3.2777034	3.2578307	3.2387772	3.2205414	3.2031218	3.1865166	3.1707243	3.1557431	3.141571	3.1282065	3.1156474	3.103892	3.0929383	3.0827845	3.0734285	3.0648684	3.0571024	3.0501284	3.0439446	3.0385491	3.03394	3.0301155	3.0270738	3.0248129	3.0233313	3.0226271	3.0226986	3.0235441	3.0251621	3.0275508	3.0307087	3.0346343	3.0393259	3.0447821	3.0510014	3.0579824	3.0657235	3.0742233	3.0834805	3.0934935	3.104261	3.1157816	3.1280538	3.1410761	3.1548472	3.1693656	3.1846296	3.2006379	3.2173888	3.2348807	3.2531118	3.2720806	3.2917852	3.3122237	3.3333942	3.3552946	3.3779229	3.4012768	3.4253541	3.4501522	3.4756688	3.501901	3.5288461	3.5565013	3.5848634	3.6139292	3.6436954	3.6741584	3.7053146	3.7371601	3.7696908	3.8029026	3.836791	3.8713515	3.9065793	3.9424693	3.9790163	4.016215	4.0540598	4.0925447	4.1316637	4.1714106	4.2117787	4.2527614	4.2943517	4.3365423	4.3793259	4.4226946	4.4666405	4.5111555	4.5562312	4.6018587	4.6480294	4.6947338
36.0	4.5061105	4.5528378	4.6000658	4.6477846	4.6959842	4.7446543	4.7937843	4.8433633	4.8933803	4.943824	4.9946828	5.0459449	5.0975984	5.1496308	5.2020298	5.2547825	5.307876	5.3612971	5.4150323	5.4690681	5.5233906	5.5779856	5.632839	5.6879361	5.7432624	5.7988029	5.8545425	5.9104661	5.966558	6.0228026	6.0791842	6.1356867	6.192294	6.2489897	6.3057573	6.3625802	6.4194416	6.4763245	6.5332118	6.5900863	6.6469307	6.7037274	6.7604588	6.8171072	6.8736547	6.9300835	6.9863753	7.0425121	7.0984756	7.1542474	7.2098092	7.2651423	7.3202282	7.3750483	7.4295838	7.4838159	7.5377258	7.5912946	7.6445034	7.6973332	7.749765	7.8017798	7.8533586	7.9044822	7.9551316	8.0052877	8.0549315	8.1040439	8.1526059	8.2005983	8.2480024	8.2947991	8.3409694	8.3864947	8.431356	8.4755346	8.519012	8.5617695	8.6037888	8.6450514	8.6855391	8.7252338	8.7641175	8.8021724	8.8393808	8.875725	8.9111879	8.9457522	8.9794009	9.0121173	9.0438848	9.0746871	9.1045081	9.133332	9.1611433	9.1879267	9.2136672	9.2383501	9.261961	9.2844861	9.3059115	9.326224	9.3454107	9.363459	9.3803568	9.3960923	9.4106542	9.4240318	9.4362146	9.4471926	9.4569566	9.4654975	9.4728069	9.478877	9.4837004	9.4872703	9.4895805	9.4906253	9.4903998	9.4888993	9.4861202	9.4820592	9.4767137	9.4700818	9.4621622	9.4529543	9.4424582	9.4306746	9.417605	9.4032514	9.3876168	9.3707046	9.3525191	9.3330653	9.3123488	9.290376	9.2671541	9.2426908	9.2169948	9.1900753	9.1619423	9.1326065	9.1020794	9.070373	9.0375002	9.0034745	8.9683101	8.932022	8.8946256	8.8561373	8.8165738	8.7759526	8.734292	8.6916107	8.6479279	8.6032637	8.5576385	8.5110734	8.46359	8.4152104	8.3659571	8.3158532	8.2649224	8.2131886	8.1606761	8.1074098	8.0534149	7.9987168	7.9433416	7.8873152	7.8306643	7.7734155	7.7155958	7.6572323	7.5983525	7.5389838	7.479154	7.4188908	7.3582222	7.2971761	7.2357806	7.1740635	7.1120531	7.0497773	6.987264	6.9245412	6.8616367	6.798578	6.7353928	6.6721084	6.608752	6.5453506	6.4819309	6.4185196	6.3551428	6.2918265	6.2285965	6.1654779	6.102496	6.0396753	5.9770402	5.9146145	5.8524219	5.7904854	5.7288277	5.6674712	5.6064375	5.5457482	5.4854241	5.4254855	5.3659526	5.3068446	5.2481806	5.1899791	5.1322579	5.0750345	5.0183258	4.9621483	4.9065177	4.8514495	4.7969585	4.7430589	4.6897647	4.6370889	4.5850445	4.5336435	4.4828978	4.4328185	4.3834163	4.3347014	4.2866836	4.239372	4.1927754	4.1469021	4.1017598	4.0573559	4.0136973	3.9707904	3.9286412	3.8872554	3.8466382	3.8067943	3.7677281	3.7294437	3.6919447	3.6552343	3.6193157	3.5841913	3.5498635	3.5163343	3.4836054	3.4516782	3.4205538	3.3902331	3.3607168	3.3320053	3.3040987	3.276997	3.2507001	3.2252074	3.2005184	3.1766323	3.1535483	3.1312653	3.1097821	3.0890975	3.06921	3.0501181	3.0318204	3.014315	2.9976004	2.9816746	2.9665359	2.9521824	2.9386122	2.9258233	2.9138138	2.9025816	2.892125	2.8824417	2.87353	2.8653877	2.8580131	2.851404	2.8455588	2.8404754	2.836152	2.8325869	2.8297782	2.8277242	2.8264232	2.8258736	2.8260738	2.8270221	2.8287171	2.8311572	2.834341	2.838267	2.8429339	2.8483404	2.8544851	2.8613668	2.8689841	2.8773359	2.8864208	2.8962378	2.9067856	2.918063	2.9300689	2.942802	2.9562612	2.9704452	2.9853528	3.0009827	3.0173336	3.0344043	3.0521932	3.0706991	3.0899204	3.1098555	3.1305029	3.1518609	3.1739275	3.1967011	3.2201796	3.244361	3.269243	3.2948234	3.3210997	3.3480694	3.3757297	3.4040779	3.433111	3.4628257	3.4932189	3.5242869	3.5560263	3.588433	3.6215032	3.6552326	3.6896168	3.7246512	3.760331	3.7966511	3.8336064	3.8711914	3.9094004	3.9482274	3.9876664	4.0277111	4.0683547	4.1095905	4.1514113	4.19381	4.2367788	4.28031	4.3243954	4.3690269	4.4141958	4.4598934
37.0	4.2740811	4.3197265	4.3658675	4.4124947	4.4595983	4.5071684	4.5551946	4.6036666	4.6525735	4.7019044	4.7516481	4.8017929	4.8523273	4.9032391	4.9545162	5.0061462	5.0581162	5.1104134	5.1630247	5.2159365	5.2691354	5.3226074	5.3763386	5.4303146	5.4845209	5.538943	5.5935658	5.6483744	5.7033534	5.7584874	5.8137607	5.8691574	5.9246617	5.9802572	6.0359276	6.0916565	6.1474271	6.2032226	6.2590261	6.3148204	6.3705883	6.4263124	6.4819751	6.5375588	6.5930457	6.648418	6.7036577	6.7587466	6.8136667	6.8683995	6.9229267	6.9772299	7.0312905	7.0850899	7.1386095	7.1918305	7.244734	7.2973013	7.3495136	7.4013517	7.4527969	7.50383	7.5544322	7.6045844	7.6542675	7.7034626	7.7521507	7.8003127	7.8479296	7.8949825	7.9414526	7.9873208	8.0325684	8.0771767	8.1211269	8.1644004	8.2069786	8.2488432	8.2899758	8.3303581	8.3699721	8.4087998	8.4468233	8.4840249	8.5203871	8.5558926	8.5905242	8.6242649	8.6570979	8.6890067	8.7199749	8.7499866	8.7790257	8.8070768	8.8341246	8.8601541	8.8851506	8.9090997	8.9319873	8.9537997	8.9745237	8.9941462	9.0126547	9.0300368	9.046281	9.0613757	9.0753101	9.0880737	9.0996565	9.110049	9.1192422	9.1272275	9.133997	9.1395431	9.143859	9.1469383	9.1487751	9.1493644	9.1487014	9.1467821	9.1436032	9.1391619	9.133456	9.1264841	9.1182452	9.1087393	9.0979667	9.0859288	9.0726273	9.0580647	9.0422443	9.0251701	9.0068466	8.9872793	8.9664741	8.9444378	8.9211779	8.8967026	8.8710207	8.8441418	8.8160762	8.786835	8.7564298	8.724873	8.6921777	8.6583576	8.6234271	8.5874013	8.550296	8.5121276	8.4729129	8.4326698	8.3914163	8.3491713	8.3059542	8.261785	8.2166842	8.1706729	8.1237725	8.0760052	8.0273935	7.9779603	7.9277292	7.8767239	7.8249686	7.7724881	7.7193073	7.6654515	7.6109463	7.5558177	7.5000918	7.443795	7.3869539	7.3295955	7.2717467	7.2134347	7.1546866	7.09553	7.0359923	6.9761009	6.9158835	6.8553674	6.7945804	6.7335498	6.672303	6.6108674	6.5492702	6.4875386	6.4256993	6.3637793	6.301805	6.2398028	6.1777988	6.1158189	6.0538887	5.9920334	5.9302781	5.8686474	5.8071657	5.7458569	5.6847446	5.6238521	5.563202	5.5028169	5.4427186	5.3829288	5.3234684	5.2643582	5.2056182	5.1472682	5.0893274	5.0318145	4.9747477	4.9181447	4.8620227	4.8063985	4.7512881	4.6967074	4.6426714	4.5891948	4.5362917	4.4839757	4.43226	4.3811569	4.3306787	4.2808369	4.2316425	4.1831061	4.1352376	4.0880468	4.0415425	3.9957335	3.9506279	3.9062332	3.8625568	3.8196053	3.7773851	3.7359021	3.6951617	3.655169	3.6159286	3.5774449	3.5397217	3.5027626	3.4665706	3.4311488	3.3964995	3.3626249	3.3295269	3.2972071	3.2656668	3.2349069	3.2049284	3.1757316	3.1473168	3.1196842	3.0928336	3.0667646	3.0414767	3.0169692	2.9932412	2.9702918	2.9481197	2.9267238	2.9061025	2.8862544	2.867178	2.8488714	2.8313331	2.8145611	2.7985535	2.7833085	2.7688241	2.7550983	2.742129	2.7299143	2.7184522	2.7077405	2.6977772	2.6885604	2.680088	2.672358	2.6653685	2.6591176	2.6536033	2.6488239	2.6447774	2.6414623	2.6388766	2.6370188	2.6358873	2.6354804	2.6357967	2.6368347	2.6385929	2.64107	2.6442646	2.6481756	2.6528016	2.6581415	2.6641941	2.6709584	2.6784332	2.6866174	2.6955102	2.7051105	2.7154173	2.7264296	2.7381465	2.7505671	2.7636904	2.7775154	2.7920412	2.8072667	2.823191	2.8398131	2.8571317	2.8751459	2.8938543	2.9132558	2.9333491	2.9541328	2.9756053	2.9977653	3.0206111	3.0441408	3.0683527	3.0932449	3.1188151	3.1450614	3.1719812	3.1995722	3.2278317	3.2567569	3.286345	3.3165927	3.3474968	3.379054	3.4112604	3.4441124	3.4776058	3.5117365	3.5465001	3.5818919	3.617907	3.6545404	3.6917869	3.7296408	3.7680965	3.8071479	3.8467889	3.8870129	3.9278133	3.9691832	4.0111154	4.0536023	4.0966364	4.1402096	4.1843138	4.2289405
38.0	4.0463182	4.0908209	4.1358134	4.1812866	4.227231	4.2736371	4.320495	4.3677944	4.415525	4.4636762	4.5122369	4.561196	4.6105421	4.6602635	4.7103483	4.7607842	4.811559	4.8626599	4.9140741	4.9657884	5.0177894	5.0700637	5.1225974	5.1753764	5.2283866	5.2816135	5.3350424	5.3886584	5.4424466	5.4963915	5.5504779	5.6046899	5.6590119	5.7134278	5.7679214	5.8224764	5.8770762	5.9317043	5.9863437	6.0409775	6.0955886	6.1501598	6.2046735	6.2591124	6.3134587	6.3676947	6.4218025	6.4757642	6.5295616	6.5831765	6.6365907	6.6897858	6.7427434	6.7954449	6.8478718	6.9000054	6.951827	7.0033178	7.0544591	7.105232	7.1556176	7.205597	7.2551514	7.3042618	7.3529092	7.4010748	7.4487395	7.4958846	7.5424912	7.5885403	7.6340132	7.6788911	7.7231553	7.7667873	7.8097683	7.8520799	7.8937038	7.9346216	7.9748151	8.0142664	8.0529573	8.0908702	8.1279874	8.1642913	8.1997647	8.2343904	8.2681515	8.3010311	8.3330129	8.3640803	8.3942175	8.4234085	8.4516377	8.47889	8.5051503	8.5304038	8.5546362	8.5778335	8.5999819	8.621068	8.6410789	8.6600018	8.6778246	8.6945355	8.7101229	8.724576	8.7378841	8.7500373	8.7610259	8.7708408	8.7794733	8.7869154	8.7931594	8.7981984	8.8020258	8.8046356	8.8060226	8.8061818	8.8051092	8.802801	8.7992544	8.794467	8.7884371	8.7811635	8.7726459	8.7628845	8.7518802	8.7396345	8.7261497	8.7114287	8.6954752	8.6782933	8.6598882	8.6402654	8.6194315	8.5973934	8.574159	8.5497366	8.5241356	8.4973658	8.4694376	8.4403624	8.4101521	8.3788193	8.3463772	8.3128398	8.2782216	8.2425379	8.2058045	8.1680379	8.1292553	8.0894741	8.0487129	8.0069903	7.9643259	7.9207395	7.8762517	7.8308833	7.784656	7.7375916	7.6897125	7.6410417	7.5916023	7.541418	7.4905128	7.4389112	7.3866379	7.3337178	7.2801764	7.2260393	7.1713321	7.1160811	7.0603125	7.0040527	6.9473283	6.8901661	6.8325928	6.7746354	6.7163207	6.6576759	6.598728	6.5395038	6.4800305	6.4203349	6.3604438	6.300384	6.2401821	6.1798645	6.1194575	6.0589873	5.9984798	5.9379606	5.8774552	5.8169887	5.7565861	5.6962719	5.6360705	5.5760056	5.5161011	5.45638	5.3968653	5.3375794	5.2785444	5.2197819	5.1613132	5.103159	5.0453396	4.987875	4.9307846	4.8740872	4.8178013	4.7619449	4.7065355	4.6515901	4.597125	4.5431564	4.4896995	4.4367695	4.3843806	4.3325469	4.2812818	4.2305981	4.1805083	4.1310241	4.0821571	4.0339181	3.9863174	3.939365	3.8930702	3.847442	3.8024888	3.7582187	3.714639	3.6717569	3.629579	3.5881114	3.54736	3.50733	3.4680265	3.4294539	3.3916163	3.3545176	3.3181611	3.2825499	3.2476868	3.213574	3.1802136	3.1476074	3.1157569	3.0846632	3.0543272	3.0247496	2.9959308	2.9678709	2.9405698	2.9140274	2.8882432	2.8632164	2.8389464	2.8154321	2.7926724	2.770666	2.7494116	2.7289076	2.7091524	2.6901444	2.6718818	2.6543626	2.6375851	2.6215471	2.6062468	2.591682	2.5778507	2.5647507	2.5523801	2.5407366	2.5298181	2.5196226	2.510148	2.5013922	2.4933532	2.486029	2.4794177	2.4735172	2.4683259	2.4638418	2.4600631	2.4569882	2.4546153	2.452943	2.4519696	2.4516936	2.4521137	2.4532284	2.4550365	2.4575367	2.4607278	2.4646087	2.4691783	2.4744356	2.4803796	2.4870093	2.4943239	2.5023226	2.5110044	2.5203687	2.5304146	2.5411414	2.5525485	2.564635	2.5774002	2.5908435	2.6049642	2.6197615	2.6352346	2.6513829	2.6682054	2.6857014	2.7038699	2.7227101	2.7422209	2.7624012	2.78325	2.804766	2.8269478	2.8497941	2.8733034	2.8974741	2.9223044	2.9477925	2.9739364	3.000734	3.028183	3.056281	3.0850254	3.1144135	3.1444424	3.175109	3.2064101	3.2383422	3.2709016	3.3040846	3.337887	3.3723047	3.4073331	3.4429676	3.4792033	3.516035	3.5534574	3.5914649	3.6300516	3.6692115	3.7089382	3.7492252	3.7900657	3.8314526	3.8733786	3.9158361	3.9588173	4.0023141
39.0	3.8232402	3.8665444	3.9103318	3.9545935	3.9993207	4.044504	4.0901338	4.1362003	4.1826935	4.229603	4.2769183	4.3246284	4.3727223	4.4211887	4.4700158	4.5191919	4.5687049	4.6185423	4.6686917	4.7191401	4.7698744	4.8208815	4.8721478	4.9236594	4.9754025	5.0273628	5.0795259	5.1318772	5.1844019	5.2370849	5.289911	5.3428647	5.3959306	5.4490927	5.5023351	5.5556417	5.6089961	5.6623818	5.7157823	5.7691806	5.82256	5.8759031	5.929193	5.9824121	6.0355429	6.088568	6.1414695	6.1942295	6.2468303	6.2992536	6.3514813	6.4034953	6.4552772	6.5068086	6.5580711	6.6090461	6.659715	6.7100593	6.7600602	6.809699	6.8589571	6.9078155	6.9562556	7.0042585	7.0518055	7.0988777	7.1454563	7.1915226	7.2370579	7.2820434	7.3264606	7.3702907	7.4135152	7.4561158	7.4980738	7.5393712	7.5799895	7.6199108	7.6591171	7.6975904	7.735313	7.7722673	7.8084359	7.8438016	7.8783471	7.9120557	7.9449106	7.9768953	8.0079936	8.0381894	8.0674669	8.0958105	8.123205	8.1496355	8.1750871	8.1995457	8.2229969	8.2454273	8.2668232	8.2871718	8.3064604	8.3246767	8.3418089	8.3578454	8.3727752	8.3865878	8.399273	8.4108211	8.421223	8.4304698	8.4385534	8.445466	8.4512006	8.4557504	8.4591094	8.461272	8.4622333	8.4619889	8.460535	8.4578684	8.4539866	8.4488876	8.4425701	8.4350335	8.4262776	8.4163031	8.4051113	8.3927041	8.3790841	8.3642546	8.3482195	8.3309835	8.3125519	8.2929307	8.2721266	8.2501469	8.2269997	8.2026938	8.1772386	8.1506441	8.1229212	8.0940813	8.0641364	8.0330994	8.0009837	7.9678033	7.9335729	7.8983079	7.8620241	7.8247381	7.786467	7.7472285	7.707041	7.6659231	7.6238943	7.5809745	7.537184	7.4925437	7.4470749	7.4007995	7.3537397	7.3059181	7.2573577	7.208082	7.1581148	7.1074801	7.0562024	7.0043064	6.9518171	6.8987596	6.8451595	6.7910425	6.7364342	6.6813609	6.6258484	6.5699232	6.5136115	6.4569398	6.3999344	6.3426218	6.2850284	6.2271807	6.1691051	6.1108278	6.0523751	5.993773	5.9350476	5.8762246	5.8173296	5.7583881	5.6994253	5.6404662	5.5815355	5.5226577	5.4638569	5.405157	5.3465815	5.2881537	5.2298964	5.1718321	5.1139829	5.0563705	4.9990161	4.9419408	4.8851649	4.8287084	4.772591	4.7168318	4.6614493	4.6064618	4.551887	4.497742	4.4440437	4.3908082	4.3380512	4.285788	4.2340333	4.1828014	4.1321059	4.0819601	4.0323766	3.9833677	3.9349451	3.8871199	3.839903	3.7933044	3.7473339	3.7020008	3.6573138	3.6132812	3.5699108	3.5272101	3.4851859	3.4438448	3.4031927	3.3632353	3.3239779	3.2854251	3.2475814	3.2104509	3.1740371	3.1383434	3.1033727	3.0691275	3.0356102	3.0028227	2.9707665	2.9394431	2.9088536	2.8789986	2.8498787	2.8214943	2.7938453	2.7669316	2.7407528	2.7153084	2.6905975	2.6666194	2.6433728	2.6208565	2.5990693	2.5780095	2.5576755	2.5380658	2.5191783	2.5010114	2.4835629	2.466831	2.4508135	2.4355083	2.4209132	2.4070262	2.393845	2.3813674	2.3695913	2.3585145	2.3481348	2.33845	2.3294581	2.3211569	2.3135445	2.3066187	2.3003778	2.2948196	2.2899425	2.2857445	2.2822241	2.2793794	2.277209	2.2757112	2.2748847	2.2747279	2.2752397	2.2764186	2.2782636	2.2807735	2.2839473	2.2877839	2.2922824	2.297442	2.3032618	2.309741	2.3168791	2.3246752	2.3331287	2.3422392	2.3520059	2.3624285	2.3735063	2.385239	2.397626	2.4106669	2.4243611	2.4387084	2.453708	2.4693596	2.4856626	2.5026165	2.5202206	2.5384744	2.557377	2.5769278	2.5971258	2.6179703	2.6394601	2.6615943	2.6843716	2.7077908	2.7318505	2.7565491	2.781885	2.8078565	2.8344616	2.8616982	2.8895642	2.9180572	2.9471746	2.9769137	3.0072717	3.0382454	3.0698316	3.1020268	3.1348274	3.1682294	3.2022289	3.2368214	3.2720024	3.3077673	3.3441109	3.3810282	3.4185136	3.4565615	3.4951659	3.5343206	3.5740193	3.6142551	3.6550211	3.6963103	3.738115	3.7804276
40.0	3.6052387	3.6472937	3.6898245	3.7328227	3.7762796	3.8201863	3.8645337	3.9093122	3.9545121	4.0001235	4.0461361	4.0925393	4.1393225	4.1864746	4.2339842	4.28184	4.33003	4.3785423	4.4273645	4.4764841	4.5258884	4.5755644	4.6254987	4.6756781	4.7260886	4.7767165	4.8275475	4.8785674	4.9297615	4.9811151	5.0326132	5.0842406	5.135982	5.1878217	5.2397441	5.2917332	5.343773	5.3958471	5.4479391	5.5000325	5.5521105	5.6041562	5.6561525	5.7080824	5.7599284	5.8116732	5.8632992	5.9147888	5.9661241	6.0172874	6.0682605	6.1190256	6.1695643	6.2198586	6.2698901	6.3196404	6.3690912	6.4182239	6.4670201	6.5154612	6.5635286	6.6112038	6.658468	6.7053027	6.7516892	6.797609	6.8430434	6.8879738	6.9323817	6.9762485	7.0195558	7.0622851	7.1044182	7.1459367	7.1868225	7.2270574	7.2666234	7.3055027	7.3436775	7.3811301	7.4178431	7.453799	7.4889808	7.5233714	7.5569539	7.5897118	7.6216285	7.652688	7.6828741	7.7121713	7.7405639	7.7680367	7.7945749	7.8201637	7.8447887	7.868436	7.8910918	7.9127428	7.9333758	7.9529783	7.971538	7.9890429	8.0054816	8.020843	8.0351164	8.0482917	8.0603591	8.0713093	8.0811336	8.0898235	8.0973712	8.1037696	8.1090118	8.1130915	8.1160032	8.1177416	8.1183023	8.1176812	8.115875	8.1128808	8.1086966	8.1033207	8.0967522	8.0889908	8.0800369	8.0698913	8.0585558	8.0460326	8.0323246	8.0174356	8.0013696	7.9841318	7.9657276	7.9461634	7.9254461	7.9035834	7.8805835	7.8564554	7.8312087	7.8048538	7.7774015	7.7488635	7.719252	7.6885799	7.6568608	7.6241087	7.5903384	7.5555653	7.5198054	7.4830751	7.4453916	7.4067726	7.3672363	7.3268014	7.2854871	7.2433133	7.2003001	7.1564684	7.1118392	7.0664341	7.0202752	6.9733848	6.9257857	6.877501	6.8285543	6.7789692	6.7287698	6.6779806	6.626626	6.5747309	6.5223202	6.4694193	6.4160535	6.3622483	6.3080292	6.2534221	6.1984527	6.1431468	6.0875303	6.0316291	5.975469	5.9190758	5.8624753	5.805693	5.7487547	5.6916856	5.6345112	5.5772564	5.5199462	5.4626054	5.4052585	5.3479296	5.2906429	5.2334219	5.1762903	5.1192709	5.0623867	5.0056601	4.9491132	4.8927677	4.8366449	4.7807657	4.7251507	4.6698201	4.6147934	4.56009	4.5057286	4.4517276	4.3981048	4.3448777	4.2920633	4.2396778	4.1877375	4.1362576	4.0852533	4.0347389	3.9847286	3.9352357	3.8862733	3.837854	3.7899896	3.7426917	3.6959714	3.6498391	3.604305	3.5593785	3.5150687	3.4713843	3.4283333	3.3859236	3.3441622	3.303056	3.2626114	3.2228342	3.1837299	3.1453036	3.10756	3.0705034	3.0341376	2.9984663	2.9634924	2.929219	2.8956483	2.8627827	2.8306239	2.7991734	2.7684324	2.738402	2.7090827	2.680475	2.6525791	2.6253949	2.5989222	2.5731604	2.5481089	2.5237668	2.5001331	2.4772065	2.4549858	2.4334695	2.4126559	2.3925434	2.3731301	2.3544141	2.3363934	2.3190661	2.3024299	2.2864827	2.2712223	2.2566464	2.2427529	2.2295394	2.2170036	2.2051433	2.1939563	2.1834402	2.1735929	2.1644122	2.1558959	2.148042	2.1408483	2.1343128	2.1284337	2.123209	2.1186369	2.1147156	2.1114435	2.108819	2.1068404	2.1055064	2.1048155	2.1047665	2.1053581	2.1065892	2.1084586	2.1109654	2.1141087	2.1178875	2.1223011	2.1273488	2.1330299	2.1393438	2.14629	2.153868	2.1620773	2.1709176	2.1803885	2.1904897	2.2012208	2.2125818	2.2245722	2.2371919	2.2504407	2.2643182	2.2788244	2.2939588	2.3097214	2.3261117	2.3431295	2.3607744	2.379046	2.3979437	2.4174671	2.4376156	2.4583884	2.4797849	2.5018041	2.524445	2.5477067	2.5715879	2.5960873	2.6212035	2.646935	2.6732799	2.7002364	2.7278025	2.7559761	2.7847547	2.8141359	2.8441168	2.8746947	2.9058664	2.9376285	2.9699777	3.0029101	3.0364219	3.070509	3.1051668	3.1403908	3.1761763	3.212518	3.2494107	3.2868488	3.3248266	3.3633379	3.4023764	3.4419356	3.4820087	3.5225885	3.5636677
41.0	3.3926779	3.4334381	3.474666	3.5163536	3.5584926	3.6010744	3.6440902	3.687531	3.7313872	3.7756493	3.8203074	3.8653514	3.9107707	3.9565548	4.0026927	4.0491731	4.0959846	4.1431156	4.190554	4.2382877	4.2863041	4.3345906	4.3831343	4.431922	4.4809403	4.5301755	4.5796139	4.6292413	4.6790435	4.7290059	4.7791139	4.8293526	4.8797068	4.9301612	4.9807004	5.0313088	5.0819703	5.1326691	5.183389	5.2341135	5.2848262	5.3355104	5.3861493	5.4367259	5.4872233	5.5376241	5.587911	5.6380667	5.6880734	5.7379136	5.7875695	5.8370232	5.8862568	5.9352523	5.9839916	6.0324565	6.0806288	6.1284903	6.1760225	6.2232073	6.2700262	6.3164608	6.3624927	6.4081034	6.4532746	6.4979879	6.5422247	6.5859669	6.6291959	6.6718937	6.7140418	6.7556221	6.7966165	6.8370069	6.8767754	6.9159042	6.9543754	6.9921715	7.029275	7.0656684	7.1013345	7.1362563	7.1704169	7.2037995	7.2363876	7.2681648	7.2991151	7.3292226	7.3584715	7.3868465	7.4143324	7.4409143	7.4665776	7.4913079	7.5150914	7.5379142	7.559763	7.5806249	7.6004871	7.6193375	7.637164	7.6539551	7.6696999	7.6843875	7.6980077	7.7105508	7.7220073	7.7323684	7.7416257	7.7497713	7.7567977	7.7626982	7.7674662	7.771096	7.7735823	7.7749203	7.775106	7.7741357	7.7720064	7.7687157	7.7642618	7.7586436	7.7518604	7.7439124	7.7348001	7.7245249	7.7130888	7.7004943	7.6867447	7.671844	7.6557966	7.6386078	7.6202834	7.60083	7.5802547	7.5585655	7.5357708	7.5118797	7.486902	7.4608482	7.4337294	7.4055573	7.3763442	7.3461031	7.3148476	7.2825918	7.2493506	7.2151392	7.1799737	7.1438705	7.1068467	7.0689199	7.0301081	6.9904301	6.9499048	6.9085519	6.8663915	6.8234441	6.7797305	6.7352722	6.6900907	6.6442084	6.5976475	6.5504309	6.5025818	6.4541234	6.4050794	6.3554739	6.3053308	6.2546747	6.20353	6.1519214	6.0998739	6.0474123	5.9945617	5.9413474	5.8877944	5.8339282	5.7797738	5.7253565	5.6707016	5.6158342	5.5607794	5.5055622	5.4502073	5.3947397	5.3391838	5.283564	5.2279045	5.1722294	5.1165624	5.060927	5.0053464	4.9498436	4.8944412	4.8391617	4.7840269	4.7290587	4.6742782	4.6197064	4.5653638	4.5112707	4.4574468	4.4039114	4.3506834	4.2977812	4.245223	4.1930262	4.141208	4.089785	4.0387734	3.988189	3.9380468	3.8883617	3.8391478	3.7904191	3.7421887	3.6944693	3.6472734	3.6006127	3.5544986	3.5089417	3.4639526	3.419541	3.3757164	3.3324876	3.2898631	3.2478509	3.2064586	3.1656931	3.1255613	3.0860691	3.0472225	3.0090268	2.971487	2.9346075	2.8983926	2.8628461	2.8279713	2.7937713	2.7602487	2.7274061	2.6952453	2.6637681	2.6329759	2.6028699	2.5734508	2.5447193	2.5166756	2.4893199	2.4626519	2.4366713	2.4113775	2.3867698	2.362847	2.3396082	2.317052	2.295177	2.2739815	2.2534639	2.2336224	2.2144551	2.1959598	2.1781347	2.1609774	2.1444858	2.1286576	2.1134906	2.0989823	2.0851305	2.0719327	2.0593867	2.04749	2.0362404	2.0256354	2.0156729	2.0063505	1.997666	1.9896172	1.9822021	1.9754185	1.9692644	1.963738	1.9588374	1.9545607	1.9509062	1.9478724	1.9454576	1.9436604	1.9424793	1.9419131	1.9419606	1.9426206	1.943892	1.9457739	1.9482654	1.9513657	1.9550741	1.9593899	1.9643125	1.9698415	1.9759764	1.9827168	1.9900625	1.9980131	2.0065684	2.0157284	2.0254929	2.0358617	2.0468349	2.0584125	2.0705944	2.0833806	2.0967712	2.1107661	2.1253653	2.140569	2.1563769	2.1727891	2.1898054	2.2074258	2.22565	2.2444778	2.2639088	2.2839427	2.304579	2.3258172	2.3476565	2.3700963	2.3931357	2.4167736	2.4410091	2.4658407	2.4912672	2.5172871	2.5438986	2.5710999	2.5988889	2.6272636	2.6562215	2.6857601	2.7158767	2.7465683	2.7778317	2.8096636	2.8420605	2.8750186	2.9085338	2.942602	2.9772186	3.0123789	3.0480781	3.0843109	3.1210718	3.1583553	3.1961553	3.2344657	3.27328	3.3125914	3.3523932
42.0	3.1858927	3.2253179	3.2652019	3.3055373	3.3463161	3.3875301	3.4291707	3.4712293	3.5136969	3.5565642	3.5998216	3.6434594	3.6874675	3.7318354	3.7765528	3.8216086	3.8669918	3.9126911	3.9586947	4.0049908	4.0515673	4.0984118	4.1455118	4.1928543	4.2404264	4.2882146	4.3362054	4.3843852	4.4327398	4.4812552	4.5299168	4.5787101	4.6276203	4.6766323	4.725731	4.774901	4.8241266	4.8733922	4.9226818	4.9719793	5.0212685	5.070533	5.1197563	5.1689215	5.218012	5.2670108	5.3159007	5.3646646	5.4132851	5.4617449	5.5100264	5.5581119	5.6059838	5.6536244	5.7010157	5.7481398	5.7949787	5.8415145	5.8877291	5.9336042	5.9791219	6.0242639	6.0690121	6.1133483	6.1572543	6.2007119	6.243703	6.2862095	6.3282133	6.3696963	6.4106406	6.4510283	6.4908414	6.5300623	6.5686732	6.6066566	6.643995	6.6806711	6.7166676	6.7519674	6.7865537	6.8204096	6.8535186	6.8858643	6.9174305	6.948201	6.9781603	7.0072926	7.0355827	7.0630154	7.0895761	7.1152501	7.1400232	7.1638815	7.1868112	7.2087992	7.2298324	7.2498982	7.2689843	7.2870789	7.3041703	7.3202476	7.3353	7.3493171	7.3622893	7.374207	7.3850613	7.3948437	7.4035463	7.4111615	7.4176823	7.4231022	7.4274152	7.430616	7.4326995	7.4336616	7.4334983	7.4322066	7.4297836	7.4262276	7.4215369	7.4157107	7.4087489	7.4006517	7.3914202	7.3810561	7.3695615	7.3569395	7.3431934	7.3283275	7.3123466	7.2952561	7.2770622	7.2577716	7.2373916	7.2159302	7.1933963	7.1697989	7.1451482	7.1194545	7.0927292	7.0649839	7.0362311	7.0064838	6.9757556	6.9440606	6.9114137	6.8778301	6.8433257	6.8079169	6.7716207	6.7344546	6.6964364	6.6575846	6.6179182	6.5774565	6.5362194	6.494227	6.4515001	6.4080597	6.3639271	6.3191242	6.273673	6.227596	6.1809158	6.1336554	6.0858381	6.0374873	5.9886266	5.93928	5.8894715	5.8392251	5.7885654	5.7375165	5.6861031	5.6343497	5.5822809	5.5299213	5.4772955	5.4244281	5.3713436	5.3180664	5.2646211	5.2110318	5.1573228	5.1035179	5.0496411	4.9957161	4.9417662	4.8878147	4.8338846	4.7799986	4.7261793	4.6724487	4.6188288	4.5653411	4.5120068	4.4588468	4.4058817	4.3531316	4.3006161	4.2483548	4.1963665	4.1446699	4.0932829	4.0422233	3.9915084	3.9411549	3.8911792	3.8415972	3.7924242	3.7436753	3.6953648	3.6475068	3.6001148	3.5532018	3.5067804	3.4608626	3.4154601	3.370584	3.3262448	3.2824527	3.2392175	3.1965483	3.1544539	3.1129425	3.0720221	3.0316999	2.9919829	2.9528776	2.9143902	2.8765261	2.8392907	2.8026887	2.7667247	2.7314026	2.6967261	2.6626986	2.6293228	2.5966016	2.5645369	2.5331309	2.5023852	2.4723009	2.4428792	2.4141208	2.3860261	2.3585954	2.3318287	2.3057256	2.2802858	2.2555084	2.2313927	2.2079376	2.1851418	2.1630039	2.1415224	2.1206957	2.1005218	2.080999	2.0621251	2.0438981	2.0263158	2.0093759	1.9930762	1.9774143	1.9623877	1.9479941	1.934231	1.921096	1.9085866	1.8967003	1.8854348	1.8747876	1.8647564	1.8553388	1.8465325	1.8383353	1.830745	1.8237594	1.8173765	1.8115943	1.8064109	1.8018245	1.7978332	1.7944354	1.7916295	1.789414	1.7877875	1.7867487	1.7862964	1.7864294	1.7871466	1.7884472	1.7903302	1.7927949	1.7958407	1.7994668	1.8036728	1.8084583	1.8138229	1.8197663	1.8262883	1.8333888	1.8410677	1.849325	1.8581606	1.8675747	1.8775674	1.8881389	1.8992893	1.9110188	1.9233277	1.9362162	1.9496845	1.9637329	1.9783617	1.9935709	2.0093609	2.0257319	2.0426838	2.0602168	2.0783309	2.0970261	2.1163023	2.1361593	2.1565969	2.1776146	2.199212	2.2213886	2.2441437	2.2674765	2.2913861	2.3158713	2.3409311	2.3665641	2.3927686	2.4195432	2.4468859	2.4747946	2.5032673	2.5323015	2.5618946	2.5920438	2.6227462	2.6539985	2.6857973	2.718139	2.7510197	2.7844352	2.8183813	2.8528533	2.8878466	2.9233558	2.9593759	2.9959012	3.0329258	3.0704438	3.1084487	3.146934
43.0	2.9851889	3.0232439	3.0617486	3.1006955	3.1400772	3.1798858	3.2201131	3.2607508	3.3017904	3.3432228	3.3850389	3.4272293	3.4697842	3.5126937	3.5559476	3.5995353	3.643446	3.6876688	3.7321925	3.7770054	3.8220957	3.8674516	3.9130606	3.9589104	4.0049881	4.0512807	4.0977751	4.1444579	4.1913153	4.2383335	4.2854984	4.3327957	4.3802109	4.4277292	4.4753359	4.5230158	4.5707537	4.618534	4.6663412	4.7141595	4.7619729	4.8097653	4.8575205	4.905222	4.9528533	5.0003977	5.0478384	5.0951585	5.1423409	5.1893685	5.2362241	5.2828903	5.3293496	5.3755846	5.4215776	5.4673111	5.5127673	5.5579285	5.6027768	5.6472945	5.6914636	5.7352663	5.7786847	5.8217009	5.8642969	5.9064549	5.9481571	5.9893855	6.0301225	6.0703502	6.1100509	6.1492071	6.1878012	6.2258157	6.2632332	6.3000366	6.3362085	6.371732	6.4065903	6.4407665	6.474244	6.5070065	6.5390376	6.5703214	6.6008418	6.6305834	6.6595306	6.6876683	6.7149814	6.7414553	6.7670755	6.791828	6.8156987	6.8386742	6.8607412	6.8818867	6.9020983	6.9213636	6.9396708	6.9570084	6.9733653	6.9887307	7.0030944	7.0164464	7.0287774	7.0400784	7.0503407	7.0595563	7.0677176	7.0748176	7.0808495	7.0858073	7.0896854	7.0924787	7.0941828	7.0947937	7.0943079	7.0927226	7.0900356	7.0862451	7.0813501	7.07535	7.068245	7.0600357	7.0507234	7.04031	7.0287982	7.0161909	7.0024921	6.9877062	6.9718381	6.9548935	6.9368787	6.9178007	6.897667	6.8764857	6.8542656	6.8310162	6.8067474	6.7814699	6.755195	6.7279343	6.6997005	6.6705064	6.6403656	6.6092922	6.5773011	6.5444073	6.5106266	6.4759754	6.4404704	6.4041289	6.3669687	6.3290079	6.2902654	6.2507602	6.2105118	6.1695402	6.1278657	6.0855091	6.0424913	5.9988337	5.954558	5.9096862	5.8642406	5.8182437	5.7717182	5.724687	5.6771734	5.6292006	5.5807921	5.5319715	5.4827626	5.4331891	5.3832749	5.333044	5.2825202	5.2317276	5.18069	5.1294314	5.0779755	5.0263463	4.9745672	4.9226619	4.8706538	4.8185661	4.7664219	4.7142442	4.6620555	4.6098784	4.5577351	4.5056475	4.4536373	4.4017259	4.3499343	4.2982834	4.2467935	4.1954847	4.1443767	4.093489	4.0428403	3.9924494	3.9423343	3.8925129	3.8430024	3.7938197	3.7449814	3.6965034	3.6484013	3.6006902	3.5533847	3.5064991	3.4600472	3.414042	3.3684965	3.3234229	3.2788332	3.2347386	3.19115	3.1480779	3.1055323	3.0635227	3.022058	2.9811469	2.9407974	2.9010173	2.8618137	2.8231935	2.785163	2.7477282	2.7108945	2.6746671	2.6390506	2.6040494	2.5696674	2.5359082	2.5027749	2.4702703	2.438397	2.407157	2.3765523	2.3465843	2.3172542	2.288563	2.2605114	2.2330996	2.2063277	2.1801958	2.1547034	2.12985	2.1056347	2.0820566	2.0591146	2.0368073	2.0151332	1.9940907	1.9736781	1.9538933	1.9347345	1.9161995	1.8982862	1.8809921	1.8643151	1.8482527	1.8328024	1.8179617	1.8037282	1.7900994	1.7770726	1.7646453	1.752815	1.7415792	1.7309354	1.7208812	1.711414	1.7025316	1.6942316	1.6865117	1.6793698	1.6728037	1.6668114	1.6613909	1.6565402	1.6522576	1.6485414	1.6453898	1.6428015	1.6407749	1.6393087	1.6384016	1.6380525	1.6382604	1.6390242	1.6403432	1.6422166	1.6446437	1.647624	1.651157	1.6552423	1.6598795	1.6650686	1.6708094	1.6771018	1.6839458	1.6913415	1.699289	1.7077887	1.7168406	1.7264453	1.7366028	1.7473138	1.7585785	1.7703975	1.7827712	1.7956999	1.8091843	1.8232248	1.8378218	1.8529758	1.8686871	1.8849562	1.9017834	1.9191689	1.937113	1.9556159	1.9746777	1.9942983	2.0144777	2.0352158	2.0565123	2.0783667	2.1007787	2.1237475	2.1472725	2.1713527	2.1959872	2.2211746	2.2469137	2.273203	2.3000408	2.3274251	2.355354	2.3838252	2.4128362	2.4423844	2.472467	2.5030809	2.5342227	2.565889	2.598076	2.6307797	2.663996	2.6977204	2.7319481	2.7666743	2.8018936	2.8376008	2.87379	2.9104552	2.9475904
44.0	2.7908414	2.8274968	2.8645918	2.9021195	2.9400726	2.9784438	3.0172252	3.0564089	3.0959866	3.1359497	3.1762896	3.216997	3.2580627	3.2994771	3.3412302	3.383312	3.425712	3.4684196	3.5114239	3.5547137	3.5982776	3.6421039	3.6861808	3.730496	3.7750372	3.8197917	3.8647467	3.9098891	3.9552056	4.0006825	4.0463063	4.0920629	4.1379381	4.1839176	4.2299868	4.276131	4.3223351	4.3685842	4.4148628	4.4611555	4.5074467	4.5537206	4.5999612	4.6461524	4.692278	4.7383216	4.7842667	4.8300968	4.875795	4.9213445	4.9667285	5.0119297	5.0569312	5.1017157	5.1462659	5.1905645	5.2345941	5.2783372	5.3217764	5.3648941	5.4076727	5.4500947	5.4921424	5.5337984	5.5750449	5.6158645	5.6562396	5.6961527	5.7355862	5.7745228	5.8129451	5.8508358	5.8881778	5.9249537	5.9611467	5.9967398	6.0317162	6.0660591	6.0997522	6.1327788	6.1651229	6.1967684	6.2276993	6.2579	6.287355	6.316049	6.3439669	6.3710939	6.3974154	6.4229172	6.4475851	6.4714055	6.4943647	6.5164498	6.5376478	6.5579462	6.5773328	6.5957957	6.6133237	6.6299054	6.6455303	6.660188	6.6738687	6.6865628	6.6982613	6.7089557	6.7186377	6.7272998	6.7349346	6.7415356	6.7470964	6.7516113	6.7550752	6.7574833	6.7588316	6.7591163	6.7583346	6.7564838	6.753562	6.749568	6.7445008	6.7383603	6.7311468	6.7228615	6.7135057	6.7030818	6.6915925	6.6790412	6.665432	6.6507693	6.6350585	6.6183054	6.6005164	6.5816987	6.5618598	6.5410081	6.5191524	6.4963022	6.4724676	6.4476593	6.4218884	6.3951669	6.3675071	6.3389219	6.3094249	6.2790301	6.2477522	6.2156061	6.1826075	6.1487726	6.1141178	6.0786604	6.0424178	6.005408	5.9676494	5.9291609	5.8899616	5.8500711	5.8095094	5.7682969	5.7264541	5.684002	5.6409619	5.5973552	5.5532038	5.5085296	5.4633549	5.4177022	5.3715939	5.3250528	5.2781019	5.2307641	5.1830625	5.1350204	5.0866608	5.0380071	4.9890825	4.9399103	4.8905137	4.840916	4.7911401	4.7412092	4.6911461	4.6409737	4.5907147	4.5403914	4.4900262	4.4396412	4.3892584	4.3388993	4.2885854	4.2383378	4.1881775	4.138125	4.0882005	4.0384241	3.9888153	3.9393934	3.8901773	3.8411855	3.7924362	3.7439473	3.6957359	3.6478192	3.6002136	3.5529352	3.5059998	3.4594225	3.4132182	3.3674013	3.3219856	3.2769846	3.2324112	3.1882781	3.1445973	3.1013803	3.0586384	3.0163821	2.9746218	2.9333672	2.8926276	2.8524118	2.8127283	2.7735849	2.7349893	2.6969484	2.6594689	2.6225571	2.5862186	2.550459	2.5152831	2.4806956	2.4467007	2.413302	2.3805032	2.3483073	2.3167169	2.2857345	2.2553622	2.2256016	2.1964542	2.1679211	2.1400031	2.1127009	2.0860146	2.0599443	2.0344898	2.0096506	1.9854262	1.9618156	1.9388178	1.9164316	1.8946554	1.8734878	1.8529271	1.8329713	1.8136186	1.7948667	1.7767136	1.7591569	1.7421942	1.7258232	1.7100414	1.6948461	1.6802349	1.6662051	1.6527542	1.6398794	1.6275782	1.6158479	1.6046859	1.5940897	1.5840567	1.5745845	1.5656705	1.5573123	1.5495077	1.5422543	1.53555	1.5293925	1.52378	1.5187103	1.5141817	1.5101923	1.5067405	1.5038247	1.5014433	1.4995951	1.4982787	1.497493	1.4972369	1.4975094	1.4983097	1.499637	1.5014907	1.5038702	1.506775	1.5102048	1.5141594	1.5186386	1.5236423	1.5291705	1.5352233	1.5418009	1.5489035	1.5565315	1.5646851	1.5733649	1.5825714	1.592305	1.6025664	1.6133561	1.6246748	1.6365231	1.6489018	1.6618115	1.6752528	1.6892266	1.7037333	1.7187737	1.7343485	1.750458	1.767103	1.7842839	1.8020011	1.8202549	1.8390457	1.8583736	1.8782388	1.8986413	1.9195809	1.9410575	1.9630708	1.9856202	2.0087053	2.0323252	2.0564791	2.081166	2.1063847	2.1321337	2.1584116	2.1852165	2.2125467	2.2404	2.268774	2.2976663	2.3270741	2.3569945	2.3874243	2.4183602	2.4497984	2.4817351	2.5141662	2.5470875	2.5804942	2.6143816	2.6487446	2.6835778	2.7188756	2.7546322
45.0	2.6030945	2.638326	2.6739865	2.7100695	2.7465682	2.7834754	2.8207838	2.8584858	2.8965735	2.9350387	2.973873	3.0130677	3.0526138	3.0925021	3.1327231	3.173267	3.2141238	3.2552833	3.2967348	3.3384676	3.3804706	3.4227325	3.4652419	3.5079868	3.5509553	3.5941351	3.6375138	3.6810784	3.7248162	3.7687139	3.8127582	3.8569354	3.9012317	3.9456331	3.9901254	4.0346941	4.0793247	4.1240025	4.1687123	4.2134391	4.2581677	4.3028825	4.347568	4.3922083	4.4367877	4.48129	4.5256991	4.5699987	4.6141724	4.6582037	4.702076	4.7457727	4.7892768	4.8325715	4.8756399	4.918465	4.9610298	5.003317	5.0453095	5.0869901	5.1283417	5.1693469	5.2099886	5.2502495	5.2901123	5.3295598	5.3685748	5.4071401	5.4452387	5.4828534	5.5199673	5.5565633	5.5926247	5.6281347	5.6630766	5.6974338	5.7311899	5.7643286	5.7968338	5.8286894	5.8598795	5.8903885	5.9202009	5.9493013	5.9776748	6.0053063	6.0321812	6.0582851	6.0836039	6.1081235	6.1318305	6.1547114	6.1767531	6.197943	6.2182685	6.2377176	6.2562785	6.2739398	6.2906904	6.3065197	6.3214174	6.3353735	6.3483787	6.3604238	6.3715002	6.3815997	6.3907145	6.3988375	6.4059617	6.4120808	6.4171891	6.4212811	6.4243521	6.4263977	6.4274141	6.4273981	6.4263469	6.4242585	6.4211311	6.4169638	6.411756	6.4055078	6.39822	6.3898937	6.3805309	6.3701338	6.3587055	6.3462497	6.3327705	6.3182727	6.3027617	6.2862435	6.2687247	6.2502124	6.2307145	6.2102392	6.1887955	6.166393	6.1430416	6.1187522	6.0935358	6.0674043	6.04037	6.0124458	5.983645	5.9539817	5.9234702	5.8921254	5.8599628	5.8269984	5.7932484	5.7587296	5.7234595	5.6874555	5.6507358	5.6133189	5.5752236	5.5364691	5.4970751	5.4570614	5.4164482	5.375256	5.3335055	5.2912178	5.2484141	5.2051159	5.1613449	5.1171229	5.0724719	5.0274141	4.9819717	4.9361671	4.8900228	4.8435611	4.7968048	4.7497763	4.7024982	4.654993	4.6072833	4.5593915	4.5113399	4.4631509	4.4148465	4.3664489	4.3179798	4.269461	4.220914	4.1723601	4.1238204	4.0753158	4.0268669	3.9784939	3.930217	3.8820559	3.8340302	3.7861588	3.7384607	3.6909542	3.6436576	3.5965884	3.5497641	3.5032016	3.4569175	3.4109279	3.3652487	3.3198951	3.2748821	3.2302241	3.1859351	3.1420289	3.0985185	3.0554166	3.0127355	2.9704871	2.9286826	2.8873331	2.8464488	2.80604	2.766116	2.7266861	2.6877588	2.6493425	2.6114448	2.5740731	2.5372344	2.500935	2.4651812	2.4299785	2.3953322	2.3612472	2.3277279	2.2947783	2.2624023	2.230603	2.1993836	2.1687465	2.1386942	2.1092285	2.0803512	2.0520634	2.0243664	1.9972607	1.970747	1.9448253	1.9194957	1.8947579	1.8706113	1.8470553	1.8240888	1.8017107	1.7799198	1.7587145	1.7380931	1.718054	1.6985951	1.6797144	1.6614097	1.6436788	1.6265192	1.6099286	1.5939045	1.5784441	1.563545	1.5492045	1.5354199	1.5221885	1.5095076	1.4973744	1.4857863	1.4747406	1.4642346	1.4542657	1.4448313	1.4359289	1.427556	1.4197101	1.412389	1.4055903	1.3993119	1.3935516	1.3883074	1.3835774	1.3793596	1.3756525	1.3724543	1.3697634	1.3675786	1.3658984	1.3647216	1.3640472	1.3638741	1.3642014	1.3650284	1.3663545	1.368179	1.3705016	1.3733218	1.3766395	1.3804545	1.3847668	1.3895764	1.3948834	1.4006882	1.406991	1.4137922	1.4210922	1.4288917	1.4371912	1.4459913	1.4552929	1.4650965	1.4754031	1.4862134	1.4975283	1.5093487	1.5216754	1.5345093	1.5478514	1.5617025	1.5760635	1.5909352	1.6063184	1.6222139	1.6386224	1.6555446	1.6729811	1.6909324	1.709399	1.7283812	1.7478794	1.7678936	1.788424	1.8094706	1.8310331	1.8531113	1.8757047	1.8988127	1.9224346	1.9465695	1.9712163	1.9963738	2.0220407	2.0482151	2.0748955	2.1020798	2.1297658	2.1579512	2.1866332	2.2158091	2.2454759	2.2756301	2.3062684	2.337387	2.3689818	2.4010487	2.4335832	2.4665805	2.5000357	2.5339434	2.5682983
46.0	2.4221608	2.4559495	2.4901561	2.5247745	2.5597983	2.5952206	2.6310345	2.6672328	2.7038079	2.7407521	2.7780573	2.8157151	2.853717	2.8920541	2.9307173	2.9696972	3.0089842	3.0485684	3.0884395	3.1285873	3.1690009	3.2096696	3.2505821	3.2917269	3.3330926	3.3746671	3.4164384	3.458394	3.5005215	3.5428079	3.5852403	3.6278055	3.67049	3.7132801	3.7561621	3.7991218	3.842145	3.8852174	3.9283243	3.971451	4.0145825	4.0577038	4.1007995	4.1438544	4.1868529	4.2297793	4.2726177	4.3153524	4.3579672	4.4004461	4.4427727	4.4849307	4.5269036	4.5686751	4.6102285	4.6515471	4.6926142	4.7334132	4.7739271	4.8141392	4.8540327	4.8935905	4.932796	4.9716321	5.010082	5.048129	5.085756	5.1229465	5.1596835	5.1959505	5.2317308	5.2670078	5.3017651	5.3359862	5.369655	5.4027553	5.435271	5.4671861	5.4984851	5.5291521	5.5591718	5.5885289	5.6172084	5.6451952	5.6724748	5.6990326	5.7248545	5.7499263	5.7742345	5.7977654	5.8205058	5.8424429	5.863564	5.8838567	5.9033091	5.9219095	5.9396465	5.9565091	5.9724867	5.987569	6.0017462	6.0150089	6.0273478	6.0387544	6.0492205	6.0587382	6.0673002	6.0748997	6.0815301	6.0871855	6.0918606	6.0955502	6.09825	6.099956	6.1006647	6.1003732	6.0990791	6.0967806	6.0934763	6.0891656	6.0838481	6.0775243	6.0701951	6.0618619	6.0525269	6.0421926	6.0308623	6.0185398	6.0052293	5.990936	5.9756652	5.9594231	5.9422164	5.9240523	5.9049386	5.8848838	5.8638968	5.8419871	5.8191648	5.7954406	5.7708255	5.7453313	5.7189702	5.691755	5.6636989	5.6348157	5.6051196	5.5746254	5.5433482	5.5113038	5.4785081	5.4449778	5.4107298	5.3757814	5.3401503	5.3038547	5.266913	5.229344	5.1911668	5.152401	5.1130661	5.0731821	5.0327695	4.9918485	4.9504399	4.9085647	4.8662439	4.8234987	4.7803505	4.7368209	4.6929315	4.6487039	4.6041599	4.5593213	4.5142101	4.4688479	4.4232567	4.3774582	4.3314743	4.2853265	4.2390365	4.1926258	4.1461158	4.0995277	4.0528825	4.0062012	3.9595045	3.9128128	3.8661466	3.8195257	3.77297	3.726499	3.680132	3.6338879	3.5877853	3.5418425	3.4960776	3.4505081	3.4051514	3.3600244	3.3151436	3.2705252	3.226185	3.1821383	3.1384001	3.094985	3.0519071	3.0091802	2.9668174	2.9248318	2.8832356	2.842041	2.8012593	2.7609019	2.7209792	2.6815016	2.6424788	2.6039202	2.5658346	2.5282306	2.4911161	2.4544988	2.4183859	2.3827841	2.3476997	2.3131387	2.2791066	2.2456085	2.2126492	2.1802329	2.1483637	2.1170451	2.0862804	2.0560724	2.0264237	1.9973365	1.9688126	1.9408536	1.9134607	1.886635	1.860377	1.8346872	1.8095657	1.7850124	1.7610269	1.7376087	1.7147569	1.6924706	1.6707484	1.6495891	1.6289911	1.6089527	1.5894719	1.5705468	1.5521753	1.5343551	1.517084	1.5003593	1.4841787	1.4685395	1.4534391	1.4388748	1.4248439	1.4113435	1.398371	1.3859236	1.3739983	1.3625926	1.3517035	1.3413284	1.3314645	1.3221093	1.31326	1.3049141	1.2970691	1.2897226	1.2828722	1.2765157	1.2706508	1.2652755	1.2603877	1.2559856	1.2520673	1.2486312	1.2456755	1.2431989	1.2412	1.2396775	1.2386303	1.2380573	1.2379576	1.2383304	1.2391751	1.240491	1.2422778	1.244535	1.2472624	1.2504599	1.2541274	1.2582652	1.2628732	1.2679519	1.2735015	1.2795225	1.2860155	1.2929811	1.3004199	1.3083327	1.3167203	1.3255836	1.3349234	1.3447409	1.3550369	1.3658126	1.3770688	1.3888068	1.4010277	1.4137324	1.4269221	1.4405978	1.4547607	1.4694117	1.4845517	1.5001819	1.516303	1.5329159	1.5500214	1.5676201	1.5857127	1.6042998	1.6233816	1.6429587	1.6630311	1.6835991	1.7046625	1.7262212	1.7482748	1.7708231	1.7938652	1.8174006	1.8414281	1.8659468	1.8909553	1.9164521	1.9424356	1.9689038	1.9958548	2.0232862	2.0511956	2.0795801	2.1084369	2.1377627	2.1675542	2.1978077	2.2285194	2.259685	2.2913003	2.3233605	2.3558608	2.388796
47.0	2.2482215	2.2805537	2.3132924	2.3464316	2.3799654	2.4138873	2.4481907	2.4828688	2.5179144	2.55332	2.5890781	2.6251806	2.6616194	2.698386	2.7354715	2.7728672	2.8105635	2.8485512	2.8868203	2.9253609	2.9641626	3.003215	3.0425072	3.0820282	3.1217668	3.1617114	3.2018504	3.2421717	3.2826631	3.3233124	3.3641067	3.4050333	3.4460791	3.4872308	3.5284751	3.5697981	3.6111862	3.6526253	3.6941011	3.7355993	3.7771054	3.8186046	3.8600821	3.9015229	3.9429118	3.9842336	4.0254728	4.0666139	4.1076413	4.1485392	4.1892917	4.2298829	4.2702967	4.3105171	4.3505278	4.3903126	4.4298551	4.469139	4.508148	4.5468654	4.585275	4.6233603	4.6611047	4.6984917	4.735505	4.772128	4.8083444	4.8441377	4.8794917	4.9143899	4.9488163	4.9827547	5.0161889	5.0491032	5.0814815	5.1133082	5.1445676	5.1752442	5.2053228	5.234788	5.2636249	5.2918187	5.3193547	5.3462184	5.3723955	5.3978721	5.4226343	5.4466685	5.4699615	5.4925001	5.5142716	5.5352636	5.5554637	5.5748602	5.5934414	5.611196	5.6281132	5.6441824	5.6593934	5.6737364	5.6872018	5.6997807	5.7114644	5.7222447	5.7321136	5.7410639	5.7490886	5.7561811	5.7623354	5.767546	5.7718078	5.775116	5.7774667	5.7788562	5.7792813	5.7787395	5.7772287	5.7747474	5.7712944	5.7668693	5.7614723	5.7551038	5.7477651	5.7394578	5.7301842	5.7199471	5.70875	5.6965967	5.6834918	5.6694403	5.6544478	5.6385206	5.6216653	5.6038894	5.5852005	5.5656073	5.5451185	5.5237437	5.5014928	5.4783766	5.454406	5.4295926	5.4039485	5.3774863	5.3502191	5.3221604	5.2933243	5.2637253	5.2333783	5.2022987	5.1705022	5.138005	5.1048238	5.0709755	5.0364775	5.0013474	4.9656033	4.9292636	4.8923468	4.854872	4.8168583	4.7783251	4.7392923	4.6997797	4.6598075	4.6193959	4.5785654	4.5373367	4.4957304	4.4537674	4.4114687	4.3688553	4.3259482	4.2827685	4.2393374	4.1956759	4.1518051	4.1077461	4.0635199	4.0191473	3.9746493	3.9300464	3.8853593	3.8406084	3.7958139	3.7509961	3.7061746	3.6613693	3.6165996	3.5718847	3.5272436	3.4826949	3.4382571	3.3939484	3.3497864	3.3057887	3.2619726	3.2183547	3.1749516	3.1317794	3.0888538	3.0461903	3.0038038	2.9617088	2.9199197	2.8784501	2.8373135	2.7965228	2.7560906	2.716029	2.6763497	2.6370639	2.5981827	2.5597162	2.5216746	2.4840673	2.4469036	2.4101921	2.373941	2.3381583	2.3028513	2.2680271	2.2336922	2.1998529	2.1665149	2.1336836	2.101364	2.0695607	2.0382779	2.0075195	1.977289	1.9475894	1.9184237	1.8897941	1.8617029	1.8341518	1.8071423	1.7806755	1.7547524	1.7293736	1.7045393	1.6802497	1.6565046	1.6333035	1.6106458	1.5885306	1.5669569	1.5459234	1.5254287	1.5054711	1.4860488	1.46716	1.4488025	1.4309743	1.4136729	1.3968959	1.380641	1.3649054	1.3496865	1.3349817	1.3207881	1.307103	1.2939235	1.2812468	1.26907	1.2573903	1.2462047	1.2355105	1.2253049	1.2155849	1.206348	1.1975914	1.1893125	1.1815087	1.1741775	1.1673165	1.1609233	1.1549956	1.1495313	1.1445283	1.1399846	1.1358984	1.1322678	1.1290912	1.126367	1.1240939	1.1222704	1.1208955	1.119968	1.1194869	1.1194515	1.1198609	1.1207147	1.1220122	1.1237532	1.1259374	1.1285647	1.131635	1.1351484	1.1391051	1.1435054	1.1483497	1.1536385	1.1593724	1.165552	1.172178	1.1792514	1.1867729	1.1947437	1.2031645	1.2120367	1.2213612	1.2311392	1.241372	1.2520608	1.2632067	1.2748112	1.2868754	1.2994006	1.3123881	1.3258391	1.3397549	1.3541366	1.3689854	1.3843024	1.4000887	1.4163452	1.4330729	1.4502727	1.4679453	1.4860913	1.5047114	1.523806	1.5433754	1.56342	1.5839397	1.6049346	1.6264045	1.6483489	1.6707676	1.6936597	1.7170245	1.7408609	1.7651679	1.7899439	1.8151875	1.8408968	1.8670699	1.8937046	1.9207986	1.9483491	1.9763533	2.0048081	2.0337103	2.0630562	2.0928422	2.1230641	2.1537176	2.1847982	2.2163012
48.0	2.0814256	2.112293	2.1435549	2.1752058	2.2072399	2.2396513	2.2724337	2.3055805	2.3390851	2.3729404	2.4071391	2.4416735	2.4765359	2.5117182	2.5472121	2.5830088	2.6190996	2.6554753	2.6921265	2.7290436	2.7662167	2.8036357	2.8412901	2.8791694	2.9172627	2.9555588	2.9940465	3.0327141	3.07155	3.110542	3.1496779	3.1889453	3.2283316	3.2678239	3.3074091	3.347074	3.3868051	3.4265889	3.4664114	3.5062589	3.5461171	3.5859717	3.6258083	3.6656123	3.7053689	3.7450633	3.7846805	3.8242053	3.8636226	3.9029168	3.9420727	3.9810747	4.0199071	4.0585542	4.0970003	4.1352295	4.1732259	4.2109736	4.2484565	4.2856588	4.3225643	4.3591569	4.3954208	4.4313396	4.4668976	4.5020785	4.5368664	4.5712454	4.6051996	4.6387131	4.6717701	4.7043549	4.7364519	4.7680456	4.7991206	4.8296614	4.8596531	4.8890805	4.9179287	4.946183	4.9738288	5.0008517	5.0272374	5.0529721	5.0780418	5.1024331	5.1261324	5.1491267	5.1714032	5.1929492	5.2137524	5.2338007	5.2530824	5.2715861	5.2893005	5.3062149	5.3223188	5.337602	5.3520549	5.3656679	5.3784321	5.3903388	5.4013798	5.4115471	5.4208335	5.4292319	5.4367357	5.4433387	5.4490355	5.4538206	5.4576894	5.4606376	5.4626614	5.4637575	5.4639232	5.4631561	5.4614543	5.4588168	5.4552426	5.4507316	5.4452841	5.4389008	5.4315832	5.4233331	5.414153	5.4040459	5.3930154	5.3810653	5.3682005	5.354426	5.3397476	5.3241714	5.3077044	5.2903537	5.2721273	5.2530335	5.2330812	5.2122799	5.1906395	5.1681705	5.1448837	5.1207907	5.0959034	5.0702341	5.0437958	5.0166017	4.9886657	4.9600019	4.9306251	4.9005501	4.8697926	4.8383683	4.8062934	4.7735846	4.7402586	4.7063329	4.6718249	4.6367525	4.6011339	4.5649875	4.5283319	4.4911861	4.4535692	4.4155005	4.3769996	4.3380861	4.2987798	4.2591007	4.2190689	4.1787045	4.1380278	4.097059	4.0558186	4.0143269	3.9726041	3.9306708	3.8885472	3.8462536	3.8038102	3.7612371	3.7185543	3.6757818	3.6329393	3.5900464	3.5471225	3.504187	3.4612589	3.418357	3.3755	3.3327064	3.2899941	3.2473811	3.204885	3.1625231	3.1203123	3.0782694	3.0364107	2.9947521	2.9533095	2.912098	2.8711327	2.8304281	2.7899984	2.7498575	2.7100187	2.6704952	2.6312995	2.5924439	2.5539402	2.5157998	2.4780337	2.4406524	2.4036662	2.3670847	2.3309174	2.295173	2.2598601	2.2249867	2.1905605	2.1565888	2.1230784	2.0900357	2.0574667	2.0253772	1.9937722	1.9626568	1.9320353	1.901912	1.8722904	1.8431741	1.814566	1.7864689	1.758885	1.7318165	1.705265	1.679232	1.6537185	1.6287253	1.6042531	1.580302	1.5568722	1.5339632	1.5115747	1.489706	1.4683562	1.447524	1.4272083	1.4074075	1.3881199	1.3693438	1.3510771	1.3333177	1.3160634	1.2993119	1.2830606	1.267307	1.2520485	1.2372824	1.2230058	1.2092161	1.1959102	1.1830854	1.1707387	1.1588672	1.1474679	1.1365379	1.1260744	1.1160743	1.106535	1.0974535	1.0888271	1.0806531	1.0729288	1.0656517	1.0588192	1.052429	1.0464786	1.0409658	1.0358886	1.0312447	1.0270323	1.0232495	1.0198946	1.016966	1.0144621	1.0123817	1.0107234	1.009486	1.0086687	1.0082704	1.0082905	1.0087282	1.0095831	1.0108547	1.0125428	1.0146473	1.017168	1.020105	1.0234586	1.027229	1.0314166	1.036022	1.0410457	1.0464884	1.052351	1.0586342	1.0653391	1.0724667	1.080018	1.0879943	1.0963967	1.1052265	1.1144851	1.1241737	1.1342939	1.1448469	1.1558342	1.1672572	1.1791175	1.1914164	1.2041553	1.2173357	1.230959	1.2450265	1.2595395	1.2744992	1.2899069	1.3057637	1.3220707	1.3388289	1.3560391	1.3737021	1.3918187	1.4103895	1.4294148	1.4488951	1.4688306	1.4892213	1.5100672	1.531368	1.5531234	1.5753328	1.5979954	1.6211104	1.6446767	1.6686931	1.6931579	1.7180696	1.7434263	1.7692259	1.795466	1.8221441	1.8492575	1.8768032	1.904778	1.9331783	1.9620005	1.9912407	2.0208946	2.0509578
49.0	1.9218905	1.95129	1.9810715	2.0112301	2.0417602	2.0726563	2.1039124	2.1355225	2.1674801	2.1997786	2.232411	2.2653701	2.2986486	2.3322385	2.3661322	2.4003211	2.434797	2.4695511	2.5045743	2.5398575	2.5753911	2.6111654	2.6471704	2.6833959	2.7198315	2.7564664	2.7932897	2.8302903	2.8674568	2.9047775	2.9422408	2.9798344	3.0175463	3.0553639	3.0932747	3.1312658	3.1693241	3.2074366	3.2455898	3.2837701	3.3219639	3.3601573	3.3983363	3.4364867	3.4745942	3.5126443	3.5506224	3.588514	3.6263041	3.6639779	3.7015203	3.7389163	3.7761506	3.813208	3.8500731	3.8867305	3.9231648	3.9593605	3.9953019	4.0309737	4.0663601	4.1014456	4.1362145	4.1706513	4.2047403	4.238466	4.2718128	4.3047652	4.3373078	4.3694252	4.4011021	4.4323231	4.4630732	4.4933373	4.5231004	4.5523476	4.5810643	4.6092359	4.6368479	4.663886	4.6903362	4.7161845	4.7414171	4.7660205	4.7899814	4.8132866	4.8359232	4.8578786	4.8791404	4.8996963	4.9195346	4.9386436	4.957012	4.9746289	4.9914835	5.0075654	5.0228646	5.0373715	5.0510766	5.063971	5.0760461	5.0872936	5.0977058	5.1072751	5.1159945	5.1238575	5.1308577	5.1369896	5.1422478	5.1466273	5.1501239	5.1527336	5.1544528	5.1552787	5.1552087	5.1542408	5.1523735	5.1496057	5.1459371	5.1413675	5.1358975	5.1295281	5.1222609	5.1140979	5.1050417	5.0950955	5.0842629	5.0725481	5.0599557	5.0464911	5.0321599	5.0169684	5.0009234	4.9840323	4.9663027	4.9477432	4.9283625	4.9081699	4.8871752	4.8653889	4.8428216	4.8194846	4.7953897	4.770549	4.7449752	4.7186813	4.6916809	4.6639877	4.6356162	4.606581	4.5768973	4.5465804	4.5156462	4.4841107	4.4519906	4.4193024	4.3860634	4.3522909	4.3180025	4.283216	4.2479497	4.2122217	4.1760507	4.1394553	4.1024544	4.0650671	4.0273125	3.9892099	3.9507787	3.9120383	3.8730083	3.8337082	3.7941577	3.7543763	3.7143836	3.6741993	3.6338429	3.5933338	3.5526915	3.5119352	3.4710843	3.4301578	3.3891746	3.3481535	3.3071132	3.2660721	3.2250485	3.1840603	3.1431254	3.1022614	3.0614854	3.0208147	2.9802659	2.9398555	2.8995998	2.8595145	2.8196151	2.779917	2.740435	2.7011835	2.6621769	2.6234288	2.5849527	2.5467616	2.5088683	2.471285	2.4340236	2.3970956	2.3605122	2.324284	2.2884213	2.252934	2.2178317	2.1831233	2.1488176	2.1149228	2.0814468	2.048397	2.0157806	1.9836041	1.9518739	1.9205959	1.8897754	1.8594177	1.8295274	1.8001089	1.7711663	1.7427031	1.7147227	1.6872279	1.6602214	1.6337055	1.6076821	1.5821529	1.5571191	1.5325818	1.5085419	1.4849997	1.4619555	1.4394092	1.4173606	1.3958092	1.3747541	1.3541944	1.3341291	1.3145566	1.2954755	1.276884	1.2587804	1.2411625	1.2240283	1.2073753	1.1912014	1.1755038	1.1602801	1.1455275	1.1312434	1.1174248	1.1040689	1.0911728	1.0787336	1.0667482	1.0552138	1.0441272	1.0334855	1.0232858	1.0135251	1.0042005	0.99530904	0.98684797	0.97881449	0.97120588	0.96401948	0.9572527	0.95090307	0.94496814	0.93944561	0.93433324	0.92962891	0.92533058	0.92143636	0.91794442	0.91485309	0.91216079	0.90986607	0.90796761	0.9064642	0.90535477	0.90463836	0.90431415	0.90438144	0.90483966	0.90568836	0.90692723	0.90855607	0.91057481	0.91298348	0.91578227	0.91897144	0.9225514	0.92652263	0.93088576	0.93564148	0.94079061	0.94633404	0.95227276	0.95860785	0.96534044	0.97247176	0.9800031	0.98793581	0.99627128	1.005011	1.0141564	1.0237091	1.0336705	1.0440424	1.0548262	1.0660236	1.0776362	1.0896655	1.1021133	1.1149809	1.1282699	1.1419819	1.1561183	1.1706804	1.1856696	1.2010872	1.2169343	1.2332121	1.2499215	1.2670635	1.2846389	1.3026484	1.3210925	1.3399718	1.3592864	1.3790367	1.3992225	1.4198438	1.4409003	1.4623916	1.4843169	1.5066755	1.5294664	1.5526883	1.5763399	1.6004197	1.6249257	1.649856	1.6752083	1.7009802	1.727169	1.7537719	1.7807856	1.8082068	1.8360319	1.864257	1.892878
50.0	1.7697019	1.7976353	1.825938	1.8546054	1.8836323	1.9130136	1.9427437	1.9728167	2.0032267	2.0339674	2.0650321	2.0964142	2.1281064	2.1601016	2.1923921	2.22497	2.2578273	2.2909557	2.3243465	2.3579909	2.3918798	2.4260039	2.4603536	2.4949192	2.5296905	2.5646572	2.599809	2.6351349	2.6706242	2.7062655	2.7420475	2.7779587	2.8139871	2.8501209	2.8863477	2.9226552	2.9590309	2.9954619	3.0319353	3.068438	3.1049568	3.1414782	3.1779887	3.2144744	3.2509216	3.2873163	3.3236443	3.3598914	3.3960432	3.4320853	3.468003	3.5037819	3.539407	3.5748637	3.6101369	3.6452119	3.6800735	3.7147068	3.7490966	3.7832279	3.8170856	3.8506544	3.8839193	3.916865	3.9494766	3.9817389	4.0136367	4.0451552	4.0762792	4.1069939	4.1372845	4.1671361	4.1965341	4.2254639	4.2539109	4.2818609	4.3092996	4.3362129	4.3625868	4.3884075	4.4136615	4.4383351	4.4624152	4.4858887	4.5087427	4.5309645	4.5525418	4.5734623	4.5937141	4.6132855	4.6321651	4.6503418	4.6678046	4.6845432	4.7005471	4.7158065	4.7303118	4.7440537	4.7570233	4.7692121	4.7806118	4.7912146	4.8010132	4.8100004	4.8181696	4.8255145	4.8320295	4.837709	4.8425482	4.8465424	4.8496877	4.8519803	4.8534173	4.8539957	4.8537136	4.852569	4.8505608	4.8476881	4.8439508	4.8393489	4.8338833	4.8275551	4.820366	4.8123183	4.8034147	4.7936584	4.7830531	4.7716032	4.7593134	4.7461889	4.7322356	4.7174596	4.7018678	4.6854674	4.6682661	4.6502724	4.6314947	4.6119425	4.5916253	4.5705533	4.5487371	4.5261878	4.5029168	4.4789361	4.4542581	4.4288955	4.4028615	4.3761697	4.3488339	4.3208686	4.2922885	4.2631084	4.2333439	4.2030106	4.1721244	4.1407017	4.108759	4.0763132	4.0433812	4.0099805	3.9761284	3.9418428	3.9071416	3.8720428	3.8365646	3.8007255	3.7645438	3.7280382	3.6912274	3.6541301	3.616765	3.579151	3.541307	3.5032518	3.4650042	3.4265831	3.3880071	3.349295	3.3104654	3.2715368	3.2325275	3.1934559	3.1543401	3.115198	3.0760475	3.0369062	2.9977915	2.9587205	2.9197103	2.8807775	2.8419387	2.8032101	2.7646076	2.7261469	2.6878434	2.649712	2.6117675	2.5740244	2.5364967	2.4991982	2.4621422	2.4253418	2.3888097	2.3525581	2.316599	2.2809439	2.2456041	2.2105904	2.175913	2.1415821	2.1076072	2.0739976	2.0407622	2.0079093	1.975447	1.943383	1.9117245	1.8804784	1.8496512	1.819249	1.7892775	1.7597421	1.7306477	1.7019989	1.6738	1.6460549	1.618767	1.5919397	1.5655756	1.5396775	1.5142473	1.4892871	1.4647984	1.4407825	1.4172403	1.3941726	1.3715798	1.3494621	1.3278194	1.3066513	1.2859573	1.2657366	1.2459882	1.226711	1.2079035	1.1895642	1.1716912	1.1542829	1.137337	1.1208513	1.1048237	1.0892516	1.0741325	1.0594639	1.0452428	1.0314666	1.0181325	1.0052374	0.99277849	0.98075271	0.96915707	0.95798853	0.94724405	0.93692061	0.92701516	0.91752472	0.90844631	0.89977698	0.89151383	0.88365404	0.87619481	0.86913342	0.86246722	0.85619365	0.85031022	0.84481453	0.83970428	0.83497727	0.83063141	0.8266647	0.82307528	0.81986136	0.81702133	0.81455364	0.81245691	0.81072986	0.80937135	0.80838035	0.80775599	0.80749749	0.80760423	0.80807572	0.80891157	0.81011154	0.81167552	0.81360352	0.81589565	0.81855218	0.82157346	0.82495999	0.82871235	0.83283125	0.83731749	0.84217198	0.84739571	0.85298979	0.85895538	0.86529375	0.87200623	0.87909421	0.88655918	0.89440265	0.90262619	0.91123144	0.92022004	0.9295937	0.93935411	0.94950303	0.96004219	0.97097334	0.98229823	0.99401859	1.0061361	1.0186526	1.0315695	1.0448886	1.0586114	1.0727394	1.0872741	1.1022168	1.1175688	1.1333314	1.1495057	1.1660926	1.1830931	1.2005079	1.2183378	1.2365832	1.2552446	1.2743222	1.2938162	1.3137264	1.3340526	1.3547946	1.3759516	1.3975231	1.419508	1.4419052	1.4647134	1.4879312	1.5115566	1.535588	1.560023	1.5848593	1.6100943	1.6357251	1.6617488	1.6881619	1.7149611	1.7421424
51.0	1.6249141	1.6513882	1.6782186	1.7054011	1.7329307	1.7608028	1.789012	1.8175529	1.8464199	1.875607	1.9051081	1.9349166	1.9650259	1.9954291	2.0261189	2.057088	2.0883286	2.1198327	2.1515922	2.1835986	2.2158433	2.2483173	2.2810115	2.3139165	2.3470226	2.38032	2.4137986	2.4474481	2.481258	2.5152174	2.5493156	2.5835412	2.617883	2.6523294	2.6868685	2.7214886	2.7561773	2.7909225	2.8257116	2.860532	2.8953708	2.9302152	2.9650519	2.9998678	3.0346493	3.0693831	3.1040553	3.1386523	3.1731602	3.2075649	3.2418524	3.2760085	3.3100189	3.3438694	3.3775454	3.4110325	3.4443163	3.4773821	3.5102153	3.5428014	3.5751257	3.6071735	3.6389302	3.6703811	3.7015117	3.7323072	3.7627531	3.7928348	3.822538	3.851848	3.8807507	3.9092317	3.9372768	3.9648719	3.992003	4.0186563	4.044818	4.0704745	4.0956123	4.1202181	4.1442788	4.1677814	4.1907131	4.2130613	4.2348137	4.2559581	4.2764824	4.2963751	4.3156246	4.3342197	4.3521495	4.3694033	4.3859708	4.4018417	4.4170064	4.4314553	4.4451793	4.4581695	4.4704176	4.4819152	4.4926547	4.5026287	4.51183	4.5202521	4.5278887	4.5347339	4.5407823	4.5460289	4.5504689	4.5540983	4.5569133	4.5589105	4.5600872	4.5604408	4.5599695	4.5586717	4.5565465	4.5535933	4.549812	4.545203	4.5397673	4.5335061	4.5264214	4.5185154	4.5097911	4.5002518	4.4899012	4.4787437	4.466784	4.4540275	4.4404799	4.4261474	4.4110368	4.3951553	4.3785105	4.3611107	4.3429643	4.3240804	4.3044687	4.2841389	4.2631015	4.2413674	4.2189477	4.1958542	4.1720988	4.1476941	4.1226528	4.0969882	4.0707138	4.0438436	4.0163917	3.9883729	3.959802	3.9306941	3.9010648	3.8709299	3.8403052	3.8092073	3.7776524	3.7456573	3.7132389	3.6804144	3.6472009	3.6136159	3.579677	3.5454018	3.5108081	3.4759139	3.4407369	3.4052953	3.369607	3.3336903	3.297563	3.2612434	3.2247494	3.1880991	3.1513104	3.1144012	3.0773893	3.0402924	3.003128	2.9659138	2.9286668	2.8914043	2.8541432	2.8169004	2.7796924	2.7425356	2.7054461	2.6684399	2.6315325	2.5947394	2.5580758	2.5215564	2.4851959	2.4490084	2.4130079	2.3772081	2.3416222	2.3062633	2.2711439	2.2362763	2.2016724	2.1673438	2.1333018	2.0995572	2.0661203	2.0330014	2.0002102	1.9677559	1.9356477	1.9038939	1.8725029	1.8414825	1.8108401	1.7805827	1.7507171	1.7212495	1.692186	1.663532	1.6352927	1.6074731	1.5800775	1.5531101	1.5265746	1.5004745	1.474813	1.4495926	1.424816	1.4004851	1.3766019	1.3531678	1.330184	1.3076516	1.2855711	1.2639429	1.2427671	1.2220438	1.2017724	1.1819523	1.1625829	1.1436631	1.1251915	1.107167	1.0895877	1.072452	1.055758	1.0395036	1.0236866	1.0083046	0.99335525	0.97883591	0.96474395	0.95107664	0.93783115	0.92500459	0.91259402	0.90059647	0.88900889	0.87782825	0.86705147	0.85667547	0.84669718	0.83711353	0.82792147	0.81911797	0.81070004	0.80266473	0.79500915	0.78773045	0.78082584	0.77429263	0.76812818	0.76232993	0.75689542	0.75182229	0.74710825	0.74275115	0.73874893	0.73509962	0.73180141	0.72885257	0.7262515	0.72399674	0.72208693	0.72052087	0.71929747	0.71841575	0.71787491	0.71767423	0.71781316	0.71829127	0.71910825	0.72026392	0.72175825	0.72359131	0.72576331	0.72827457	0.73112555	0.73431681	0.73784903	0.74172299	0.74593959	0.75049982	0.75540477	0.76065563	0.76625368	0.77220026	0.77849681	0.78514485	0.79214593	0.79950169	0.80721382	0.81528405	0.82371415	0.83250594	0.84166125	0.85118195	0.86106989	0.87132698	0.88195507	0.89295605	0.90433177	0.91608406	0.92821474	0.94072556	0.95361824	0.96689447	0.98055585	0.99460392	1.0090402	1.0238659	1.0390826	1.0546913	1.0706931	1.087089	1.10388	1.1210667	1.1386497	1.1566296	1.1750066	1.1937809	1.2129526	1.2325215	1.2524873	1.2728494	1.2936073	1.31476	1.3363065	1.3582456	1.3805757	1.4032953	1.4264024	1.449895	1.4737708	1.4980272	1.5226615	1.5476707	1.5730515	1.5988005